slide,y_pred0,y_pred1,y_pred2,y_pred3,y_pred4,y_pred_class,y_pred_label
01BR001-0684a407-f446-486d-9160-b483cb,0.23343674838542938,0.01667948253452778,0.5809062719345093,0.13796210289001465,0.031015368178486824,2,2
01BR001-09b84012-cb83-4c2e-a33b-ebdb1b,0.15287362039089203,0.026855330914258957,0.5479791164398193,0.24818077683448792,0.024111144244670868,2,2
01BR001-17d55745-4ab3-4a80-a182-af938b,0.21245047450065613,0.023039469495415688,0.47497379779815674,0.2534961700439453,0.036040086299180984,2,2
01BR001-45196bfe-2f9f-41ff-beea-df78b6,0.28210052847862244,0.013515256345272064,0.5458423495292664,0.11678753048181534,0.041754260659217834,2,2
01BR001-4ffefc66-d0ba-4a36-b4fa-35bd91,0.04398803412914276,0.01515998411923647,0.5626664757728577,0.011761239729821682,0.3664242625236511,2,2
01BR001-52216745-06b5-4ac9-b8a8-a6924d,0.15740635991096497,0.018570108339190483,0.7029295563697815,0.08148551732301712,0.03960847482085228,2,2
01BR001-fe90ef44-d17c-4ff7-877d-2c7fcb,0.3130953907966614,0.016701238229870796,0.4851853847503662,0.15079548954963684,0.034222494810819626,2,2
01BR008-32269c0c-3ca2-4de1-b314-e9b07c,0.1807078719139099,0.020786432549357414,0.5785126686096191,0.03176533058285713,0.18822771310806274,2,2
01BR008-352b41b1-f229-45ff-8a6f-fc1e83,0.5500538349151611,0.018175732344388962,0.2511367201805115,0.04551074281334877,0.13512298464775085,0,0
01BR008-6c59aee1-e310-476f-a15f-d42cb0,0.16505469381809235,0.012089826166629791,0.6226098537445068,0.01638309471309185,0.1838625967502594,2,2
01BR008-cfa2809f-5468-4457-870c-467c39,0.8084535002708435,0.009310336783528328,0.051073651760816574,0.08279624581336975,0.04836626350879669,0,0
01BR008-f8dad8a9-2787-4940-804b-17d53e,0.04157668352127075,0.007234035059809685,0.7404890060424805,0.00518684322014451,0.2055133879184723,2,2
01BR009-0ecabbfa-8095-4875-acdb-051582,0.5345464944839478,0.010258624330163002,0.3278113305568695,0.09869468212127686,0.028688887134194374,0,0
01BR009-91dc9191-3581-483a-819d-090a8b,0.5773370265960693,0.03555833920836449,0.15241748094558716,0.08022284507751465,0.15446430444717407,0,0
01BR009-be7b98ff-aced-4197-9295-245469,0.42166972160339355,0.02393919602036476,0.39667975902557373,0.09138724952936172,0.06632409244775772,0,0
01BR010-26ecef2d-fcf3-4b85-9647-5e5d29,0.5654777884483337,0.02114926651120186,0.2730494737625122,0.10991501808166504,0.030408427119255066,0,0
01BR010-6a7b1cca-d727-4f7e-b4cf-b1dc68,0.35114651918411255,0.05876557528972626,0.28067898750305176,0.2061479538679123,0.10326100885868073,0,0
01BR010-756e7cd6-ecc6-4f07-9b66-080b95,0.07708874344825745,0.042819250375032425,0.7681537866592407,0.054779164493083954,0.057159122079610825,2,2
01BR015-3746a6f5-1f2d-40f8-890e-bbec91,0.04331935942173004,0.01504947617650032,0.5913285613059998,0.013189012184739113,0.3371136486530304,2,2
01BR015-42cc89e1-a896-4f57-b8d9-e7fe56,0.18159174919128418,0.015472928062081337,0.5897666215896606,0.17520268261432648,0.03796602413058281,2,2
01BR015-ab0986a3-3894-4b82-90de-77df10,0.2773991823196411,0.03984016552567482,0.31329306960105896,0.2701353430747986,0.09933222830295563,2,2
01BR015-cbc186aa-f67c-4c0b-a011-7cfe3a,0.050800587981939316,0.009823977015912533,0.6422425508499146,0.019636264070868492,0.27749666571617126,2,2
01BR015-d2f462c3-78f9-4e62-896e-feeb89,0.08574391901493073,0.019921019673347473,0.6833128929138184,0.013159827329218388,0.19786232709884644,2,2
01BR015-f5e22727-85d9-44c4-8143-141fa7,0.13553451001644135,0.03709479793906212,0.6557971239089966,0.09622535854578018,0.07534820586442947,2,2
01BR017-09659708-7747-4d59-a3b9-e221e0,0.7971977591514587,0.014115110039710999,0.08816145360469818,0.05423364043235779,0.04629205912351608,0,0
01BR017-0c7c8dfb-ef95-4fee-a695-63b786,0.7253381013870239,0.018516844138503075,0.13096308708190918,0.09828400611877441,0.02689795196056366,0,0
01BR018-372816b0-b5d0-437a-bad7-4720f4,0.5056225061416626,0.010024364106357098,0.4196672737598419,0.03901612013578415,0.025669768452644348,0,0
01BR018-b617ca44-7efc-44b7-8198-177cf0,0.5625593066215515,0.011585860513150692,0.28395402431488037,0.0946204662322998,0.04728036746382713,0,0
01BR018-d154d194-2b08-46d4-a199-84cfb8,0.5059853792190552,0.01702246628701687,0.2757909893989563,0.15370647609233856,0.04749472811818123,0,0
01BR018-ff622e7e-eaaa-4118-98a8-888e03,0.34269940853118896,0.02605239860713482,0.4868834316730499,0.08588003367185593,0.05848465487360954,2,2
01BR020-3fd68501-514a-4a30-9ce1-2fca26,0.3600226938724518,0.02939494326710701,0.38968032598495483,0.1890287846326828,0.031873252242803574,2,2
01BR020-7fb8fff9-3bad-4380-9cd8-87424a,0.1572888344526291,0.02434120513498783,0.692126989364624,0.04932107403874397,0.07692192494869232,2,2
01BR020-ae39e0b3-ea37-47e0-a0bc-94be4e,0.12113279849290848,0.011477304622530937,0.7835767269134521,0.021874886006116867,0.06193830445408821,2,2
01BR020-f13b2dff-9f46-4c80-aaad-611a77,0.22448673844337463,0.040214959532022476,0.5723835229873657,0.08203402161598206,0.08088072389364243,2,2
01BR020-f594968c-3bc6-4d05-9499-99a6ad,0.09326985478401184,0.015868082642555237,0.6783764362335205,0.015123806893825531,0.19736182689666748,2,2
01BR023-7aa930f5-4933-4cea-9f24-a132f7,0.07792506366968155,0.010112499818205833,0.8341249823570251,0.02325604297220707,0.054581377655267715,2,2
01BR023-87192ab5-9b6a-405d-8dbd-9daf7e,0.10095713287591934,0.0069107054732739925,0.7936640381813049,0.053902678191661835,0.04456548020243645,2,2
01BR023-c875a9a4-035f-425a-9348-26129c,0.028408050537109375,0.003867256222292781,0.9093996286392212,0.03534115478396416,0.022983873263001442,2,2
01BR023-d57e2812-f7df-454f-b392-5dd75f,0.0461585707962513,0.0032114884816110134,0.9147314429283142,0.01751049980521202,0.018387995660305023,2,2
01BR023-ff090d2c-4e0e-4d86-8412-f5e392,0.05735370144248009,0.007221488747745752,0.8548266291618347,0.016536839306354523,0.06406126916408539,2,2
01BR025-6bff7669-f33e-49b3-9567-0c397e,0.016556857153773308,0.008448418229818344,0.9145858287811279,0.02018997073173523,0.040218960493803024,2,2
01BR025-8592b456-77df-4bb5-989a-304771,0.04908042773604393,0.012676888145506382,0.8758183121681213,0.031264014542102814,0.031160367652773857,2,2
01BR025-8d33866a-54b1-4fba-ae84-ef4324,0.00985126756131649,0.007874376140534878,0.8639115691184998,0.016697697341442108,0.10166505724191666,2,2
01BR025-a93bcee2-8d3b-4665-90c7-0119aa,0.08604733645915985,0.010726106353104115,0.8108282089233398,0.027312979102134705,0.06508541852235794,2,2
01BR025-bc811591-bfa9-424d-bb69-895fdd,0.019042838364839554,0.0057122414000332355,0.888608455657959,0.011266762390732765,0.07536962628364563,2,2
01BR025-d6d42051-ad8e-4fb2-8cfc-829353,0.026860689744353294,0.009376569651067257,0.8658146262168884,0.08106178045272827,0.016886262223124504,2,2
01BR026-0f9b1f0c-742d-453d-9232-c7cc0c,0.3746030330657959,0.05917500704526901,0.4244258999824524,0.06786561012268066,0.07393039017915726,2,2
01BR026-58a48d14-52ae-42b3-9d12-6bc844,0.14791828393936157,0.02621796354651451,0.65105801820755,0.09453991055488586,0.08026579022407532,2,2
01BR026-884659ef-cce7-4b4a-b28b-0e1f49,0.22187168896198273,0.018648425117135048,0.5542452931404114,0.053390584886074066,0.15184400975704193,2,2
01BR027-0ad3c4d2-928f-435e-aca3-b5587a,0.183424711227417,0.019051186740398407,0.6631478667259216,0.030364075675606728,0.10401219129562378,2,2
01BR027-1990853a-0e82-40b3-a025-91cdc1,0.38093680143356323,0.019896823912858963,0.32365882396698,0.25253185629844666,0.022975631058216095,0,0
01BR027-1ee8127a-ff87-49fe-a2f4-398d08,0.30992019176483154,0.04267824441194534,0.4803844690322876,0.03465787693858147,0.13235914707183838,2,2
01BR027-64ee175f-f3ce-446e-bbf4-9b6fa8,0.10786086320877075,0.013678820803761482,0.5860043168067932,0.00629497179761529,0.28616100549697876,2,2
01BR027-ba7369f0-13fd-47be-b680-ecc260,0.6155878901481628,0.023429330438375473,0.26441121101379395,0.07139285653829575,0.025178706273436546,0,0
01BR027-be05f040-6265-45bf-98bd-c93df2,0.2747141420841217,0.02686135284602642,0.5522052049636841,0.09639288485050201,0.049826450645923615,2,2
01BR027-c8c553f4-d32e-4363-b3b4-754b8e,0.6695115566253662,0.014107197523117065,0.19788268208503723,0.09360256791114807,0.02489599585533142,0,0
01BR030-1f5a9aad-61a1-4a64-a9b0-38cd2b,0.3274635672569275,0.014046487398445606,0.3155134916305542,0.3067525625228882,0.03622386232018471,0,0
01BR030-6e598525-34d9-4355-af70-e56f92,0.5235411524772644,0.04341757297515869,0.22777412831783295,0.1567215919494629,0.04854558780789375,0,0
01BR030-cd28e2a2-dfc4-4176-a77c-388162,0.2250821888446808,0.024145429953932762,0.5302090048789978,0.1389526128768921,0.08161075413227081,2,2
01BR030-e9ac0447-658b-4d4f-a6b5-f0e546,0.05430416762828827,0.047654882073402405,0.7141463160514832,0.09491806477308273,0.08897661417722702,2,2
01BR030-f3cf4b6c-c7bc-42cb-a005-99e924,0.15622945129871368,0.033369507640600204,0.604702889919281,0.1405431032180786,0.06515508890151978,2,2
01BR031-223a7222-d281-4bc3-865b-f774e2,0.6839236617088318,0.01526837982237339,0.1889687180519104,0.06748875230550766,0.04435043781995773,0,0
01BR031-88b01079-a734-48dc-beb6-a7e01e,0.31149742007255554,0.01909632980823517,0.5815736651420593,0.04152330756187439,0.04630926996469498,2,2
01BR031-96c52a27-3d9a-49e7-8ae8-a71e7c,0.7630769610404968,0.011639174073934555,0.1308506578207016,0.06680453568696976,0.027628671377897263,0,0
01BR031-9a7a5a9a-f268-4cb6-bf68-73ee90,0.5681580901145935,0.01696695201098919,0.2827879786491394,0.08225151151418686,0.04983546957373619,0,0
01BR032-05415eac-9d5b-4778-844d-10e87a,0.2955980896949768,0.017241325229406357,0.4780505299568176,0.14699596166610718,0.06211411952972412,2,2
01BR032-08cd7236-e3b2-4ff8-a0e4-a29025,0.7970479726791382,0.0061964234337210655,0.05968905985355377,0.060855697840452194,0.07621090859174728,0,0
01BR032-26375bc1-4b1c-4156-a5cb-aa50f4,0.3839089870452881,0.014556207694113255,0.41283926367759705,0.1334373652935028,0.055258169770240784,2,2
01BR032-424a92f6-54f7-407c-99e8-5e3396,0.3296288847923279,0.012361293658614159,0.5219652056694031,0.08123359829187393,0.054811060428619385,2,2
01BR032-e5e1306b-719e-4c3e-b85b-fd1231,0.2664293944835663,0.012309419922530651,0.5498891472816467,0.11180279403924942,0.05956922844052315,2,2
01BR033-3329b802-e49f-4494-b645-868a25,0.11038223654031754,0.056338585913181305,0.534079909324646,0.065188467502594,0.23401081562042236,2,2
01BR033-51169051-52ff-4b66-96a0-86f3f4,0.022333340719342232,0.03403441607952118,0.8080717325210571,0.041301846504211426,0.09425871074199677,2,2
01BR033-95c7fa7b-05b5-4b37-be5f-cf882e,0.10073353350162506,0.06983500719070435,0.44979342818260193,0.2252596616744995,0.15437841415405273,2,2
01BR033-c646b902-e1e0-4e3e-a4c5-daca71,0.10873144865036011,0.08726154267787933,0.42624324560165405,0.16060955822467804,0.21715420484542847,2,2
01BR040-4a25e3da-2226-4e23-a595-c11709,0.7684646248817444,0.014031329192221165,0.09422379732131958,0.06404232233762741,0.05923789367079735,0,0
01BR040-4d95198c-ff9e-493d-8c10-106457,0.04122590273618698,0.0101780341938138,0.6341243982315063,0.011644028127193451,0.3028276562690735,2,2
01BR040-7a6b801c-3099-43ac-bd2b-d2f1c3,0.053184036165475845,0.010531626641750336,0.6278295516967773,0.011076549999415874,0.2973783016204834,2,2
01BR040-f9a0cd33-c76c-42ab-8876-c6d26a,0.5443269610404968,0.03800629451870918,0.24251320958137512,0.08461536467075348,0.09053816646337509,0,0
01BR042-078b1b83-8390-47aa-a591-ced590,0.6432040333747864,0.056759390980005264,0.15243856608867645,0.10442572087049484,0.04317223280668259,0,0
01BR042-1528969,0.16106221079826355,0.04702137038111687,0.5652339458465576,0.14142188429832458,0.08526057749986649,2,2
01BR042-4df35993-eab6-4289-822c-d77da9,0.21618999540805817,0.083385169506073,0.4572679102420807,0.16010332107543945,0.0830535888671875,2,2
01BR042-7878626f-34a4-44c1-886c-bcf853,0.031054750084877014,0.018840007483959198,0.6044149994850159,0.02192595787346363,0.32376426458358765,2,2
01BR042-7a601630-de0b-4ebd-83e4-8b27b3,0.0464513786137104,0.012501652352511883,0.7709048390388489,0.009596326388418674,0.16054585576057434,2,2
01BR042-8030facb-2100-4349-9120-3c84a3,0.18886667490005493,0.037443362176418304,0.621315062046051,0.11270693689584732,0.039667919278144836,2,2
01BR042-8e8f8e44-d8ef-49de-9d4e-da6e3f,0.04761321097612381,0.025180216878652573,0.47390374541282654,0.024356964975595474,0.4289458692073822,2,2
01BR042-c42470e1-a0c6-418a-9c8f-4f6e4e,0.6882209777832031,0.043907105922698975,0.10478366166353226,0.09502751380205154,0.06806075572967529,0,0
01BR042-c8cecb9a-3c9f-4fe9-97a4-00400f,0.621174693107605,0.1010628193616867,0.07727398723363876,0.07197625935077667,0.12851212918758392,0,0
01BR042-de60c13a-d8b5-4476-ac87-ea1e05,0.2316586822271347,0.04994262754917145,0.43557050824165344,0.021725311875343323,0.2611028552055359,2,2
01BR043-a51548ca-b056-4218-bf6e-53cf5a,0.35055145621299744,0.0197339728474617,0.5309901833534241,0.04162822663784027,0.0570962056517601,2,2
01BR043-c4015b28-269b-4dc4-8b2e-1b83f7,0.3084896504878998,0.04090211167931557,0.5191985964775085,0.057004280388355255,0.07440527528524399,2,2
01BR043-fcb8ec43-9ac0-44d6-a9af-d5affd,0.35770848393440247,0.0436534509062767,0.4467627704143524,0.025348862633109093,0.12652646005153656,2,2
03BR002-5043d744-7068-49a5-bab0-bf3524,0.01091298833489418,0.018531613051891327,0.8454113602638245,0.05980531498789787,0.06533877551555634,2,2
03BR002-837e179b-3840-4aed-a62f-e3073a,0.017812209203839302,0.007910079322755337,0.8805030584335327,0.027530957013368607,0.0662437379360199,2,2
03BR002-ca576d30-be91-4bf5-a31d-80f7eb,0.014605065807700157,0.018998242914676666,0.8244162201881409,0.07942347973585129,0.06255698949098587,2,2
03BR004-4683de9c-49ca-4ddd-9d1a-be8121,0.051127512007951736,0.008736136369407177,0.8432621955871582,0.07752675563097,0.019347460940480232,2,2
03BR004-6de0c179-e588-4cfc-9f37-04ae93,0.03189927712082863,0.012444349937140942,0.8169077038764954,0.11666466295719147,0.02208402380347252,2,2
03BR004-fb43e8d5-50ba-48ec-b2cd-808796,0.018435968086123466,0.0054708863608539104,0.8737326264381409,0.08853227645158768,0.013828285969793797,2,2
03BR005-7bd93924-407e-4d65-b595-b9b8f2,0.023748142644762993,0.009432893246412277,0.5458371639251709,0.008207284845411777,0.41277453303337097,2,2
03BR005-96c95de1-514b-44a5-b487-dc390b,0.06944172829389572,0.00993292685598135,0.6470463871955872,0.0142140444368124,0.2593649625778198,2,2
03BR006-071be0fb-b7fd-4165-b3c5-348352,0.5643470287322998,0.005919310729950666,0.26557040214538574,0.12983843684196472,0.03432482108473778,0,0
03BR006-b3160d68-1004-43fb-a2d6-d114a3,0.45288383960723877,0.011623556725680828,0.38047993183135986,0.12342711538076401,0.03158554062247276,0,0
03BR006-beaecafd-0aa8-40bb-8696-eb6ad8,0.681203305721283,0.0043129026889801025,0.10777439177036285,0.17070168256759644,0.036007706075906754,0,0
03BR010-49f55bd6-a89a-4d18-b732-139c3d,0.02377517893910408,0.005324189085513353,0.8744932413101196,0.07446633279323578,0.02194099687039852,2,2
03BR010-75d60147-1986-49da-a10a-d459e3,0.019271543249487877,0.006465459242463112,0.8467975854873657,0.108065165579319,0.019400203600525856,2,2
03BR010-cc240346-44dd-4d54-baf7-aa97eb,0.03844662755727768,0.01772858202457428,0.7828444242477417,0.09744250029325485,0.06353788077831268,2,2
03BR010-cdde7b93-8293-48a9-9c70-7935c5,0.01930306851863861,0.01511341705918312,0.7961766719818115,0.08004969358444214,0.08935721218585968,2,2
03BR011-3a210a6b-bdf1-4407-94c8-7bb085,0.011206039227545261,0.013217546977102757,0.855873703956604,0.051925692707300186,0.067777119576931,2,2
03BR011-60c8c914-f53d-4f72-a1ce-5fb803,0.016727389767766,0.020366713404655457,0.7364266514778137,0.15066100656986237,0.07581822574138641,2,2
03BR011-b974c340-0da5-49b2-a12e-c2928c,0.014591892249882221,0.006998946890234947,0.8921619653701782,0.030163444578647614,0.05608373507857323,2,2
03BR011-c21c52d9-2a66-4c6d-aa1b-f950ef,0.0196247361600399,0.009552687406539917,0.8560017943382263,0.04992363974452019,0.06489711999893188,2,2
03BR013-01f203fd-e664-4d78-bea0-7c40cf,0.04417630657553673,0.02962847799062729,0.7477551102638245,0.12042221426963806,0.05801781639456749,2,2
03BR013-1a268199-96e4-486b-a7ec-95344c,0.011116537265479565,0.007085298653692007,0.9110397696495056,0.03166910633444786,0.03908928111195564,2,2
03BR013-bf51b8a5-c19d-48b7-9bd6-371258,0.0228396188467741,0.01201202254742384,0.7989653944969177,0.1383708417415619,0.027812018990516663,2,2
03BR013-d0dd0347-9b0f-46fe-8d62-bf17f3,0.013619557023048401,0.008618507534265518,0.9067940711975098,0.03596515581011772,0.03500267490744591,2,2
05BR001-55d3d4bb-0bf5-4b4e-8ef8-d77a5d,0.20439116656780243,0.05496543273329735,0.469390869140625,0.18268075585365295,0.0885717123746872,2,2
05BR001-8169ff83-1e64-4ad7-9e09-f4d0a4,0.21606048941612244,0.03727024793624878,0.5035998821258545,0.18834397196769714,0.05472543090581894,2,2
05BR001-e8d558c5-1384-4f8e-92c6-7f9703,0.18073521554470062,0.028905918821692467,0.49904945492744446,0.23248280584812164,0.05882658436894417,2,2
05BR003-3b10c68f-43af-4570-9eb7-651fe8,0.007554878946393728,0.006136062555015087,0.86871737241745,0.03559291735291481,0.08199874311685562,2,2
05BR003-c068f33d-49db-4e73-b31d-0efc93,0.009998183697462082,0.0058089750818908215,0.8985039591789246,0.05195576697587967,0.03373313695192337,2,2
05BR003-ffc76bfb-61f6-4492-a782-c23321,0.07371313124895096,0.00728725828230381,0.8037667274475098,0.03411199152469635,0.08112088590860367,2,2
05BR004-4802f557-421b-450e-a033-8b6747,0.017876433208584785,0.01129530742764473,0.7908779978752136,0.04301147907972336,0.13693876564502716,2,2
05BR004-71e07184-b085-4d3d-aabf-6e1420,0.008890040218830109,0.004793587606400251,0.8580814599990845,0.05094923824071884,0.07728563249111176,2,2
05BR004-87256be4-f6a5-43ba-8030-c5666f,0.020447449758648872,0.02048233523964882,0.5366945862770081,0.06796256452798843,0.35441309213638306,2,2
05BR005-6838157f-361d-4e95-b933-35bd46,0.025013290345668793,0.01567629911005497,0.8811042904853821,0.049396537244319916,0.02880953624844551,2,2
05BR005-c6e0280a-f739-474e-9bcd-821221,0.015009002760052681,0.006152159068733454,0.9472160935401917,0.02274567075073719,0.008877073414623737,2,2
05BR009-48d1b543-dbf6-4594-b34a-d0e30a,0.02837783470749855,0.013916118070483208,0.6865921020507812,0.022113321349024773,0.24900054931640625,2,2
05BR009-5a868e78-9af2-4d4c-93dd-5d06d1,0.03151366859674454,0.009895195253193378,0.6305084228515625,0.015488731674849987,0.3125939667224884,2,2
05BR009-c653d9c8-16fe-4dae-b6a5-c3cb8e,0.037424132227897644,0.01126386784017086,0.7245432138442993,0.022074781358242035,0.2046939581632614,2,2
05BR016-1861980b-16cc-40f8-be01-1aacc7,0.028641996905207634,0.006705860141664743,0.6841712594032288,0.2691417932510376,0.011339090764522552,2,2
05BR016-3f957017-d081-45f4-b458-ec3f8d,0.05799119174480438,0.005173692014068365,0.7153738737106323,0.20832428336143494,0.013136961497366428,2,2
05BR026-129482fa-fd38-4502-902a-96a2bd,0.11458438634872437,0.007230803370475769,0.7354355454444885,0.031687743961811066,0.11106149852275848,2,2
05BR026-300eb95c-71ac-433f-bd06-e0c486,0.014190313406288624,0.004585700575262308,0.9221854209899902,0.013104384765028954,0.04593417048454285,2,2
05BR026-c19af02c-8e00-4169-9d43-c60995,0.016459783539175987,0.00856891181319952,0.8338897228240967,0.025679731741547585,0.11540185660123825,2,2
05BR029-1dbc76a2-76bf-44fb-8663-923093,0.39557886123657227,0.007930492050945759,0.07211846858263016,0.3870100677013397,0.13736209273338318,0,0
05BR029-6f654835-8546-4ec0-abfb-437f8a,0.4591329097747803,0.011444398202002048,0.08018991351127625,0.3269408047199249,0.1222919374704361,0,0
05BR029-7ac27de9-0932-4ff5-aab8-29c527,0.09500034153461456,0.012791800312697887,0.583329975605011,0.019227584823966026,0.2896503806114197,2,2
05BR029-7f876327-3976-4cc5-a07b-3a469d,0.07980341464281082,0.015727199614048004,0.5311754941940308,0.028325647115707397,0.3449682593345642,2,2
05BR029-afd16022-38d1-4e61-8519-80e355_1,0.741214394569397,0.01131366565823555,0.04512600600719452,0.14309874176979065,0.059247277677059174,0,0
05BR029-afd16022-38d1-4e61-8519-80e355_2,0.6729593276977539,0.015173566527664661,0.05699906870722771,0.16316688060760498,0.09170110523700714,0,0
05BR029-afd16022-38d1-4e61-8519-80e355_3,0.7030904293060303,0.021917112171649933,0.045282941311597824,0.12953487038612366,0.1001746654510498,0,0
05BR029-c5c7be2d-0a92-46c9-adf5-1c2fff,0.10213734209537506,0.035601578652858734,0.4828289747238159,0.06738584488630295,0.3120462894439697,2,2
05BR029-d0ce3c06-9c4c-41bd-b583-9254b0,0.7030898332595825,0.021917058154940605,0.045283131301403046,0.12953518331050873,0.10017473250627518,0,0
05BR038-4a5ceb1e-4c30-4386-86ff-8f49a8,0.028951270505785942,0.011121784336864948,0.9010114669799805,0.018620945513248444,0.04029453545808792,2,2
05BR038-b27211b5-7ee1-4e3a-af73-e227b1,0.02255363017320633,0.01566293090581894,0.8972960114479065,0.04939458891749382,0.01509286742657423,2,2
05BR042-03b1dd0a-cf2b-4d30-a959-824dd7,0.04119580611586571,0.010001464746892452,0.7643731832504272,0.019380958750844002,0.16504859924316406,2,2
05BR042-812f981e-342b-428f-833b-088213,0.3273511826992035,0.03752513602375984,0.49963852763175964,0.08981365710496902,0.045671526342630386,2,2
05BR042-9992e6a0-ccce-4cb6-8efa-d53c8e,0.08746734261512756,0.02059238776564598,0.6037182807922363,0.03822159394621849,0.2500004172325134,2,2
05BR042-9dae1c88-5ae9-45b3-9464-c9c6a9,0.3340786397457123,0.01656319387257099,0.542190432548523,0.06411972641944885,0.043047964572906494,2,2
05BR042-eacd6ed1-4902-4460-831a-08ca2b,0.03623652458190918,0.024098332971334457,0.6969886422157288,0.029596148058772087,0.21308034658432007,2,2
05BR043-053822ad-fb86-41a4-b481-186232,0.07201819866895676,0.012793255038559437,0.5428463220596313,0.007317439652979374,0.36502474546432495,2,2
05BR043-3e60e5e5-7d0a-464f-9b27-1179bd,0.2454426884651184,0.05615122616291046,0.45548930764198303,0.1918911188840866,0.05102566257119179,2,2
05BR043-51237920-ce43-4667-888e-ab5f70,0.05861610546708107,0.019747775048017502,0.5478665232658386,0.01852569915354252,0.35524389147758484,2,2
05BR043-6eaf19bf-dd93-4b0b-93c5-e2bca3,0.36814823746681213,0.035274937748909,0.38768696784973145,0.14237937331199646,0.06651042401790619,2,2
05BR043-8427fcfa-5148-4443-9dd3-15fbf2,0.19103950262069702,0.049398552626371384,0.5447180271148682,0.16370438039302826,0.051139507442712784,2,2
05BR044-75cc14b4-295b-4385-b8b6-b05fa5,0.09448235481977463,0.020165644586086273,0.661109447479248,0.019841454923152924,0.2044011354446411,2,2
05BR044-d14f8327-a44a-4162-8f82-c70b0f,0.07401672005653381,0.015231975354254246,0.7730461359024048,0.018343795090913773,0.11936137825250626,2,2
05BR044-ee1ff4e2-97d8-4db3-8c48-ca72da,0.08983545750379562,0.029962539672851562,0.7609317898750305,0.08232227712869644,0.03694797307252884,2,2
05BR045-0c729022-9c7d-4094-b2f7-6be7fa,0.0953543409705162,0.016757290810346603,0.7627449035644531,0.10254165530204773,0.022601867094635963,2,2
05BR045-43ee71f4-d891-49ae-b88d-c535cb,0.08666151016950607,0.017664887011051178,0.674699604511261,0.01481665764003992,0.20615732669830322,2,2
05BR045-6f596915-7781-4d67-b012-bedcd5,0.05948091298341751,0.011865997686982155,0.6382574439048767,0.008571280166506767,0.28182438015937805,2,2
05BR045-c9f7d90d-93b6-47bc-8dc5-274004,0.044269029051065445,0.01975073851644993,0.8287245631217957,0.08806107193231583,0.019194530323147774,2,2
05BR045-fd2d8d66-5c72-4660-b95a-718ae1,0.04854968190193176,0.011641845107078552,0.721052348613739,0.19606946408748627,0.022686617448925972,2,2
06BR003-31b13596-554e-452f-91a4-7e67a8,0.04625914618372917,0.008026164956390858,0.8403519988059998,0.07904237508773804,0.026320358738303185,2,2
06BR003-4f6b74fb-8b2e-40e2-87a5-02817e,0.06616900116205215,0.013867982663214207,0.7324469685554504,0.1333649605512619,0.05415107682347298,2,2
06BR003-eaead850-f98d-4156-9c06-2fc217,0.05384691432118416,0.013343657366931438,0.794726550579071,0.07812601327896118,0.05995693430304527,2,2
06BR005-25db2586-55b0-4456-9bba-c24e06,0.03415360301733017,0.016655800864100456,0.7589672207832336,0.16348640620708466,0.026736978441476822,2,2
06BR005-985f9f08-31c0-4427-a669-d3cd08,0.02183028683066368,0.014830981381237507,0.7269992232322693,0.19100017845630646,0.045339278876781464,2,2
06BR005-a2d93c28-156a-43dc-a587-5edcbf,0.02065942995250225,0.007645337376743555,0.8853751420974731,0.023329628631472588,0.06299047917127609,2,2
06BR005-f8057e73-15c4-4e87-89c6-b2bf98,0.06532061100006104,0.0060140760615468025,0.7755715847015381,0.10158772021532059,0.05150594562292099,2,2
06BR006-3799eeb5-c966-4059-a78f-ace269,0.038732439279556274,0.013705102726817131,0.7579540610313416,0.029979199171066284,0.15962925553321838,2,2
06BR006-dac22a3e-dafb-4fe0-bdb5-a64555,0.009994220919907093,0.006696093361824751,0.8715015649795532,0.012802987359464169,0.09900504350662231,2,2
06BR006-e184441b-c087-4c93-94b3-1357ce,0.01537279225885868,0.004245284479111433,0.9098867177963257,0.0115303760394454,0.05896482989192009,2,2
06BR014-394bb538-0618-46ed-b807-983fb7,0.006862678099423647,0.00352249457500875,0.9395998120307922,0.03141343593597412,0.018601618707180023,2,2
06BR014-b2d62dca-3741-4d59-92b8-bdcfed,0.0027178716845810413,0.0015211269492283463,0.962030291557312,0.01917188987135887,0.0145588219165802,2,2
09BR001-20506075-36a7-4754-8e5e-628918,0.05295373126864433,0.011384252458810806,0.6721726655960083,0.22361168265342712,0.03987767919898033,2,2
09BR001-4794b0ee-a3b1-44d2-affd-e545d7,0.0503418929874897,0.005469303112477064,0.8608481287956238,0.059718210250139236,0.02362251840531826,2,2
09BR001-e98de274-31fa-4a29-8c19-07e840,0.12071902304887772,0.006164432968944311,0.7161501049995422,0.12919245660305023,0.027773981913924217,2,2
09BR004-8a5b1a0a-b30e-47e8-a498-d0d85b,0.2479449063539505,0.037188030779361725,0.5072176456451416,0.12352695316076279,0.08412249386310577,2,2
09BR004-b111fe47-a1f1-4e86-93f0-f91dae,0.386602520942688,0.03498876839876175,0.354698121547699,0.14884907007217407,0.07486152648925781,0,0
09BR004-cfc121b5-9562-4a6d-b792-3cd6d5,0.3294568955898285,0.03083008900284767,0.3263096511363983,0.22540271282196045,0.08800063282251358,0,0
09BR005-150c2086-1815-40d2-bc5d-8eeb48,0.03847336024045944,0.009515096433460712,0.8418965935707092,0.09666758030653,0.013447332195937634,2,2
09BR005-8dc13656-a9c0-4b99-b02d-650893,0.03613058105111122,0.012484461069107056,0.8083170652389526,0.13085715472698212,0.012210707180202007,2,2
09BR005-db4c7d25-8920-4968-983a-d5b11e,0.026453625410795212,0.016790414229035378,0.8716012835502625,0.06776037067174911,0.017394261434674263,2,2
09BR007-6cb5d29a-9437-430d-b91c-57ee3d,0.15609899163246155,0.02680210955440998,0.6579942107200623,0.07557698339223862,0.08352770656347275,2,2
09BR007-ab2112ce-3ad3-4549-9089-8eeec2,0.25679630041122437,0.02870490588247776,0.4720393121242523,0.18769192695617676,0.05476753041148186,2,2
09BR007-ee80e8bb-0d9e-4682-9b5b-4d31a2,0.03993610292673111,0.010315867140889168,0.8438480496406555,0.07329627871513367,0.03260369598865509,2,2
11BR003-2dc74c29-2e89-4600-80bf-1e3637,0.3353019654750824,0.023390231654047966,0.3184657394886017,0.20813660323619843,0.11470548063516617,0,0
11BR003-944793e9-96c2-4820-abb8-8f72f6,0.4104762673377991,0.01810383051633835,0.2542658746242523,0.25467345118522644,0.06248056888580322,0,0
11BR004-f33d08f0-f15c-4f34-90ba-7cbe75,0.07414969801902771,0.05418546497821808,0.6753174662590027,0.12191739678382874,0.0744299590587616,2,2
11BR006-3208e021-1dae-42fd-bd36-0f3c3d,0.06025413051247597,0.019610939547419548,0.681988537311554,0.023224588483572006,0.21492180228233337,2,2
11BR006-a3e2ab4d-ef4a-497e-b0d2-e8d1cf,0.044479165226221085,0.028580864891409874,0.4645237624645233,0.03868335485458374,0.4237328767776489,2,2
11BR006-d13b451c-a4c0-4987-b1e9-31538f,0.06873256713151932,0.0376913882791996,0.5820648670196533,0.03140145167708397,0.2801097333431244,2,2
11BR009-3324361b-df55-4e53-a2ef-4f8df2,0.1444397121667862,0.008103512227535248,0.59365314245224,0.2061470001935959,0.047656647861003876,2,2
11BR009-b5e2b61c-e6bb-4f4e-aa7f-e5ce4c,0.05630110949277878,0.018592318519949913,0.7226062417030334,0.13314789533615112,0.06935244798660278,2,2
11BR010-436db08d-c316-44b5-b0de-62617d,0.031153123825788498,0.016514236107468605,0.7392629981040955,0.18572425842285156,0.0273454450070858,2,2
11BR010-b636e07f-36aa-4030-a5a9-41976d,0.0475500114262104,0.02345266193151474,0.788025438785553,0.12084352225065231,0.020128361880779266,2,2
11BR011-bc9fe67f-c4a2-43ba-87bd-438bda,0.05876757204532623,0.017234383150935173,0.7003793716430664,0.1603991687297821,0.06321952491998672,2,2
11BR011-e8e402da-3ff0-40b4-aa4b-c33c7f,0.08994892984628677,0.012313359417021275,0.708946168422699,0.14586156606674194,0.0429300032556057,2,2
11BR012-98225215-ff21-4893-8b6d-d9b7e7,0.07272140681743622,0.014912165701389313,0.6515592336654663,0.2077559530735016,0.05305126681923866,2,2
11BR012-a64c0739-cb8c-4b5c-ac5a-6ddd81,0.07273095846176147,0.014998655766248703,0.6711081862449646,0.1775842159986496,0.06357796490192413,2,2
11BR013-f6b4600e-5fa0-468c-ace3-b570f2,0.008906403556466103,0.0035977368243038654,0.942444920539856,0.01256459578871727,0.03248636797070503,2,2
11BR013-faadb553-9437-42cb-b469-498d67,0.06296926736831665,0.006952498108148575,0.8247678875923157,0.08824463188648224,0.017065629363059998,2,2
11BR014-ddc680ad-63cf-4807-b535-9ccc88,0.02422289364039898,0.009659274481236935,0.8740853071212769,0.02376561425626278,0.06826687604188919,2,2
11BR014-e42ecbe9-4b55-472c-88fc-95caf2,0.023424914106726646,0.009990057907998562,0.8804483413696289,0.028137747198343277,0.05799885839223862,2,2
11BR015-22603671-d3ac-493b-ae2a-11c781,0.031435418874025345,0.005470648407936096,0.8367238640785217,0.113331139087677,0.013038946315646172,2,2
11BR015-cab796c6-0129-43cf-bd27-7da395,0.06362102925777435,0.014038965106010437,0.6641821265220642,0.2331417202949524,0.02501612901687622,2,2
11BR016-a7d58d61-5049-488f-9d0a-0a4411,0.27539733052253723,0.023630090057849884,0.48154303431510925,0.14352859556674957,0.07590097188949585,2,2
11BR016-f289a06c-b64b-4bf9-8469-645f32,0.07481686025857925,0.024381885305047035,0.684152364730835,0.1490001529455185,0.0676487609744072,2,2
11BR017-241c8dec-b317-4794-8cc2-07c14c,0.5470041036605835,0.026700278744101524,0.2893372178077698,0.08820003271102905,0.048758365213871,0,0
11BR017-628e6c0e-f7cc-4acc-9d1d-f78b6b,0.12348099797964096,0.03067687526345253,0.5666047930717468,0.02465682663023472,0.2545804977416992,2,2
11BR017-82999099-7e55-4fd5-ab7a-e0db03,0.45710450410842896,0.027940398082137108,0.35650837421417236,0.1025659516453743,0.05588078126311302,0,0
11BR018-2f9bd26b-9260-4ca6-8bae-42a2a3,0.014804652892053127,0.005202736705541611,0.7664349675178528,0.008931371383368969,0.20462630689144135,2,2
11BR018-401dde59-e3ac-4fe3-b747-4c718b,0.04083603248000145,0.01480071246623993,0.7099201679229736,0.014395100064575672,0.22004790604114532,2,2
11BR018-855256a7-e41e-4158-b02f-ba61a9,0.015235081315040588,0.006201837211847305,0.724220335483551,0.008359101600944996,0.24598358571529388,2,2
11BR018-e7ee7105-8630-4f1a-9967-e47c88,0.026421071961522102,0.01410730555653572,0.63569575548172,0.01295387465506792,0.3108220100402832,2,2
11BR019-8dd1d8be-dc7e-44f5-9f44-77ecf0,0.3539956510066986,0.008297749795019627,0.30031242966651917,0.28610655665397644,0.05128765478730202,0,0
11BR019-9bfbb0d0-3858-4672-b057-cf7b1f,0.32780906558036804,0.007757175248116255,0.3518974781036377,0.24432845413684845,0.06820781528949738,2,2
11BR020-428de0d4-7f84-4075-bae1-352af6,0.09995968639850616,0.022073566913604736,0.6413249373435974,0.036662131547927856,0.19997969269752502,2,2
11BR020-6b3094ee-73cb-48a2-8444-1fc52d,0.06468512117862701,0.024156780913472176,0.6306048035621643,0.037360869348049164,0.24319244921207428,2,2
11BR020-94176301-9658-4151-9110-5139de,0.11353719979524612,0.01559644378721714,0.6984811425209045,0.09739547222852707,0.07498964667320251,2,2
11BR020-e28fb3aa-5665-4e8e-b8f3-a00e07,0.12936902046203613,0.014551538042724133,0.7170065641403198,0.0855337381362915,0.053539153188467026,2,2
11BR022-da3d7876-ca79-4f21-a00e-27e6b6,0.030492031946778297,0.02506365068256855,0.7071942090988159,0.17660050094127655,0.06064964458346367,2,2
11BR022-faeb2336-2b6a-49de-a03e-9f8ece,0.06375695765018463,0.028033114969730377,0.6052350401878357,0.24896499514579773,0.054009851068258286,2,2
11BR023-079b5600-6afc-4785-bb22-48cfab,0.3057326078414917,0.018280070275068283,0.34861621260643005,0.24231572449207306,0.0850553959608078,2,2
11BR023-0a80d3c4-0758-447a-958c-ea868c,0.08793451637029648,0.017990335822105408,0.7022877931594849,0.022345947101712227,0.16944141685962677,2,2
11BR023-3fcdf59d-15ef-4b40-884b-168580,0.23051361739635468,0.02558792755007744,0.49623391032218933,0.18429267406463623,0.063371941447258,2,2
11BR023-940d78ca-1ccb-47e3-9a5e-6f0ae3,0.07954037934541702,0.020669642835855484,0.5134993195533752,0.013406272977590561,0.3728843927383423,2,2
11BR024-288b55c5-f1b1-421f-ac98-c28842,0.4542008340358734,0.03451421856880188,0.31017959117889404,0.1123388409614563,0.08876655995845795,0,0
11BR024-53723086-8858-4395-93d7-0baa68,0.15538975596427917,0.011763251386582851,0.5782648324966431,0.010702481493353844,0.24387964606285095,2,2
11BR024-9efd41a5-3db1-445b-accb-040c2b,0.6759049892425537,0.028219379484653473,0.11867927014827728,0.11152620613574982,0.06567014753818512,0,0
11BR024-e9eb8ae9-df63-448a-bca2-34d3a5,0.09130092710256577,0.017664536833763123,0.6385036110877991,0.013447464443743229,0.2390834540128708,2,2
11BR025-8d7fc1ef-a0ac-44bb-8381-1444a0,0.05694352090358734,0.008912229910492897,0.7759575843811035,0.1181110218167305,0.04007566347718239,2,2
11BR025-b93611c1-2fe4-494c-a5f3-f19e42,0.027956688776612282,0.00870691891759634,0.867563009262085,0.0725935846567154,0.02317981608211994,2,2
11BR027-413d7d87-7b86-4b76-af93-8e8136,0.10616923123598099,0.01651487499475479,0.6439743041992188,0.18042492866516113,0.052916668355464935,2,2
11BR027-5700478d-c6c1-48d5-9ab4-3f82fb,0.06831973046064377,0.008202302269637585,0.6749880909919739,0.22350357472896576,0.024986334145069122,2,2
11BR028-10f3b034-038b-481e-b501-a28055,0.013949778862297535,0.008297717198729515,0.9240654706954956,0.04501369222998619,0.008673318661749363,2,2
11BR028-3b177fd6-e7d2-4312-bec7-4a253d,0.12905588746070862,0.022196071222424507,0.673862636089325,0.1578953117132187,0.016990110278129578,2,2
11BR028-6698bd88-fe4f-4ffa-ac78-7e13a9,0.1024165228009224,0.01051531732082367,0.6905590891838074,0.007933836430311203,0.18857525289058685,2,2
11BR028-885fe794-a98e-4f81-a284-ac4bb8,0.08816052973270416,0.018589962273836136,0.6266371011734009,0.011518304236233234,0.25509408116340637,2,2
11BR030-4749ba99-d3b8-4ae3-b6f6-458bc7,0.07405968755483627,0.0208619125187397,0.6717503666877747,0.029330581426620483,0.20399747788906097,2,2
11BR030-52f3cbfb-f1ac-4a5a-bdbf-496c3c,0.054862089455127716,0.014274285174906254,0.48212358355522156,0.009741702117025852,0.4389983117580414,2,2
11BR030-63a05d68-f0f7-42d9-a45f-df0f7e,0.24238239228725433,0.05522964522242546,0.40594837069511414,0.19189126789569855,0.10454833507537842,2,2
11BR030-ced30fb4-9c6a-41fa-b252-21b2e0,0.19479785859584808,0.10556016117334366,0.43818965554237366,0.0998823270201683,0.16157002747058868,2,2
11BR031-3fdf0dbe-e05c-465f-8bed-4a92dd,0.013577326200902462,0.010084488429129124,0.8350784182548523,0.11942829936742783,0.02183149941265583,2,2
11BR031-744399ac-9c3a-4f63-96b4-e42dbb,0.015374861657619476,0.012057345360517502,0.8331855535507202,0.10876122117042542,0.030621016398072243,2,2
11BR032-314de592-f356-4801-8ace-278173,0.013231057673692703,0.0058942087925970554,0.8968638777732849,0.03663693740963936,0.047373924404382706,2,2
11BR032-84332a36-52e6-41df-aa73-d9c561,0.017015261575579643,0.006879114545881748,0.9005927443504333,0.022521518170833588,0.05299137905240059,2,2
11BR036-06054037-40fe-455f-b937-56e828,0.6577348709106445,0.009658897295594215,0.23022209107875824,0.08984467387199402,0.012539401650428772,0,0
11BR036-45b99ac4-0859-4a3d-8b1e-ce5590,0.24562570452690125,0.010745333507657051,0.41865429282188416,0.2908056080341339,0.03416898101568222,2,2
11BR038-4e766d9f-ede3-4311-bf09-b1f9ba,0.09876861423254013,0.02610747702419758,0.6732420325279236,0.07394438236951828,0.12793748080730438,2,2
11BR038-cc547d34-07e1-4bc8-a89b-0d8e96,0.14918018877506256,0.025168554857373238,0.622758150100708,0.12736359238624573,0.07552950084209442,2,2
11BR040-5256498d-4ab0-4b62-a205-0d0e3e,0.031561754643917084,0.016548121348023415,0.4558159112930298,0.009238257072865963,0.4868360161781311,4,4
11BR040-7709b3d7-26ca-4408-ad9a-43119b,0.08712869882583618,0.01746000535786152,0.6312353610992432,0.012968305498361588,0.251207560300827,2,2
11BR040-9ee809ba-dd97-4f2e-91fc-9faa50,0.02346678078174591,0.005601867567747831,0.9168874621391296,0.01911906711757183,0.03492480516433716,2,2
11BR040-d7b05dce-4362-4e8f-a77a-07dd74,0.038813479244709015,0.008184712380170822,0.8729881048202515,0.050106752663850784,0.02990698255598545,2,2
11BR042-a176fcc2-97b5-45c3-a0f3-3b2e41,0.1494205892086029,0.014651795849204063,0.7007886171340942,0.0965120866894722,0.038626931607723236,2,2
11BR042-d1d094d8-1b54-40a2-9e14-43b0d6,0.1721426248550415,0.02119981124997139,0.6594014763832092,0.09409654885530472,0.05315959453582764,2,2
11BR043-329f9379-9754-4a39-aa49-544d42,0.08134640753269196,0.017121216282248497,0.6328665614128113,0.22384576499462128,0.04482002928853035,2,2
11BR043-6d34d499-167e-42aa-9790-316fca,0.04875444620847702,0.005393330939114094,0.5980746150016785,0.3241981565952301,0.023579437285661697,2,2
11BR044-75adceb5-eea5-4cb1-864e-876a8f,0.1391480267047882,0.006702472921460867,0.4940107464790344,0.312334269285202,0.047804463654756546,2,2
11BR044-d92a2942-dba6-4fff-b0d0-0566fb,0.12225576490163803,0.0060174837708473206,0.4752945303916931,0.3524341583251953,0.0439981110394001,2,2
11BR047-7e36d35d-175c-4ff2-9a18-8dc91c,0.005128810182213783,0.007735187187790871,0.9401363134384155,0.018558742478489876,0.028440963476896286,2,2
11BR047-81116212-b7e6-454b-9579-105cf3,0.07711923867464066,0.011975813657045364,0.5840361714363098,0.01627793349325657,0.31059086322784424,2,2
11BR047-ba974b39-e9f8-463e-8a38-0dcdbd,0.07712804526090622,0.017702702432870865,0.4608745872974396,0.03220021352171898,0.41209447383880615,2,2
11BR047-ef52c640-13a9-4855-9ce2-0be77a,0.02681128680706024,0.009990235790610313,0.8936062455177307,0.019977150484919548,0.049615081399679184,2,2
11BR049-2e700669-85b0-43fa-a9c7-3eaf5a,0.06685249507427216,0.029329992830753326,0.7100321650505066,0.07633833587169647,0.11744701862335205,2,2
11BR049-e8cbdd4d-1d89-4e1f-b8aa-ef4ff8,0.10753770172595978,0.044975120574235916,0.6560360193252563,0.08422203361988068,0.10722905397415161,2,2
11BR050-d47473db-7a43-4cfc-9cf6-e3c6eb,0.04256162419915199,0.013142994605004787,0.8640356659889221,0.032718561589717865,0.04754112288355827,2,2
11BR050-d8a5467b-549b-48ed-9ae5-c9c39d,0.037904903292655945,0.015831254422664642,0.8462715744972229,0.03529377281665802,0.06469851732254028,2,2
11BR051-56b488cf-a189-47a8-b4e2-d976eb,0.12965410947799683,0.015360817313194275,0.6430361270904541,0.18221887946128845,0.029730120673775673,2,2
11BR051-d5187303-080a-4cec-b069-e06b6b,0.07224233448505402,0.016805730760097504,0.7473756074905396,0.1295311450958252,0.03404514119029045,2,2
11BR053-28be2eb2-1c1c-4799-b5af-e4b447,0.11524703353643417,0.00922335870563984,0.7252371311187744,0.11323972046375275,0.037052836269140244,2,2
11BR053-fb526979-ee2d-4edf-b41d-01074f,0.057368285953998566,0.007460140157490969,0.8087444305419922,0.10216309875249863,0.024264097213745117,2,2
11BR054-50dc6d1c-7e47-4378-b13b-f63649,0.02186323143541813,0.005056224763393402,0.8893877863883972,0.06779841333627701,0.015894291922450066,2,2
11BR054-b10c7b72-1d44-4668-a637-a536b2,0.10788198560476303,0.01212227437645197,0.7734475135803223,0.06042505428195,0.0461231991648674,2,2
11BR055-4533a2d6-e850-43f3-9c44-621c07,0.12207169830799103,0.028912167996168137,0.6501879692077637,0.09293681383132935,0.10589131712913513,2,2
11BR055-f77e42b0-39c0-43a5-b138-9a0c8c,0.12736444175243378,0.02254856936633587,0.6431915163993835,0.09541432559490204,0.11148114502429962,2,2
11BR056-22054f60-8957-4f3f-9e69-0b2735,0.05516166239976883,0.011449625715613365,0.842442512512207,0.059339068830013275,0.03160718083381653,2,2
11BR056-e45c73a8-da96-4269-a039-d43942,0.0667152926325798,0.014723878353834152,0.7936718463897705,0.08316922932863235,0.041719790548086166,2,2
11BR058-0dbdef5f-15d0-43b2-819f-c145ab,0.05237572640180588,0.017085829749703407,0.6926476955413818,0.012605243362486362,0.22528550028800964,2,2
11BR058-14a6ef64-9a7a-4887-a486-df98d1,0.1263609677553177,0.023226195946335793,0.5929667949676514,0.0203342754393816,0.23711182177066803,2,2
11BR058-1c4af263-17b3-4244-9a54-68ef91,0.036395300179719925,0.02248419262468815,0.8780422210693359,0.048346757888793945,0.014731607399880886,2,2
11BR058-80a970f7-7b36-4450-aff8-0b55dc,0.11447564512491226,0.04963469132781029,0.7115183472633362,0.07488216459751129,0.0494890920817852,2,2
11BR059-fc0aa1e4-c1d8-43ed-a5cd-038f61,0.35007598996162415,0.028921283781528473,0.47896191477775574,0.05237990617752075,0.08966086059808731,2,2
11BR059-fd05a7ee-951f-48de-a11a-6e4555,0.06903523206710815,0.04887038469314575,0.7063040137290955,0.06437230110168457,0.11141803115606308,2,2
11BR060-97cc4d46-cf80-41f1-b99c-bc4829,0.1031961664557457,0.05294063314795494,0.6991798877716064,0.08472642302513123,0.05995689332485199,2,2
11BR060-cc162acb-2fbc-4356-a664-b6c104,0.05440667271614075,0.042170438915491104,0.7732368111610413,0.06367024779319763,0.06651585549116135,2,2
11BR072-59318d66-8b88-45b2-9b97-90e9a7,0.011455202475190163,0.008128196932375431,0.818072497844696,0.020577816292643547,0.14176619052886963,2,2
11BR072-aedfeb46-160a-4496-8604-25e857,0.020791560411453247,0.007832973264157772,0.8576608896255493,0.015095614828169346,0.09861897677183151,2,2
11BR072-e142306b-c660-4b82-85c5-caf4fb,0.09407199174165726,0.014914154075086117,0.7109308838844299,0.015103830024600029,0.16497918963432312,2,2
11BR073-1664b920-5e60-4e3b-9aab-fe121c,0.07586870342493057,0.018722929060459137,0.6638897061347961,0.014302348718047142,0.22721636295318604,2,2
11BR073-2169ae85-751c-4578-8e98-3e2637,0.13889582455158234,0.020473238080739975,0.6913981437683105,0.036876216530799866,0.1123565137386322,2,2
11BR073-5604b659-cc91-4179-94c1-04558f,0.5238807201385498,0.013156579807400703,0.17937606573104858,0.13382486999034882,0.14976170659065247,0,0
11BR073-5d27516f-58d7-4155-80b4-4c7f39,0.35515058040618896,0.017159221693873405,0.3434635102748871,0.1305180788040161,0.15370860695838928,0,0
11BR074-06e59ae3-8981-40ca-bbd6-e19060,0.008664438501000404,0.006859582848846912,0.931662917137146,0.017376845702528954,0.03543618693947792,2,2
11BR074-12ce8313-6c54-4bee-a996-1aa7f8,0.012745506130158901,0.008119836449623108,0.8648601174354553,0.04401896148920059,0.0702555850148201,2,2
11BR074-3367406e-d39c-4641-a3e7-44e1f3,0.15696896612644196,0.024170231074094772,0.6159598231315613,0.03498736023902893,0.16791366040706635,2,2
11BR074-91104847-e243-4297-9ce9-d9cbaf,0.05862173065543175,0.01880686543881893,0.6127906441688538,0.01135979313403368,0.2984209656715393,2,2
11BR075-2b11406e-c966-4265-9ac9-548d38,0.013324188999831676,0.00560837471857667,0.8731619119644165,0.08257906138896942,0.02532646618783474,2,2
11BR075-5504c643-4a9c-4ec4-ab07-bebdaf,0.011423720978200436,0.005906494800001383,0.8764594197273254,0.07851078361272812,0.027699636295437813,2,2
11BR080-2ddefa4f-77aa-416f-93f3-904e07,0.3128665089607239,0.032967377454042435,0.2300386279821396,0.34095248579978943,0.08317506313323975,3,3
11BR080-e2c7113f-957f-4088-b57d-55d2f2,0.21736665070056915,0.03130941838026047,0.29719093441963196,0.3632373511791229,0.09089558571577072,3,3
13BR009-30e0d7c3-d191-457b-a9be-3b9d97,0.05050037428736687,0.014697954058647156,0.7489375472068787,0.1688806414604187,0.016983455047011375,2,2
13BR009-3b05e59b-a88d-4601-8a92-df2750,0.032871343195438385,0.0245987419039011,0.6374372243881226,0.26441097259521484,0.040681757032871246,2,2
13BR009-3ca53fdf-e917-4e58-8f8d-866ea5,0.023734446614980698,0.017251845449209213,0.6260700821876526,0.3081473708152771,0.02479618228971958,2,2
13BR009-878c2524-208e-40b2-8089-ceb820,0.031075909733772278,0.009714974090456963,0.6445320844650269,0.30055156350135803,0.014125500805675983,2,2
13BR009-abf1a289-62a4-4eaa-bed9-2be141,0.04010013863444328,0.013172873295843601,0.7261104583740234,0.19677391648292542,0.023842593654990196,2,2
14BR005-2386c36d-8d5d-4fd4-bbfa-39cc8d,0.07943560928106308,0.004965144209563732,0.687603771686554,0.2129448801279068,0.015050634741783142,2,2
14BR005-dae96969-29be-4442-b06d-9948fe,0.13352668285369873,0.0031027391087263823,0.5248784422874451,0.3245355784893036,0.013956625945866108,2,2
14BR005-f26c9e17-ea65-409a-8e11-bfe75e,0.03541946783661842,0.009452295489609241,0.8533137440681458,0.0862046480178833,0.015609859488904476,2,2
14BR008-6721a812-3e25-4091-bab1-81f902,0.022991584613919258,0.01071019284427166,0.8108901381492615,0.01367837656289339,0.14172975718975067,2,2
14BR008-99df02e0-56b3-4b00-80b7-ea58ce,0.09879672527313232,0.04353409633040428,0.33973610401153564,0.08932242542505264,0.4286106526851654,4,4
14BR008-ca14c6dd-2069-4bc5-b1f2-6f2297,0.07257667183876038,0.011522280052304268,0.6059920787811279,0.022745363414287567,0.2871636748313904,2,2
14BR014-24ba8f2d-d001-46e7-a11c-e6be54,0.023655014112591743,0.004243636969476938,0.854117751121521,0.04101533442735672,0.07696832716464996,2,2
14BR014-d1034660-11ce-4e38-9ad0-8b9b72,0.04111267253756523,0.00760608771815896,0.8877907395362854,0.032511334866285324,0.030979109928011894,2,2
14BR014-db10b634-d0ca-46bf-8386-a8d0ab,0.025779999792575836,0.0027144071646034718,0.8987695574760437,0.05344846099615097,0.01928757317364216,2,2
14BR014-f31e8b5d-5e7c-4686-9380-2ea1c2,0.01185237430036068,0.0021400877740234137,0.9185090065002441,0.035562362521886826,0.03193608298897743,2,2
15BR003-433c2eb6-560f-4387-93af-6c2e1a,0.02422838658094406,0.012876844964921474,0.8615561723709106,0.022537795826792717,0.07880081981420517,2,2
15BR003-433c2eb6-560f-4387-93af-6c2e1a_2,0.0159892737865448,0.019730737432837486,0.827449381351471,0.02315386012196541,0.11367680877447128,2,2
15BR003-433c2eb6-560f-4387-93af-6c2e1a_3,0.0194880161434412,0.01338985562324524,0.7634947896003723,0.027896206825971603,0.17573115229606628,2,2
15BR003-58336ed9-ea8c-468c-a23c-2daed3,0.040012095123529434,0.009497581981122494,0.87281733751297,0.027684511616826057,0.049988552927970886,2,2
15BR003-800872f5-e088-44c4-b6c5-e5b078,0.02304917760193348,0.006967686582356691,0.8621929287910461,0.010694321244955063,0.09709587693214417,2,2
15BR003-a9ab0d62-b658-423c-86f1-cbb9ad,0.014541395008563995,0.018239885568618774,0.8577648997306824,0.03232717886567116,0.0771266520023346,2,2
16BR012-7557b796-f11c-4077-a1af-b249c8,0.04752947390079498,0.02628355473279953,0.6900832653045654,0.17978881299495697,0.05631497502326965,2,2
16BR012-84d6a813-77a8-44c4-a05d-61d6ac,0.031182225793600082,0.015476858243346214,0.8178022503852844,0.08869230002164841,0.04684646055102348,2,2
16BR012-8961f004-789c-450e-9292-370729,0.1505044400691986,0.03128332644701004,0.6073219776153564,0.053883131593465805,0.1570071429014206,2,2
18BR002-fe591474-99d7-44d3-be73-c3b8ed,0.057522546499967575,0.07036084681749344,0.650148332118988,0.09808577597141266,0.12388249486684799,2,2
18BR003-436297af-feb7-4754-96b7-c5bfb5,0.029951635748147964,0.007690346799790859,0.9048093557357788,0.03138047456741333,0.02616817131638527,2,2
18BR004-b292e992-0611-4254-872f-af8275,0.020417116582393646,0.013459884561598301,0.8575575947761536,0.08978006988763809,0.01878533326089382,2,2
18BR006-bebb15ad-03f1-4773-b3d4-2f78e3,0.11154907196760178,0.025071319192647934,0.6860343217849731,0.1370840072631836,0.04026130959391594,2,2
18BR007-1ae5772a-ba49-4c00-b890-7513d0,0.04797041788697243,0.02759069949388504,0.7851408123970032,0.0708831250667572,0.06841487437486649,2,2
18BR009-5c9ee07a-ca8f-49bf-9c03-2dc513,0.10236571729183197,0.024425247684121132,0.7174277305603027,0.05899650603532791,0.09678469598293304,2,2
18BR010-0bb9d596-774e-452b-9c89-a6643c,0.06484860926866531,0.048863835632801056,0.7064757347106934,0.09521239250898361,0.08459938317537308,2,2
18BR016-3bbf4310-6a83-4d3b-8772-a5dbb6,0.018512878566980362,0.010445071384310722,0.8851375579833984,0.048150889575481415,0.037753548473119736,2,2
18BR016-473bb045-08a9-46f3-ad01-036686,0.012670420110225677,0.010438134893774986,0.8748812079429626,0.047058265656232834,0.054951880127191544,2,2
18BR017-392b8aa4-9f99-4250-b693-326260,0.13640335202217102,0.014950742945075035,0.6788573265075684,0.10312458127737045,0.06666402518749237,2,2
18BR017-6bb1d0c5-85b9-4234-951d-4248e3,0.2556114196777344,0.021566370502114296,0.5533611178398132,0.012366868555545807,0.15709418058395386,2,2
18BR019-0edcba67-0714-4b04-b433-77834e,0.006531519815325737,0.0025223034899681807,0.9402788281440735,0.0292685367166996,0.021398838609457016,2,2
18BR019-3a987590-ed76-44f9-b7e5-e8ea5f,0.005732210818678141,0.002630029572173953,0.944507896900177,0.013670054264366627,0.03345976397395134,2,2
20BR001-358296ad-e2a7-40cd-849e-8590fd,0.04760099574923515,0.044783614575862885,0.7460359930992126,0.11094711720943451,0.050632279366254807,2,2
20BR001-5e9bfd9b-5151-4f85-8b7d-795df0,0.042485445737838745,0.006194025743752718,0.7826430201530457,0.14808900654315948,0.0205884650349617,2,2
20BR001-bee098dc-797a-4e05-8565-05311f,0.02865375019609928,0.010957730934023857,0.8174521327018738,0.11701314896345139,0.025923220440745354,2,2
20BR002-9462caa5-13e8-4997-a4f7-294f16,0.15018777549266815,0.0350462943315506,0.5794070363044739,0.15317103266716003,0.08218787610530853,2,2
20BR002-abee08ca-606d-4e2a-a2e6-24780f,0.04642116650938988,0.038964442908763885,0.6628850102424622,0.11785516887903214,0.1338742971420288,2,2
20BR002-d362c243-ccef-4cf5-ae72-2c124f,0.09564666450023651,0.037607934325933456,0.6245707273483276,0.15490956604480743,0.08726518601179123,2,2
20BR005-0044700f-37cc-4f2e-81d6-90b367_D1_D1,0.24573709070682526,0.024703070521354675,0.5213051438331604,0.17134776711463928,0.03690693527460098,2,2
20BR005-2f398497-d53e-4838-8006-d60f3e,0.29513201117515564,0.019373981282114983,0.4959476888179779,0.16181707382202148,0.027729209512472153,2,2
20BR005-5040c9cd-fe29-4579-a03a-b60825,0.19167360663414001,0.022830186411738396,0.5699343085289001,0.18226352334022522,0.033298321068286896,2,2
20BR006-3f52e236-1daa-4aa0-9a77-e3d043,0.4734628200531006,0.032940059900283813,0.29942581057548523,0.12543323636054993,0.06873805075883865,0,0
20BR006-b2a80144-9134-4bb7-816e-42adbb,0.5766350626945496,0.027127845212817192,0.24634812772274017,0.10846015065908432,0.04142884165048599,0,0
20BR006-bc4095db-0cd3-4894-b725-9464d8,0.5358089208602905,0.024680402129888535,0.21747808158397675,0.17283393442630768,0.04919872432947159,0,0
20BR006-fae06d14-9ff3-4e06-ba5c-ff5827,0.865506649017334,0.013152248226106167,0.05122838914394379,0.05463138595223427,0.015481286682188511,0,0
20BR007-33adae13-5dbd-4530-a5d5-3763e4,0.04994571581482887,0.009781856089830399,0.6082251071929932,0.005410065874457359,0.32663726806640625,2,2
20BR007-49e164cb-039e-4851-bce5-b2edff,0.03821296617388725,0.01108518522232771,0.6114620566368103,0.008867834694683552,0.3303719758987427,2,2
20BR007-547f521a-5851-426c-a125-d9d82c,0.30942049622535706,0.04119543731212616,0.49335119128227234,0.112350694835186,0.04368215426802635,2,2
20BR007-682646a1-2895-4a6b-bf31-7c0df5,0.025490619242191315,0.008703294210135937,0.5549291968345642,0.006569296587258577,0.4043075442314148,2,2
20BR007-86de77de-25e4-4d82-b78b-7b700c,0.24940744042396545,0.03856176882982254,0.5374509692192078,0.12936607003211975,0.04521374776959419,2,2
20BR007-ad0e8ff9-9ef1-4f0e-bd1f-4bb144,0.28314995765686035,0.02533135376870632,0.5671499371528625,0.08786121010780334,0.03650752082467079,2,2
20BR008-76d73924-1d5a-4d75-b776-1f1b2b,0.1546032428741455,0.01258190255612135,0.6637266874313354,0.07294129580259323,0.0961468368768692,2,2
20BR008-acf022b3-7f01-43b3-ac14-86f97d,0.06327277421951294,0.008365451358258724,0.7071488499641418,0.007350954692810774,0.21386189758777618,2,2
20BR008-b87e7f88-a1f2-425a-8cff-8ae4b9,0.12006983160972595,0.013048460707068443,0.6822437047958374,0.08543333411216736,0.09920468181371689,2,2
20BR008-beafe19e-9dc1-4aff-ba98-d321d9,0.08371927589178085,0.016639243811368942,0.6685110330581665,0.010280178859829903,0.22085028886795044,2,2
20BR008-f6949be3-1204-4f1f-a6b9-de4cc9,0.1198427602648735,0.007803000044077635,0.7043042778968811,0.07313965260982513,0.09491035342216492,2,2
20BR008-f8005701-9810-427e-b317-b09691,0.03201130032539368,0.01099459733814001,0.7388805150985718,0.009361348114907742,0.20875225961208344,2,2
21BR001-01fb2fbe-5d32-4ed1-abf6-6b4539,0.06104685738682747,0.02244177833199501,0.7222699522972107,0.14765997231006622,0.04658137261867523,2,2
21BR001-1fb9fca2-cf63-41f2-9381-d9108c,0.05430278182029724,0.012969505041837692,0.2618063688278198,0.6510383486747742,0.019882965832948685,3,3
21BR001-23eb7a7e-a907-4c07-8270-2ad823,0.05993538349866867,0.015435287728905678,0.6885555982589722,0.2089880108833313,0.027085717767477036,2,2
21BR001-474eefd8-34c2-414a-a9ed-f0508f,0.12021312862634659,0.05939069762825966,0.5039314031600952,0.27322039008140564,0.04324442893266678,2,2
21BR001-96ad607c-e8db-4390-9b9d-b5eb67,0.066416896879673,0.027964085340499878,0.5815059542655945,0.26430684328079224,0.059806302189826965,2,2
21BR002-32944ee6-428e-44fc-97d6-22665e,0.035729654133319855,0.01530461199581623,0.8453468680381775,0.05161556974053383,0.05200328305363655,2,2
21BR002-6261ab21-32e3-4967-a3aa-1e4aff,0.039373673498630524,0.033351704478263855,0.7647876143455505,0.09742189943790436,0.06506515294313431,2,2
21BR002-c9c77570-9be2-4868-844f-5119b1,0.01822361908853054,0.020002074539661407,0.8438028693199158,0.07670950889587402,0.041261859238147736,2,2
21BR010-39f81c85-1832-45eb-829a-3040ad,0.01546398364007473,0.014523736201226711,0.6145922541618347,0.012584463693201542,0.34283554553985596,2,2
21BR010-623041b0-a7a0-4621-8357-9175fb,0.017489328980445862,0.013114011846482754,0.643746018409729,0.00749434158205986,0.31815630197525024,2,2
21BR010-68ef4aa9-00b0-4528-8828-4d3e43,0.016159674152731895,0.009070580825209618,0.8197869658470154,0.05641620233654976,0.09856652468442917,2,2
21BR010-b455beec-bfee-47db-8c97-5d3fc3,0.015555343590676785,0.0027395894285291433,0.898894727230072,0.015265158377587795,0.06754517555236816,2,2
21BR010-f3eac3f6-8c8d-4051-8b02-ca529c,0.004404275678098202,0.004740096163004637,0.9548403024673462,0.015087953768670559,0.02092745713889599,2,2
22BR005-0a292de5-baaa-484d-a0a9-5dc405,0.06395381689071655,0.03184761852025986,0.6441595554351807,0.2230687141418457,0.03697028011083603,2,2
22BR005-12110cb8-8da4-4461-ac1a-1af490,0.07288523018360138,0.012370008043944836,0.7031964063644409,0.1516762375831604,0.05987216904759407,2,2
22BR005-2680bcc3-fb91-4641-9a85-1e2dd2,0.12412216514348984,0.031126707792282104,0.4105376601219177,0.3842064142227173,0.05000714212656021,2,2
22BR005-f4c8a52e-e1ff-45df-8db4-7f250c,0.03674681484699249,0.01565169170498848,0.7835975885391235,0.12167268246412277,0.04233117401599884,2,2
22BR005-ff2aaf97-376a-466b-86b5-f8b3e7,0.1413879096508026,0.029614247381687164,0.464728444814682,0.3137967586517334,0.05047261342406273,2,2
22BR006-a2637649-1fa1-4c20-a19d-5d5f11,0.02131778374314308,0.002113008638843894,0.8241443037986755,0.11153186857700348,0.040893059223890305,2,2
22BR006-af389d30-4266-4cc4-a02e-a310f7,0.012675981037318707,0.001197954174131155,0.8830226063728333,0.06494687497615814,0.03815654292702675,2,2
22BR006-cdcc4b54-fcf8-4667-a686-9abda4,0.07130560278892517,0.006738939322531223,0.8352399468421936,0.02929552271962166,0.057419952005147934,2,2
22BR006-e6cc08a2-a0a2-4623-ba04-cf11b2,0.030706552788615227,0.002047076588496566,0.8240590691566467,0.08889855444431305,0.05428875982761383,2,2
22BR006-ffa1343e-56c1-46e8-86ec-a6a50f,0.011059771291911602,0.002435156377032399,0.865229606628418,0.08915340155363083,0.032122042030096054,2,2
TCGA-3C-AAAU-01A-01-TS1.2F52DD63-7476-4E85-B7C6-E06092DB6CC1,0.12264350056648254,0.0383266881108284,0.22692111134529114,0.5977297425270081,0.014378941617906094,3,3
TCGA-3C-AALI-01A-01-TSA.7D4960A7-247F-46EE-8D4A-B55170C23EAA,0.031731490045785904,0.16379541158676147,0.3326980471611023,0.4542478024959564,0.017527248710393906,3,3
TCGA-3C-AALJ-01A-03-TSC.272FA991-8382-409A-A00A-9A3BAA6EE041,0.2911745309829712,0.13583946228027344,0.23004600405693054,0.29957544803619385,0.043364517390728,3,3
TCGA-3C-AALK-01A-01-TSA.B64ED65E-C91A-42C9-89A5-1B099C7112C3,0.02963387779891491,0.041819311678409576,0.8556541204452515,0.052629247307777405,0.020263416692614555,2,2
TCGA-4H-AAAK-01A-01-TS1.E2C90DAA-EEAF-4F0B-9495-B100AA4DC26C,0.018691008910536766,0.06560838967561722,0.7952126264572144,0.10458974540233612,0.015898238867521286,2,2
TCGA-5L-AAT0-01A-01-TS1.E7894281-DAB5-4603-B42A-A4C71FBE3D37,0.03811066970229149,0.02701142244040966,0.7062729597091675,0.06682252138853073,0.1617823839187622,2,2
TCGA-5L-AAT1-01A-01-TS1.140261A5-268A-4C22-9E3E-066B47697DCB,0.0398232601583004,0.04122643917798996,0.7205740213394165,0.0718306228518486,0.12654565274715424,2,2
TCGA-5T-A9QA-01A-01-TSA.2224E235-416C-4426-BAE4-55961186FB4E,0.13622348010540009,0.043536603450775146,0.5557729005813599,0.21123546361923218,0.053231555968523026,2,2
TCGA-A1-A0SB-01A-01-BS1.0af5f17f-e9a6-4424-8eae-728878063437,0.014300152659416199,0.006931198760867119,0.9023157954216003,0.019623568281531334,0.05682932585477829,2,2
TCGA-A1-A0SB-01A-01-TS1.ed80b57e-ce46-45d6-b8cf-bb18e254488f,0.00702299177646637,0.006384778767824173,0.9408500790596008,0.011455331929028034,0.03428684175014496,2,2
TCGA-A1-A0SD-01A-01-BS1.24ae9ce9-ef51-4cef-a095-1681d4bdd2fb,0.008097111247479916,0.009134413674473763,0.9259882569313049,0.013542365282773972,0.04323786497116089,2,2
TCGA-A1-A0SD-01A-01-TS1.6a18f1d4-bee3-453c-a84f-0f82f93e95f2,0.01605909690260887,0.014028643257915974,0.9145364761352539,0.03493237867951393,0.02044343762099743,2,2
TCGA-A1-A0SE-01A-01-BS1.bc41fb6d-f6a5-495c-b429-80d289f0bda1,0.005912998225539923,0.013441157527267933,0.9342122077941895,0.02176493965089321,0.024668794125318527,2,2
TCGA-A1-A0SE-01A-01-TS1.9de25aa5-6128-49b4-990b-c6bf3830489d,0.006881052628159523,0.015211675316095352,0.9277001619338989,0.019297178834676743,0.030909936875104904,2,2
TCGA-A1-A0SF-01A-01-MSA.d0f9a7bb-14fb-45a6-aedc-eddaa95ad41f,0.006579659879207611,0.010175748728215694,0.9518581628799438,0.012621796689927578,0.01876462809741497,2,2
TCGA-A1-A0SF-01A-01-TSA.76e0b1d7-e95b-4c5e-8f53-b62d2700da2e,0.006288736592978239,0.007786284666508436,0.9533411264419556,0.013486030511558056,0.0190977044403553,2,2
TCGA-A1-A0SG-01A-01-BS1.84831814-39ee-4e94-9ee0-48031507eb9a,0.010907446965575218,0.024165892973542213,0.8845360279083252,0.03847852349281311,0.041912153363227844,2,2
TCGA-A1-A0SG-01A-01-TS1.5f26a16f-7657-4383-8c5e-48c62cc2e258,0.013938724994659424,0.030667826533317566,0.8938696980476379,0.048827968537807465,0.012695790268480778,2,2
TCGA-A1-A0SH-01A-01-BSA.bc5df1ce-0c3b-45f6-bbbd-83a24316abd7,0.011866562999784946,0.04063476622104645,0.8977243900299072,0.034615062177181244,0.015159216709434986,2,2
TCGA-A1-A0SH-01A-01-TSA.79c64fec-53ef-405a-b830-da132de9149d,0.009471061639487743,0.031788937747478485,0.8865096569061279,0.04370801895856857,0.02852235548198223,2,2
TCGA-A1-A0SI-01A-01-BS1.0b6b1f20-962e-4775-a5e2-9eef9ab5e97e,0.021219495683908463,0.09647630900144577,0.8173069953918457,0.05169672518968582,0.013300469145178795,2,2
TCGA-A1-A0SI-01A-01-TS1.c9eb6742-072c-4de1-b1a1-888c39be8b90,0.02320992574095726,0.07143084704875946,0.8494035005569458,0.03603498265147209,0.019920695573091507,2,2
TCGA-A1-A0SJ-01A-01-BSA.f9a1ae6c-0cdf-4fdb-b397-17a1e2fc8b74,0.10658757388591766,0.024095656350255013,0.6700391173362732,0.1724853217601776,0.02679234929382801,2,2
TCGA-A1-A0SJ-01A-01-TSA.c61cc926-b7df-4519-a049-1a65ec97a99c,0.06251338124275208,0.02634834125638008,0.8162521123886108,0.07167837023735046,0.023207757622003555,2,2
TCGA-A1-A0SK-01A-01-BSA.29fd9144-1886-47ad-b075-7800cb57c9f5,0.4395388662815094,0.09386296570301056,0.1885312795639038,0.2482880800962448,0.029778840020298958,0,0
TCGA-A1-A0SK-01A-01-TSA.0b2432b1-5781-4725-bb85-7547c7ae9f36,0.2854484021663666,0.0819893628358841,0.3693559169769287,0.23717506229877472,0.026031263172626495,2,2
TCGA-A1-A0SM-01A-01-BS1.f31192b0-feeb-4274-bd1e-53b1a036c888,0.08399780094623566,0.07526978105306625,0.726569414138794,0.10340984910726547,0.010753139853477478,2,2
TCGA-A1-A0SM-01A-01-TS1.cd7bf3d5-af28-4149-9aae-3bb69301bfb0,0.1781960278749466,0.1753506064414978,0.48553818464279175,0.14334245026111603,0.01757282204926014,2,2
TCGA-A1-A0SN-01A-01-BS1.aae55eae-a830-45ec-afd5-8413b7d7bb87,0.03390498459339142,0.11566972732543945,0.6893057227134705,0.13898853957653046,0.02213101275265217,2,2
TCGA-A1-A0SN-01A-01-TS1.ae0aafc3-dbcf-4e93-b817-974263ade19a,0.07096055150032043,0.1112559586763382,0.6384045481681824,0.12873020768165588,0.05064874887466431,2,2
TCGA-A1-A0SO-01A-02-BSB.1e0712cc-bf2e-4c00-97a2-9fa423fdbb27,0.5326260328292847,0.14242418110370636,0.04047297313809395,0.25975605845451355,0.02472076751291752,0,0
TCGA-A1-A0SO-01A-02-TSB.e5de770e-4ff4-47ad-b5e4-04753c1a6507,0.29777228832244873,0.10948304086923599,0.16122941672801971,0.4111737012863159,0.020341474562883377,3,3
TCGA-A1-A0SP-01A-01-BS1.987709b5-3f9a-4927-aa82-3438caef59e2,0.13054989278316498,0.05966468155384064,0.6293548941612244,0.15640057623386383,0.0240299254655838,2,2
TCGA-A1-A0SP-01A-01-TS1.0cda5515-8bec-4df9-a50e-f4a649aba4bf,0.12423323094844818,0.05748051404953003,0.643608808517456,0.15354055166244507,0.021136978641152382,2,2
TCGA-A1-A0SQ-01A-02-BSB.056c6d49-2f06-4e83-82f9-a465b230b32f,0.03724779933691025,0.024553142488002777,0.8656442761421204,0.04788077622652054,0.024674005806446075,2,2
TCGA-A1-A0SQ-01A-02-TSB.aa40d19e-8dcf-4fea-a7f1-4e2edbbd026e,0.024634886533021927,0.01657932624220848,0.8960413336753845,0.0328257717192173,0.029918696731328964,2,2
TCGA-A2-A04N-01A-01-MSA.8c234a82-e8e8-41dd-8019-58bd895f50e8,0.004622331820428371,0.013628006912767887,0.9424278736114502,0.02338402345776558,0.015937816351652145,2,2
TCGA-A2-A04N-01A-01-TSA.a50fe5fd-8966-4b48-b012-4db45bd71ff7,0.008922833018004894,0.06085427477955818,0.8235825300216675,0.0899813175201416,0.01665898784995079,2,2
TCGA-A2-A04P-01A-03-BSC.31dbf72c-2aef-4b1d-a773-3656f550acc3,0.8872994780540466,0.05083291232585907,0.02467726543545723,0.028033941984176636,0.00915647391229868,0,0
TCGA-A2-A04P-01A-03-TSC.a3d91959-eb6a-4ddd-ac83-c1e0217577cf,0.8285567164421082,0.027566557750105858,0.05985727906227112,0.07511067390441895,0.00890875793993473,0,0
TCGA-A2-A04Q-01A-02-MSB.f56f62ee-cf1d-4084-948e-652b81bbbf0f,0.24732841551303864,0.07393486797809601,0.4833632707595825,0.14733630418777466,0.04803707078099251,2,2
TCGA-A2-A04Q-01A-02-TSB.abf5f4de-662d-4479-a556-2cf0b59d4ee3,0.34535160660743713,0.11345439404249191,0.3470526337623596,0.15547101199626923,0.038670413196086884,2,2
TCGA-A2-A04R-01A-04-BSD.8ce73dd5-7124-4ff1-8a07-12b5e8aad3a9,0.029236972332000732,0.02063686028122902,0.7152442932128906,0.22205889225006104,0.012822963297367096,2,2
TCGA-A2-A04R-01A-04-TSD.f8e56971-436f-495e-a7c2-3a147059fc62,0.05436224862933159,0.04940393567085266,0.5688098073005676,0.300230473279953,0.02719353325664997,2,2
TCGA-A2-A04T-01A-02-BSB.3bc8f196-5f7b-4207-bf6d-6430bac94fe2,0.6004304885864258,0.0576300248503685,0.10271202027797699,0.22696997225284576,0.012257474474608898,0,0
TCGA-A2-A04T-01A-02-TSB.93063466-272a-42e9-b4cb-ccf262b7e4c4,0.5143255591392517,0.0797135978937149,0.12942847609519958,0.26023730635643005,0.01629505306482315,0,0
TCGA-A2-A04U-01A-01-BSA.65a9cf7d-8f03-45b6-8751-5a535db11426,0.5588903427124023,0.08688675612211227,0.12296497821807861,0.21389217674732208,0.017365772277116776,0,0
TCGA-A2-A04U-01A-01-TSA.d9c6a9aa-23c9-43d8-a59d-d5d4b474cbb6,0.6575850248336792,0.06508850306272507,0.07889680564403534,0.18529099225997925,0.01313867513090372,0,0
TCGA-A2-A04V-01A-02-BS2.8ae4acb0-5c0d-4a98-b0d3-3342c97245a8,0.08932152390480042,0.041292596608400345,0.7631811499595642,0.08835490792989731,0.01784977689385414,2,2
TCGA-A2-A04V-01A-02-MS2.9f2d5cc6-ef65-4465-bec7-4d7151ad39f1,0.040345314890146255,0.015625180676579475,0.8829710483551025,0.05067725479602814,0.010381254367530346,2,2
TCGA-A2-A04W-01A-03-BSC.57907e35-3c5d-4b06-8732-4d5ff94b2985,0.09751954674720764,0.18755187094211578,0.42307472229003906,0.23516087234020233,0.05669296532869339,2,2
TCGA-A2-A04W-01A-03-TSC.83981bb3-9dfd-4632-91c0-00068ad599f3,0.13687756657600403,0.20375683903694153,0.4243948459625244,0.1872383952140808,0.04773235693573952,2,2
TCGA-A2-A04X-01A-01-BS1.dfc80b9d-cce5-4f91-9e2e-a5dbff049463,0.5257757902145386,0.23648451268672943,0.06412126123905182,0.1492021083831787,0.02441636472940445,0,0
TCGA-A2-A04X-01A-02-BS2.e8b8e62b-18f3-47f1-8b53-94659913afda,0.2687506377696991,0.15920892357826233,0.16308759152889252,0.3282639980316162,0.08068881183862686,3,3
TCGA-A2-A04Y-01A-02-BS2.0fd3867e-c47f-471c-b946-25b244d8c0e8,0.052335474640131,0.07794733345508575,0.7291609644889832,0.12288449704647064,0.01767178624868393,2,2
TCGA-A2-A04Y-01A-02-MS2.42e84e21-3226-4585-9865-3b624fca05bd,0.039414387196302414,0.07527358084917068,0.717190682888031,0.14616462588310242,0.021956736221909523,2,2
TCGA-A2-A0CK-01A-01-BSA.B3E07E98-6D91-4689-BE68-83043CA49FC3,0.018906619399785995,0.023179929703474045,0.8430284857749939,0.04964132234454155,0.06524372845888138,2,2
TCGA-A2-A0CK-01A-01-TSA.0F00A193-4045-4462-B2B2-A76B40A4EFB9,0.017387105152010918,0.017626633867621422,0.8682280778884888,0.03713151067495346,0.05962660163640976,2,2
TCGA-A2-A0CL-01A-01-BS1.216b597c-9d7c-448f-984e-5659006a9c40,0.1033400446176529,0.07355508953332901,0.6203816533088684,0.1412196159362793,0.06150362268090248,2,2
TCGA-A2-A0CL-01A-01-TS1.02a06b9c-8ae0-4f30-96c5-07cce9563397,0.12599781155586243,0.09680546075105667,0.4759012758731842,0.25939419865608215,0.04190123453736305,2,2
TCGA-A2-A0CM-01A-03-BSC.c240a44d-0583-496e-bdef-5cdb5e0ee167,0.1420404613018036,0.26889050006866455,0.2899942994117737,0.27783825993537903,0.02123645693063736,2,2
TCGA-A2-A0CM-01A-03-TSC.7f2cc1ed-793e-4717-92fd-da1aa4424aed,0.19073832035064697,0.1398414671421051,0.2848958969116211,0.3705995976924896,0.01392475888133049,3,3
TCGA-A2-A0CO-01A-01-BSA.B53F8E3C-C025-4688-890F-DBF91A034AF6,0.03199033811688423,0.019489025697112083,0.8052436709403992,0.03951362892985344,0.10376333445310593,2,2
TCGA-A2-A0CO-01A-01-TSA.74EB2294-EFC4-466E-B903-8BB7803A5024,0.03295091539621353,0.024893051013350487,0.7313992977142334,0.07961443066596985,0.13114236295223236,2,2
TCGA-A2-A0CP-01A-01-BSA.2e7307b1-f88e-4570-8a33-e687088308f2,0.017563877627253532,0.024686533957719803,0.8586195111274719,0.03938813880085945,0.05974186211824417,2,2
TCGA-A2-A0CP-01A-01-TSA.0e422cec-f6cb-44b0-a386-d0e862300b90,0.011767012067139149,0.01899687759578228,0.9108482599258423,0.03144654259085655,0.026941316202282906,2,2
TCGA-A2-A0CQ-01A-02-BSB.3aff800d-8a96-4675-9be3-a77666fbf078,0.005622086115181446,0.010737121105194092,0.9281310439109802,0.05155163258314133,0.003958046901971102,2,2
TCGA-A2-A0CQ-01A-02-TSB.9510458b-dc35-43ef-a4ff-684a23bf6b87,0.0053857252933084965,0.015128628350794315,0.8574435114860535,0.11835933476686478,0.0036827886942774057,2,2
TCGA-A2-A0CR-01A-01-BSA.EEDC8A56-25C0-4348-B5CD-E91C2CC3411B,0.015187613666057587,0.016718212515115738,0.8229275941848755,0.02663537487387657,0.11853112280368805,2,2
TCGA-A2-A0CR-01A-01-TSA.192598C2-7093-4171-B779-6EDE8AD7998B,0.03141369670629501,0.03832903131842613,0.7992445826530457,0.051230378448963165,0.07978230714797974,2,2
TCGA-A2-A0CS-01A-01-BSA.a932a854-ba6f-4a29-9fdc-4f5ce63e440c,0.054764144122600555,0.13758285343647003,0.6223465800285339,0.1521187573671341,0.03318772464990616,2,2
TCGA-A2-A0CS-01A-01-TSA.1c053f5f-ca22-41a9-b815-681eb2a4ea5e,0.015627164393663406,0.03573217615485191,0.8358227610588074,0.10708298534154892,0.005734930280596018,2,2
TCGA-A2-A0CT-01A-02-BSB.0aa72ee2-8d99-4e03-8f40-7a55d0acb7ad,0.016151797026395798,0.018160173669457436,0.8662645816802979,0.04236161708831787,0.05706188827753067,2,2
TCGA-A2-A0CT-01A-03-BSC.af279bd3-085c-4035-9a0d-bb02d801636e,0.02184893935918808,0.015186351723968983,0.8835084438323975,0.05254479497671127,0.026911430060863495,2,2
TCGA-A2-A0CU-01A-01-BS1.37059615-5809-4066-992a-ec50f8c2041c,0.02837051823735237,0.032108232378959656,0.8329050540924072,0.08460233360528946,0.0220139492303133,2,2
TCGA-A2-A0CU-01A-01-TS1.332cdd40-deca-4fad-8cf6-03fb91b121c3,0.025972040370106697,0.025114821270108223,0.8637305498123169,0.06784501671791077,0.01733763888478279,2,2
TCGA-A2-A0CV-01A-03-BSC.14215df5-081f-4f57-a912-da96e1f7aa24,0.002390669658780098,0.008908004499971867,0.9550093412399292,0.012166106142103672,0.021525848656892776,2,2
TCGA-A2-A0CV-01A-03-TSC.3b9baf94-f5f8-4949-a017-4cd1152f87c5,0.0038786898367106915,0.009703856892883778,0.9364386200904846,0.010088736191391945,0.039890043437480927,2,2
TCGA-A2-A0CW-01A-02-BSB.e5c24b99-3704-46cf-b097-a9834d81c169,0.05552627146244049,0.16538774967193604,0.4276138246059418,0.32749876379966736,0.023973330855369568,2,2
TCGA-A2-A0CW-01A-02-TSB.8bc46f2e-400f-4de8-aa07-9c632cea132f,0.03817915916442871,0.21091552078723907,0.4559279680252075,0.2750798463821411,0.01989751309156418,2,2
TCGA-A2-A0CX-01A-02-BSB.04ad0cae-1b9c-472f-8d08-ea6995e00bdd,0.11459461599588394,0.2141411453485489,0.45961812138557434,0.20230808854103088,0.009337984025478363,2,2
TCGA-A2-A0CX-01A-02-TSB.eae9814e-e25c-4dfe-9564-e348c74699ba,0.09366463869810104,0.24003861844539642,0.46847522258758545,0.18216130137443542,0.015660185366868973,2,2
TCGA-A2-A0CY-01A-01-BS1.9b133694-9867-4641-af14-71e493280442,0.1338805854320526,0.10211246460676193,0.3237033784389496,0.4195173680782318,0.020786205306649208,3,3
TCGA-A2-A0CY-01A-01-TS1.ec017ab1-ed8c-494e-a8de-a8b5c8a87059,0.13867032527923584,0.08621896803379059,0.31910791993141174,0.43593132495880127,0.02007145620882511,3,3
TCGA-A2-A0CZ-01A-01-BS1.792ef70c-5f29-44df-8d18-0b54697b2cca,0.0656173825263977,0.05438855290412903,0.7211834788322449,0.0632828027009964,0.09552771598100662,2,2
TCGA-A2-A0CZ-01A-01-TS1.ad515c60-a532-4cab-ac6d-6bbdd877683b,0.04862063005566597,0.039211321622133255,0.7655463814735413,0.050440944731235504,0.09618069976568222,2,2
TCGA-A2-A0D0-01A-01-BSA.de3699b8-cd5b-4bac-af17-b63d447c55e7,0.7891069054603577,0.06046374514698982,0.04437042027711868,0.09254462271928787,0.01351428683847189,0,0
TCGA-A2-A0D0-01A-01-TSA.231084a7-765a-481e-9e40-2c9b131b38ea,0.8337422013282776,0.044458240270614624,0.024054450914263725,0.08710933476686478,0.010635768994688988,0,0
TCGA-A2-A0D1-01A-01-MSA.3bc9e5b7-75ab-4eea-8c50-7f67dd11b2c7,0.25934234261512756,0.1276516616344452,0.1169862300157547,0.47865140438079834,0.017368311062455177,3,3
TCGA-A2-A0D1-01A-01-TSA.4cf43b24-cdea-4eb2-8413-677057458810,0.3322996497154236,0.13847984373569489,0.07018198072910309,0.4385406970977783,0.020497886463999748,3,3
TCGA-A2-A0D2-01A-02-BSB.8b0210e1-3e64-4e14-8a7f-785bc507f7d8,0.07382415980100632,0.09424936026334763,0.5261433720588684,0.2939910590648651,0.011792028322815895,2,2
TCGA-A2-A0D2-01A-02-TSB.74de3ac3-3f96-4426-b6b0-228282978570,0.05889955535531044,0.10628105700016022,0.560502827167511,0.2620229125022888,0.012293658219277859,2,2
TCGA-A2-A0D3-01A-01-BSA.a92d21bb-df83-4a6d-87d4-4558f0b8172f,0.029302317649126053,0.051789410412311554,0.8244827389717102,0.07181792706251144,0.02260763756930828,2,2
TCGA-A2-A0D3-01A-01-TSA.55add6f4-ecd3-4228-af07-045ef5a2cbf6,0.008399920538067818,0.04329391568899155,0.8706824779510498,0.06862311065196991,0.009000557474792004,2,2
TCGA-A2-A0D4-01A-01-BSA.0665ed7a-c8e2-4b8a-bf73-8c06dab48c47,0.051417142152786255,0.027051711454987526,0.7369788885116577,0.17172226309776306,0.012830017134547234,2,2
TCGA-A2-A0D4-01A-01-TSA.471f053f-ccfd-4d9a-89d6-59eaf3d7c459,0.12736867368221283,0.02202392742037773,0.646818220615387,0.17707385122776031,0.026715319603681564,2,2
TCGA-A2-A0EM-01A-01-BSA.aef9970e-ae41-478b-bdd1-510eec165c06,0.020869944244623184,0.034932613372802734,0.8883365988731384,0.03961775079369545,0.016243088990449905,2,2
TCGA-A2-A0EM-01A-01-TSA.c792570c-b567-47a4-8092-4f9021843df7,0.028033003211021423,0.03202654421329498,0.8800302147865295,0.0341263972222805,0.025783821940422058,2,2
TCGA-A2-A0EN-01A-01-BSA.7918d788-f2ab-44cd-8c1d-14659668e34f,0.039643436670303345,0.050043053925037384,0.8084851503372192,0.045589711517095566,0.05623863264918327,2,2
TCGA-A2-A0EN-01A-01-TSA.d57caa16-813c-41c9-9b9a-3e906e576bb0,0.005808825138956308,0.023713931441307068,0.924393355846405,0.021674850955605507,0.024409128352999687,2,2
TCGA-A2-A0EO-01A-01-MSA.a8ba9ddd-967b-428f-aef6-81207cb53e35,0.012628888711333275,0.014620239846408367,0.9093853831291199,0.022689396515488625,0.040676094591617584,2,2
TCGA-A2-A0EO-01A-01-TSA.36f29540-ef11-4f71-bfa7-170e5f037a0a,0.012755503877997398,0.027862470597028732,0.8889067769050598,0.051932401955127716,0.018542766571044922,2,2
TCGA-A2-A0EP-01A-05-TSE.9746AB87-60C5-41FD-BB30-055B8085B344,0.023178493604063988,0.03190293908119202,0.8427755832672119,0.030041705816984177,0.07210125774145126,2,2
TCGA-A2-A0EQ-01A-01-BSA.fa7a323e-2939-4941-a56f-3b7352b16050,0.2438882440328598,0.09986113011837006,0.3673744797706604,0.26099392771720886,0.027882272377610207,2,2
TCGA-A2-A0EQ-01A-01-TSA.c64d0ac8-9849-47c7-86e1-2e2037b02422,0.12339694052934647,0.123639777302742,0.534382164478302,0.19877904653549194,0.019802069291472435,2,2
TCGA-A2-A0ER-01A-02-MSB.cf3ea42a-aeda-47d6-ab60-a6d0f4b83170,0.01700105331838131,0.01720447838306427,0.88665372133255,0.036102134734392166,0.043038494884967804,2,2
TCGA-A2-A0ER-01A-02-TSB.fc92d268-4fa2-4784-9639-ee1ace7797d3,0.004816906992346048,0.020459068939089775,0.90509033203125,0.04408826678991318,0.02554548904299736,2,2
TCGA-A2-A0ES-01A-01-BSA.b0f78d87-bc17-441f-bb40-6028b6e64099,0.01877863146364689,0.020253179594874382,0.7262437343597412,0.020786533132195473,0.2139379382133484,2,2
TCGA-A2-A0ES-01A-01-TSA.9e47cc5c-6fcd-4515-ac20-1d81d3c58100,0.017361098900437355,0.033397264778614044,0.8135470151901245,0.04472842440009117,0.09096617251634598,2,2
TCGA-A2-A0ET-01A-03-BSC.a5ea8948-821d-471d-ba1c-3c36807ff5df,0.07642319798469543,0.0466797761619091,0.6117361187934875,0.23599478602409363,0.029166139662265778,2,2
TCGA-A2-A0ET-01A-03-TSC.74515b85-25d8-4c5a-9fe8-027a78238b9a,0.07261974364519119,0.02805408649146557,0.6043596863746643,0.28337711095809937,0.0115894116461277,2,2
TCGA-A2-A0EU-01A-02-MSB.44688c8e-aaff-4acd-b70e-d4c570a04317,0.025268515571951866,0.05117546021938324,0.7996219396591187,0.11372536420822144,0.010208725929260254,2,2
TCGA-A2-A0EU-01A-02-TSB.648d1299-d273-4ae2-8926-cfad39ff735a,0.011264549568295479,0.021878311410546303,0.9098100662231445,0.05198582261800766,0.0050613111816346645,2,2
TCGA-A2-A0EV-01A-01-BSA.895f4272-acc0-48e5-8c91-58209e6aa849,0.01845981553196907,0.018192853778600693,0.8984720706939697,0.04368491470813751,0.021190326660871506,2,2
TCGA-A2-A0EV-01A-01-TSA.49658afd-55bd-4adb-a3c2-06a4e633efc5,0.017616748809814453,0.020760394632816315,0.8494310975074768,0.10722734034061432,0.0049643502570688725,2,2
TCGA-A2-A0EW-01A-02-BSB.09a14d8c-2c79-43e9-b08c-73481d3ec01c,0.020731402561068535,0.018317023292183876,0.858072817325592,0.02850477024912834,0.07437393814325333,2,2
TCGA-A2-A0EW-01A-02-TSB.6ebf62a3-15ec-43dd-a5de-36f0a2effb41,0.006753151770681143,0.015017218887805939,0.9118424654006958,0.015440576709806919,0.05094657093286514,2,2
TCGA-A2-A0EX-01A-02-MSB.8a884510-c00e-442d-bf13-1eb36f4ee10b,0.01947924867272377,0.0243833065032959,0.8492147922515869,0.055244557559490204,0.05167808756232262,2,2
TCGA-A2-A0EX-01A-02-TSB.8880934b-a491-492b-b6bc-32b50276ba99,0.02520405314862728,0.019420601427555084,0.8612109422683716,0.028236914426088333,0.06592746078968048,2,2
TCGA-A2-A0EY-01A-01-BSA.dbf1ad9c-0529-4b08-90fc-5b1d7da797aa,0.058905065059661865,0.07940545678138733,0.6239656805992126,0.21726807951927185,0.020455727353692055,2,2
TCGA-A2-A0EY-01A-01-TSA.b3cf2e58-b037-4496-b85e-6fefe2d42e01,0.0304669551551342,0.09165894240140915,0.7011825442314148,0.13640230894088745,0.0402892641723156,2,2
TCGA-A2-A0ST-01A-01-BSA.187f1dfd-47df-4e31-883c-62534d8e0dd5,0.15220654010772705,0.022677212953567505,0.7016867995262146,0.08316249400377274,0.04026695713400841,2,2
TCGA-A2-A0ST-01A-01-TSA.8e2979c6-24f8-4dcf-8439-1da07dbc6a9b,0.12833301723003387,0.020612753927707672,0.7259384989738464,0.07641974091529846,0.048695988953113556,2,2
TCGA-A2-A0SU-01A-01-BSA.660c932a-61fb-4054-8499-2a39387bf4ab,0.012615486979484558,0.026641814038157463,0.8321486711502075,0.12208673357963562,0.006507261656224728,2,2
TCGA-A2-A0SU-01A-01-TSA.1501d762-6b57-43d8-b8bb-fe7970b750dd,0.024258509278297424,0.038914360105991364,0.8552976250648499,0.07104998081922531,0.01047950517386198,2,2
TCGA-A2-A0SV-01A-01-BSA.94a1dce7-dd72-40a0-8e19-a688d46281f5,0.16557608544826508,0.053638048470020294,0.4495871365070343,0.30275657773017883,0.02844216302037239,2,2
TCGA-A2-A0SV-01A-01-TSA.bdab1f53-b83c-494c-9a73-487ee771adf9,0.12899956107139587,0.16040188074111938,0.3465186059474945,0.35170042514801025,0.012379540130496025,3,3
TCGA-A2-A0SW-01A-01-BSA.7a710f66-502f-43fa-94eb-742243cf2aff,0.10241769999265671,0.0908295139670372,0.5854766964912415,0.2006085067987442,0.020667629316449165,2,2
TCGA-A2-A0SW-01A-01-TSA.dff06b29-6dfc-4d17-8b78-0ef50f9aa985,0.11502332240343094,0.08097326010465622,0.3766772449016571,0.41258153319358826,0.01474458072334528,3,3
TCGA-A2-A0SX-01A-01-BSA.7c3c820b-1ddc-4a92-a59d-7ac2df9a7313,0.1584128588438034,0.05240149423480034,0.620490312576294,0.14239951968193054,0.026295803487300873,2,2
TCGA-A2-A0SX-01A-01-TSA.3830b6f0-c05a-4d09-a1bc-c7018bc5e458,0.3224949836730957,0.07782772928476334,0.34817537665367126,0.22017110884189606,0.03133082389831543,2,2
TCGA-A2-A0SY-01A-03-BSC.111f2ea3-8315-412c-807d-5582f160cb42,0.015905577689409256,0.01168601494282484,0.9115384221076965,0.01812792755663395,0.04274209588766098,2,2
TCGA-A2-A0SY-01A-03-TSC.19950d5e-98f4-44b2-9f76-0552567e2c9a,0.017549915239214897,0.018307648599147797,0.9027959108352661,0.039734914898872375,0.02161167934536934,2,2
TCGA-A2-A0T0-01A-02-BSB.dc5e2a55-4bc6-4655-b86e-5aeb369f05c9,0.29080095887184143,0.0920623391866684,0.37586215138435364,0.22501268982887268,0.016261860728263855,2,2
TCGA-A2-A0T0-01A-02-TSB.802f97da-e482-4c7a-aa5e-a692871ad1ea,0.5537750124931335,0.090170718729496,0.21638257801532745,0.11977718025445938,0.019894523546099663,0,0
TCGA-A2-A0T1-01A-02-BSB.3bba2447-a52a-4ed3-88b5-c91124ecbcac,0.13367004692554474,0.20511887967586517,0.39758628606796265,0.24754351377487183,0.016081297770142555,2,2
TCGA-A2-A0T1-01A-02-TSB.63e971bf-39ec-41c9-986e-a1937437dea8,0.11501570045948029,0.2029869705438614,0.3849128782749176,0.2823384702205658,0.014745919965207577,2,2
TCGA-A2-A0T2-01A-01-BSA.3613219b-687b-419f-ac8f-33b668b72446,0.2602000832557678,0.1358632594347,0.16838301718235016,0.4187016785144806,0.016851918771862984,3,3
TCGA-A2-A0T2-01A-01-TSA.8595967b-5bf7-447f-9310-10b53a1c1dfa,0.28457212448120117,0.06980623304843903,0.35378938913345337,0.26657241582870483,0.025259818881750107,2,2
TCGA-A2-A0T3-01A-02-BSB.19f759a7-4b0f-43f3-b1ac-bce827f93fc6,0.018415020778775215,0.02781768888235092,0.7801176309585571,0.04830051586031914,0.12534920871257782,2,2
TCGA-A2-A0T3-01A-02-TSB.5833680c-4d57-4657-acd7-879e52cfd8c4,0.024003252387046814,0.032688431441783905,0.8256170153617859,0.1005697250366211,0.017121586948633194,2,2
TCGA-A2-A0T4-01A-03-BSC.c48434f7-8ef4-40e6-b115-87318032046d,0.011062374338507652,0.025404971092939377,0.8672029972076416,0.024882471188902855,0.0714472085237503,2,2
TCGA-A2-A0T4-01A-03-TSC.60866100-7f22-4c86-a99e-5e52ca53c313,0.008090365678071976,0.01334806066006422,0.9301507472991943,0.040458209812641144,0.007952719926834106,2,2
TCGA-A2-A0T5-01A-02-BSB.2bc13b46-4db4-4404-aaa0-8625e1ae7440,0.009189232252538204,0.033916883170604706,0.8959515690803528,0.0505693294107914,0.0103730084374547,2,2
TCGA-A2-A0T5-01A-02-TSB.b6a2c4da-e252-4a6f-b22f-788dec8d6ede,0.004532732535153627,0.019104326143860817,0.9382140040397644,0.03104410693049431,0.007104882039129734,2,2
TCGA-A2-A0T6-01A-01-BSA.b82fe5ae-dafc-45d6-9410-b6ef20725739,0.015471399761736393,0.018541861325502396,0.9074814915657043,0.029054056853055954,0.029451193287968636,2,2
TCGA-A2-A0T6-01A-01-TSA.a91e20c4-e88b-4f25-a691-1ed38fbca876,0.011511853896081448,0.047410789877176285,0.8118064403533936,0.09118004143238068,0.038090918213129044,2,2
TCGA-A2-A0T7-01A-02-BSB.8f69b301-dcf9-4a7f-a504-187f9a11252a,0.019046509638428688,0.03974941372871399,0.8497032523155212,0.06460708379745483,0.02689366228878498,2,2
TCGA-A2-A0T7-01A-02-TSB.d37d2184-6f53-4c98-88fd-aa854fd50700,0.02195112220942974,0.07007912546396255,0.7936642169952393,0.09335274249315262,0.020952749997377396,2,2
TCGA-A2-A0YC-01A-01-MSA.05ee8628-8199-466f-9e26-012186642f25,0.028459731489419937,0.03867737576365471,0.8465250730514526,0.0718483030796051,0.014489470981061459,2,2
TCGA-A2-A0YC-01A-01-TSA.dfb0f795-b54a-44fd-8ddd-105ac7c51d35,0.04406009241938591,0.07870237529277802,0.7242969870567322,0.1401570588350296,0.012783411890268326,2,2
TCGA-A2-A0YD-01A-01-BSA.dbbc3956-3306-4e98-904d-15ed9c0ff148,0.00980276521295309,0.025732677429914474,0.8790449500083923,0.0752076804637909,0.010211984626948833,2,2
TCGA-A2-A0YD-01A-01-TSA.7cbd1fbb-d5dd-4bc1-94fc-acff71e2b6c9,0.010823593474924564,0.027272704988718033,0.9065409898757935,0.028682230040431023,0.026680458337068558,2,2
TCGA-A2-A0YE-01A-01-BS1.7203b6fc-3a45-41e1-9104-14255fe4eb6e,0.35478582978248596,0.13941720128059387,0.32633712887763977,0.15871228277683258,0.020747533068060875,0,0
TCGA-A2-A0YE-01A-01-TS1.03c71807-b82c-4b01-8962-c6ac3d1b3445,0.3179453909397125,0.13713610172271729,0.4198743402957916,0.10540378093719482,0.019640382379293442,2,2
TCGA-A2-A0YF-01A-02-MSB.2e4e34a9-4701-4b96-b3d6-22d46c792fa9,0.01925506629049778,0.013192362152040005,0.8641772270202637,0.09851647168397903,0.004858837462961674,2,2
TCGA-A2-A0YF-01A-02-TSB.65b05e09-46e2-47f8-8ef6-ccc5914752c5,0.009845493361353874,0.011877715587615967,0.8771987557411194,0.09603729099035263,0.005040723364800215,2,2
TCGA-A2-A0YG-01A-02-BSB.23b5c2d3-91a2-4091-bd43-04210baa9941,0.0429605096578598,0.09539219737052917,0.5959606170654297,0.2306044101715088,0.035082291811704636,2,2
TCGA-A2-A0YG-01A-02-TSB.8bd4f37a-7944-4379-910c-621a80229783,0.05007727071642876,0.12339860945940018,0.4008115530014038,0.40234899520874023,0.02336357720196247,3,3
TCGA-A2-A0YH-01A-01-BSA.5c229b7d-6921-4c3c-a7a1-0c02fe62e5f5,0.04126019775867462,0.10029180347919464,0.6119497418403625,0.2348322868347168,0.011665995232760906,2,2
TCGA-A2-A0YH-01A-01-TSA.77998a85-49c4-4bdf-8635-ec9516aad084,0.03775814548134804,0.041588060557842255,0.6176407933235168,0.2944629490375519,0.008550046943128109,2,2
TCGA-A2-A0YI-01A-03-BSC.29006cd1-80d6-4b68-a760-ba91a34b9942,0.004776338580995798,0.01403654646128416,0.933732807636261,0.015024159103631973,0.032430168241262436,2,2
TCGA-A2-A0YI-01A-03-TSC.315f5bb4-4ef4-471e-b5b4-ae73a6038c20,0.004999811295419931,0.009621887467801571,0.9534416198730469,0.008742786012589931,0.02319386601448059,2,2
TCGA-A2-A0YJ-01A-01-BSA.d8a11cff-f5fd-4d70-8655-c8db88f7147e,0.6211540102958679,0.10416075587272644,0.13219155371189117,0.12253700941801071,0.01995660737156868,0,0
TCGA-A2-A0YJ-01A-01-TSA.a1260b78-3f54-490b-9dd1-7a6cb99e2358,0.625834047794342,0.0905584767460823,0.16127938032150269,0.10629518330097198,0.016032936051487923,0,0
TCGA-A2-A0YK-01A-02-BSB.f0b7203e-5c9c-4039-8e1d-cfc683d53a79,0.006493794731795788,0.010013550519943237,0.9399166703224182,0.015085529536008835,0.028490491211414337,2,2
TCGA-A2-A0YK-01A-02-TSB.deb9ff5b-b123-4256-99d0-48893875a2a2,0.009864328429102898,0.015681011602282524,0.9057212471961975,0.014575893990695477,0.05415753647685051,2,2
TCGA-A2-A0YL-01A-02-BSB.b9a27669-4484-41f2-ae55-85eeb3792e60,0.006330281030386686,0.04035017639398575,0.8654346466064453,0.050713054835796356,0.037171829491853714,2,2
TCGA-A2-A0YL-01A-02-TSB.12b73a8a-ac2d-4cd5-b8c2-de8fd1357dea,0.018977755680680275,0.024097871035337448,0.7155715227127075,0.03263593465089798,0.2087169587612152,2,2
TCGA-A2-A0YM-01A-01-BSA.26fc4cb8-24ef-494a-9334-db3a9099199f,0.07678426802158356,0.029415229335427284,0.7609737515449524,0.12358975410461426,0.009237035177648067,2,2
TCGA-A2-A0YM-01A-01-TSA.af2a6b3d-dbf4-4323-aebe-d8b95053fff3,0.3639388084411621,0.06534433364868164,0.372191846370697,0.1880396008491516,0.010485390201210976,2,2
TCGA-A2-A0YT-01A-01-BSA.661675d9-4e62-4472-9102-166b9e1ffe92,0.022791342809796333,0.08070890605449677,0.7448179721832275,0.12745451927185059,0.024227235466241837,2,2
TCGA-A2-A0YT-01A-01-TSA.fbac252d-8ada-4379-826f-1f255b826280,0.025977738201618195,0.11714373528957367,0.6615290641784668,0.1750047206878662,0.020344668999314308,2,2
TCGA-A2-A1FV-01A-01-TSA.1ef7e33c-4e9f-46fb-8600-e2028e666b58,0.06939990818500519,0.029688406735658646,0.7022443413734436,0.16589047014713287,0.03277688845992088,2,2
TCGA-A2-A1FW-01A-01-TSA.c333d30e-9e9e-4852-a901-f3bf6b52edc7,0.024770228192210197,0.033049002289772034,0.8217261433601379,0.06526242941617966,0.055192168802022934,2,2
TCGA-A2-A1FX-01A-01-TSA.9ddece99-9be4-4d06-b8a5-f10e064a20cd,0.07142682373523712,0.12048802524805069,0.6332074999809265,0.14606915414333344,0.028808480128645897,2,2
TCGA-A2-A1FZ-01A-05-TSE.92edfd43-6c1e-4b2c-851e-e0968ad67036,0.021770313382148743,0.027932606637477875,0.8382019996643066,0.06455864757299423,0.0475364588201046,2,2
TCGA-A2-A1G0-01A-01-TSA.191b630e-777f-41f9-9510-22ed5faa316a,0.001964384689927101,0.009071691893041134,0.9633485674858093,0.013306215405464172,0.012309258803725243,2,2
TCGA-A2-A1G1-01A-02-TSB.084536c6-00fe-428c-b744-47d391f0a0ef,0.48477882146835327,0.18754345178604126,0.08539394289255142,0.21883684396743774,0.023446932435035706,0,0
TCGA-A2-A1G4-01A-01-TSA.5d86407e-c67e-421b-8d36-330113e2205a,0.028414446860551834,0.025830544531345367,0.8572804927825928,0.06985601782798767,0.018618501722812653,2,2
TCGA-A2-A1G6-01A-01-TSA.da860c75-25a5-4542-b546-e14c8beb8649,0.02364671416580677,0.021963737905025482,0.6904664039611816,0.03499036654829979,0.22893279790878296,2,2
TCGA-A2-A259-01A-01-TSA.73bdd76e-4e45-4e13-90db-c996e5446c94,0.011774683371186256,0.01481214165687561,0.9125922322273254,0.048280324786901474,0.012540648691356182,2,2
TCGA-A2-A25A-01A-01-TSA.e00dd3e2-e129-4dc6-84a4-5a6385e8bb29,0.007085865829139948,0.008014417253434658,0.8132947683334351,0.016653064638376236,0.15495188534259796,2,2
TCGA-A2-A25B-01A-01-TSA.43dd69c3-6ce1-478c-9e4d-ee01974ef7bf,0.05804894492030144,0.09255170822143555,0.41591107845306396,0.4256066679954529,0.007881633006036282,3,3
TCGA-A2-A25C-01A-01-TSA.e71b7275-0ac4-4d98-9f31-044c28153b39,0.004678694065660238,0.023174714297056198,0.9106044173240662,0.029895156621932983,0.0316469669342041,2,2
TCGA-A2-A25D-01A-01-TSA.f5616a1d-8a54-43a1-ade2-c3e63f8db896,0.050003502517938614,0.047947004437446594,0.6849327087402344,0.14679813385009766,0.07031863927841187,2,2
TCGA-A2-A25E-01A-01-TSA.d01b323d-2c94-4a89-96dc-5c3d7ed76916,0.11567984521389008,0.05558527633547783,0.6618300080299377,0.14329059422016144,0.023614229634404182,2,2
TCGA-A2-A25F-01A-01-TSA.3c7665d4-4d6f-4540-9d4c-d57378c1849e,0.3641882538795471,0.11382904648780823,0.2894071340560913,0.21096207201480865,0.021613512188196182,0,0
TCGA-A2-A3KC-01A-01-TSA.7390B45C-AB94-4000-B177-A39D64BC275C,0.010035197250545025,0.033756691962480545,0.8321248292922974,0.0440179742872715,0.08006531000137329,2,2
TCGA-A2-A3KD-01A-01-TSA.6CE03E54-350A-4AA7-A249-E55FF073FCB2,0.03978642448782921,0.03604649007320404,0.844028115272522,0.04464683681726456,0.0354921855032444,2,2
TCGA-A2-A3XS-01A-01-TS1.AFFAE37C-A13F-45C6-A323-025B310C46E0,0.04965191334486008,0.0467752180993557,0.7984954118728638,0.08859474956989288,0.016482694074511528,2,2
TCGA-A2-A3XT-01A-01-TSA.8B6C4952-F4D6-42C2-86FD-54C42917AC77,0.7050004005432129,0.07644883543252945,0.08116717636585236,0.10960127413272858,0.02778235450387001,0,0
TCGA-A2-A3XU-01A-01-TSA.9E569A13-1F17-44E2-9D19-31D8FB19ED4A,0.15191155672073364,0.07156366854906082,0.6008992791175842,0.15553955733776093,0.02008599415421486,2,2
TCGA-A2-A3XV-01A-02-TSB.FF8434E6-B703-43FE-AC0A-AE53131F1EC6,0.32371091842651367,0.22443972527980804,0.2725569009780884,0.12459319829940796,0.05469919368624687,0,0
TCGA-A2-A3XW-01A-01-TSA.9E735B6D-B89D-4A42-9150-3A3CCBACF061,0.010558414272964,0.02663801982998848,0.8767226934432983,0.07672934979200363,0.009351524524390697,2,2
TCGA-A2-A3XX-01A-02-TSB.01B489E3-2FE7-4ED4-AF28-04850E1FD9FF,0.11097374558448792,0.041551511734724045,0.6768717169761658,0.15990786254405975,0.010695111006498337,2,2
TCGA-A2-A3XY-01A-01-TSA.6437CD74-9C3D-481E-923E-00A8681EC078,0.20416991412639618,0.1758274883031845,0.469368577003479,0.1239367350935936,0.02669733576476574,2,2
TCGA-A2-A3XZ-01A-04-TSD.F4F20F43-4A8B-4697-A46A-E43250604983,0.10234152525663376,0.06882649660110474,0.5272250771522522,0.28986456990242004,0.011742310598492622,2,2
TCGA-A2-A3Y0-01A-01-TSA.E893B34E-47F9-4B40-B0AC-3D217F32F614,0.9270672798156738,0.018217192962765694,0.014456107281148434,0.02972874417901039,0.010530666448175907,0,0
TCGA-A2-A4RW-01A-02-TSB.32243877-C7DF-4FA5-BCA9-031B6E8F085F,0.033200815320014954,0.05351399630308151,0.813277542591095,0.08652240037918091,0.013485276140272617,2,2
TCGA-A2-A4RX-01A-01-TSA.7303EA28-797E-4688-9881-417E0D773418,0.22620515525341034,0.07964077591896057,0.581703245639801,0.08717840164899826,0.025272397324442863,2,2
TCGA-A2-A4RY-01A-03-TSC.AD01C137-2742-4508-A068-D87CAE17E1DA,0.011410572566092014,0.05952807143330574,0.7986050844192505,0.04750676080584526,0.08294948190450668,2,2
TCGA-A2-A4S0-01A-02-TSB.F1106319-81B9-4561-B6E3-D50282A0E42A,0.007890356704592705,0.024403464049100876,0.8704278469085693,0.08285164833068848,0.014426646754145622,2,2
TCGA-A2-A4S2-01A-01-TSA.2C323592-205E-4066-AC07-3CF055B9089C,0.0436590276658535,0.07024038583040237,0.6165861487388611,0.17685472965240479,0.09265973418951035,2,2
TCGA-A2-A4S3-01A-02-TSB.8DF9D6C3-017C-448F-A04B-68F2F69279B7,0.04284766688942909,0.1421477049589157,0.5155510306358337,0.2805565893650055,0.0188970398157835,2,2
TCGA-A7-A0CD-01A-01-BSA.a48267de-7bf0-409f-a8b5-9712f2e06a90,0.010996977798640728,0.02561258338391781,0.8726609945297241,0.07304778695106506,0.017681680619716644,2,2
TCGA-A7-A0CD-01A-01-TSA.8966c3d7-c0d2-47a4-badf-df9412a1e5f0,0.005459694191813469,0.011765344999730587,0.9030077457427979,0.07529623061418533,0.0044709499925374985,2,2
TCGA-A7-A0CE-01A-01-BS1.33fde61b-7c02-43d1-978f-56808f6a278e,0.5227311849594116,0.10130371153354645,0.15339957177639008,0.19898180663585663,0.02358369715511799,0,0
TCGA-A7-A0CE-01A-01-TS1.3025a9c8-a7e4-4048-bcf0-a28720c0f96b,0.47588610649108887,0.12025556713342667,0.20167595148086548,0.18332917988300323,0.018853282555937767,0,0
TCGA-A7-A0CG-01A-01-BS1.418d89f9-9b2b-4918-abde-431da0a0e601,0.023226970806717873,0.07279648631811142,0.6773174405097961,0.10368917137384415,0.12296994030475616,2,2
TCGA-A7-A0CG-01A-01-TS1.7c898f34-39c1-4a61-bc74-e169bce13449,0.017046798020601273,0.053544871509075165,0.77431720495224,0.07122737914323807,0.0838637724518776,2,2
TCGA-A7-A0CH-01A-01-BS1.73ec327b-b515-483f-a8e0-acf503dbb16a,0.02033963054418564,0.06620877981185913,0.8124729990959167,0.08588166534900665,0.015096930786967278,2,2
TCGA-A7-A0CH-01A-02-BS2.35a53501-d7ed-4476-bf3e-60ae9b6b9829,0.006588239222764969,0.0441255122423172,0.8389309048652649,0.10057134926319122,0.009783955290913582,2,2
TCGA-A7-A0CJ-01A-02-BSB.c0dd564e-d0a6-4e94-b050-824b05d29f23,0.18578709661960602,0.07320871204137802,0.39091458916664124,0.3345666825771332,0.015522857196629047,2,2
TCGA-A7-A0CJ-01A-02-TSB.e090ba35-b5b7-469f-a267-8c8c68bc2c2b,0.15020079910755157,0.10756343603134155,0.4182592034339905,0.3058052361011505,0.018171295523643494,2,2
TCGA-A7-A0D9-01A-02-BS2.1b3d154c-b20b-48f4-a848-b568676ea619,0.02620626799762249,0.019310761243104935,0.9001021981239319,0.04480414465069771,0.009576664306223392,2,2
TCGA-A7-A0D9-01A-03-BS3.32f8b687-d044-4a69-a179-80ea0ee03c7b,0.02452685870230198,0.01049424335360527,0.9120800495147705,0.04699624329805374,0.0059025948867201805,2,2
TCGA-A7-A0DA-01A-03-TS3.fec083e6-27fd-41ee-b44b-7bb1f9ec2d12,0.08443725854158401,0.18857146799564362,0.3518811762332916,0.34850671887397766,0.026603365316987038,2,2
TCGA-A7-A0DB-01A-01-BSA.9351ffab-bcdc-4b6d-82df-c9b696a96d9c,0.03360364958643913,0.08796200156211853,0.6634351015090942,0.18369710445404053,0.03130210191011429,2,2
TCGA-A7-A0DB-01A-01-TSA.490f70ed-fcdf-442d-b750-039b22d9464f,0.11085359752178192,0.11245661228895187,0.46986547112464905,0.27221041917800903,0.03461386263370514,2,2
TCGA-A7-A0DC-01A-01-BS1.1129f718-410c-4fb7-9eeb-7a04d76487b6,0.03423002362251282,0.022767528891563416,0.8071359395980835,0.12004197388887405,0.015824520960450172,2,2
TCGA-A7-A0DC-01A-01-TS1.19dd493c-9563-416b-8e3f-71c6ef3e8e95,0.03410904109477997,0.019477616995573044,0.7756961584091187,0.15961235761642456,0.011104803532361984,2,2
TCGA-A7-A13D-01A-01-BS1.3182c3e9-b439-4e20-9445-207142d22dba,0.7376176118850708,0.03909168764948845,0.08428865671157837,0.11711093038320541,0.02189105749130249,0,0
TCGA-A7-A13D-01A-01-TS1.e486c65b-370b-41df-8cd9-bcadaf1f88bd,0.36913150548934937,0.11170275509357452,0.19419486820697784,0.28607407212257385,0.038896769285202026,0,0
TCGA-A7-A13E-01A-01-BSA.6abb32ba-9836-4032-94cb-7113e0dce7aa,0.0638013705611229,0.027168553322553635,0.6600570678710938,0.23977552354335785,0.009197453036904335,2,2
TCGA-A7-A13E-01A-01-TSA.4f107ed6-13b7-4685-9baf-d7ba5a4adeff,0.04011937603354454,0.07162964344024658,0.7405600547790527,0.14195483922958374,0.00573613541200757,2,2
TCGA-A7-A13F-01A-01-BS1.96f41b20-1b8b-4a7d-93ed-6b8b2cbe1150,0.03752024099230766,0.10723420232534409,0.6023978590965271,0.1889219433069229,0.06392578780651093,2,2
TCGA-A7-A13F-01A-01-TS1.6e5cfefb-e31f-447e-b8cf-d3d5294d3421,0.029452387243509293,0.10474392771720886,0.6130565404891968,0.21698740124702454,0.03575969487428665,2,2
TCGA-A7-A13G-01A-01-BS1.0f72aeb4-0052-486f-9305-449200e92028,0.004009405616670847,0.01644042693078518,0.9520599842071533,0.020900875329971313,0.006589432712644339,2,2
TCGA-A7-A13G-01A-01-TS1.a3f33960-ef9c-4b46-83d2-b08dc677f2bd,0.004134874790906906,0.025121979415416718,0.938442587852478,0.027428077533841133,0.004872382152825594,2,2
TCGA-A7-A13H-01A-01-BS1.FB43E6CF-E952-476B-9A90-A506F37829A9,0.011616160161793232,0.013301365077495575,0.9119212031364441,0.014329454861581326,0.048831842839717865,2,2
TCGA-A7-A13H-01A-01-MS1.D6BDC38A-8528-46CA-91EE-4069A8CCD1C5,0.011397094465792179,0.015146326273679733,0.9121289253234863,0.025841187685728073,0.035486526787281036,2,2
TCGA-A7-A26E-01A-01-TSA.c3b5e8a1-130a-41b4-b05f-06f86abd3e21,0.006716650445014238,0.013309874571859837,0.9185276627540588,0.022090429440140724,0.03935539722442627,2,2
TCGA-A7-A26F-01A-02-TSB.3605e414-b036-4800-89b3-cb7db712c258,0.8168491125106812,0.0946783497929573,0.03156305477023125,0.03976345807313919,0.017146095633506775,0,0
TCGA-A7-A26G-01A-02-TSB.3260508e-32e6-47f3-b43b-91ec7056b27c,0.06529851257801056,0.21556048095226288,0.5474777817726135,0.12178738415241241,0.04987581819295883,2,2
TCGA-A7-A26H-01A-01-TSA.347c13da-e59c-4083-a1d1-1117d056129a,0.05186859518289566,0.03816429525613785,0.7578014731407166,0.13921554386615753,0.012950051575899124,2,2
TCGA-A7-A26I-01A-01-TSA.2fd782cc-a69a-4c7d-92a3-50f0c6351968,0.4326443672180176,0.10225953161716461,0.14467252790927887,0.29808759689331055,0.02233596332371235,0,0
TCGA-A7-A26J-01A-01-TSA.8fbc78f7-d21e-455a-989b-3779af6a0e95,0.007629739120602608,0.029477018862962723,0.8997483849525452,0.05275538191199303,0.010389425791800022,2,2
TCGA-A7-A2KD-01A-03-TSC.CC1E46B0-7920-4F91-AE61-A9A78BF724DB,0.03881586715579033,0.07857433706521988,0.6631379127502441,0.20823898911476135,0.011232842691242695,2,2
TCGA-A7-A3IY-01A-02-TSB.6F9F17E8-548D-4FCA-83D8-1E3C62882BF5,0.03143000975251198,0.021377786993980408,0.8556629419326782,0.07901855558156967,0.012510706670582294,2,2
TCGA-A7-A3IZ-01A-01-TSA.EFEAFBBB-4EED-4894-BAFD-77AAC5783062,0.04956422373652458,0.023216692730784416,0.8176524639129639,0.10467515140771866,0.0048915366642177105,2,2
TCGA-A7-A3J0-01A-01-TSA.B5370575-81BF-4A6F-9701-BD12587AE98C,0.0034413503017276525,0.010367631912231445,0.9431459307670593,0.03638704493641853,0.006658012047410011,2,2
TCGA-A7-A3J1-01A-01-TSA.D14A671A-1EF3-4D1D-8253-B2D573FAE447,0.0110934441909194,0.016728205606341362,0.8456181287765503,0.01893836446106434,0.10762178152799606,2,2
TCGA-A7-A3RF-01A-01-TS1.88AFA1D1-A9CF-4E90-929A-023D9656B203,0.055902689695358276,0.06418605893850327,0.5398159623146057,0.32392418384552,0.01617112010717392,2,2
TCGA-A7-A425-01A-01-TSA.D8ECCE2B-4CC3-4459-8C20-9F21DE0F9241,0.012257170863449574,0.02730102278292179,0.8383452892303467,0.08444794267416,0.037648510187864304,2,2
TCGA-A7-A426-01A-02-TSB.F4C4E7A7-98C9-44AA-8D15-A9A75D414482,0.019250094890594482,0.011455975472927094,0.8240702748298645,0.018550097942352295,0.12667354941368103,2,2
TCGA-A7-A4SA-01A-01-TS1.6BABADF3-6C88-40C7-AF2E-C799B22BF428,0.009031370282173157,0.03945649415254593,0.8681918978691101,0.05575130134820938,0.02756890282034874,2,2
TCGA-A7-A4SB-01A-02-TSB.C5F241F1-8E0C-46A9-96CF-17AC925C51AC,0.03856728971004486,0.0431358776986599,0.6913976073265076,0.10421368479728699,0.1226855218410492,2,2
TCGA-A7-A4SC-01A-01-TS1.039AAA5C-0866-45EF-9FD2-36F9A6AA58AA,0.03139130771160126,0.03877850994467735,0.7273670434951782,0.08321166783571243,0.11925148218870163,2,2
TCGA-A7-A4SD-01A-01-TS1.1FF59A1D-351F-4F25-B843-667F387A2C04,0.6588846445083618,0.06984725594520569,0.11059266328811646,0.14348812401294708,0.01718731038272381,0,0
TCGA-A7-A4SE-01A-01-TSA.E85740C0-F763-4776-A6BB-847C10CCA21C,0.11334971338510513,0.13464537262916565,0.5076290965080261,0.2296159714460373,0.014759866520762444,2,2
TCGA-A7-A4SF-01A-01-TSA.A9D65EF2-4CD0-41BC-98D0-FF6495369BF3,0.16509559750556946,0.1864406168460846,0.23920318484306335,0.387949138879776,0.02131144143640995,3,3
TCGA-A7-A56D-01A-01-TS1.AD278013-D26A-4CA2-9B22-308E79763904,0.11109636723995209,0.1967712640762329,0.4076695144176483,0.25717851519584656,0.027284400537610054,2,2
TCGA-A7-A5ZV-01A-01-TS1.7D506802-D2B5-4BFB-AB73-B62C87558D9B,0.7986142635345459,0.031514059752225876,0.05298469588160515,0.09985416382551193,0.017032789066433907,0,0
TCGA-A7-A5ZW-01A-01-TS1.06909389-EBB0-43BB-AE11-A1C0449EADFA,0.013445266522467136,0.04950515553355217,0.8252260088920593,0.053785160183906555,0.058038484305143356,2,2
TCGA-A7-A5ZX-01A-01-TS1.34A6187F-702F-49C0-BF87-4C496FB5DD43,0.005434749647974968,0.013703333213925362,0.9227142930030823,0.011138521134853363,0.04700912907719612,2,2
TCGA-A7-A6VV-01A-02-TS2.B2C40F30-C888-4D29-8972-90912466A8B7,0.4198492765426636,0.09529610723257065,0.3290649354457855,0.14336256682872772,0.012427105568349361,0,0
TCGA-A7-A6VW-01A-02-TS2.4A09D2AC-A574-40F1-9247-2729EFD0EDAA,0.31479477882385254,0.12275933474302292,0.35103777050971985,0.19480569660663605,0.016602374613285065,2,2
TCGA-A7-A6VX-01A-01-TSA.FAF08659-F16A-431F-BC37-276F833282B1,0.05928485468029976,0.02677024155855179,0.8243572115898132,0.07907729595899582,0.01051038783043623,2,2
TCGA-A7-A6VY-01A-01-TS1.4B42F3E6-561C-47FF-A124-DE2462E1667B,0.149828240275383,0.2485021948814392,0.3658863604068756,0.22101975977420807,0.01476339716464281,2,2
TCGA-A8-A06N-01A-01-BS1.12bf6cf9-767e-469a-ab07-accd6b3b134e,0.23681196570396423,0.04044318199157715,0.29879170656204224,0.4048476219177246,0.019105486571788788,3,3
TCGA-A8-A06N-01A-01-TS1.0e8d431f-4df4-4e2e-a8d2-3febb0f1beb9,0.37724658846855164,0.028629716485738754,0.37172722816467285,0.20186461508274078,0.020531851798295975,0,0
TCGA-A8-A06O-01A-01-BS1.7234aaa1-d5b0-41e1-a65a-8011581f6073,0.02723613940179348,0.046797916293144226,0.5912167429924011,0.3189135193824768,0.015835704281926155,2,2
TCGA-A8-A06O-01A-01-TS1.c6bc9018-5000-4232-b406-8bd4d515f473,0.04932575300335884,0.07093830406665802,0.26583507657051086,0.6003414988517761,0.013559426181018353,3,3
TCGA-A8-A06P-01A-01-BS1.841bd06a-953c-4c04-af50-23d530579908,0.02470320649445057,0.09571560472249985,0.7323916554450989,0.1392991691827774,0.007890421897172928,2,2
TCGA-A8-A06P-01A-01-TS1.bfe56de2-bb0d-4164-ac99-cd126521b63d,0.018220048397779465,0.06322133541107178,0.8227589130401611,0.08533210307359695,0.010467625223100185,2,2
TCGA-A8-A06Q-01A-01-BS1.3e519802-6b1b-46b6-8e86-0151159873bb,0.2997495234012604,0.22533954679965973,0.17495226860046387,0.2780400216579437,0.02191866561770439,0,0
TCGA-A8-A06Q-01A-01-TS1.6a3caeab-6ec9-4829-b7e2-dbe7a6279a54,0.4978789985179901,0.1541992872953415,0.10329803079366684,0.22235459089279175,0.02226915955543518,0,0
TCGA-A8-A06R-01A-01-BS1.81f34f39-e1c2-4769-aaa3-5aa5df1c3543,0.20262542366981506,0.13111530244350433,0.10764524340629578,0.5460284948348999,0.012585504911839962,3,3
TCGA-A8-A06R-01A-01-TS1.c1e2ceb6-b40d-4ab6-a891-f8a3642dbb8e,0.21794191002845764,0.10252644121646881,0.3407479524612427,0.31452417373657227,0.0242595374584198,2,2
TCGA-A8-A06T-01A-01-BS1.288263c3-b0ed-4b09-baba-f44f099ec7b3,0.07875218987464905,0.04157638922333717,0.4357897639274597,0.43315765261650085,0.010723965242505074,2,2
TCGA-A8-A06T-01A-01-TS1.c5584b57-d2a6-45dc-aebb-33f801b5a3f0,0.05321752279996872,0.03793434798717499,0.5828619003295898,0.3147982954978943,0.011187922209501266,2,2
TCGA-A8-A06U-01A-01-BS1.1182603b-20e7-4a0e-a686-055841cf5ca4,0.03381671756505966,0.04672743380069733,0.6490978002548218,0.2591612935066223,0.011196685954928398,2,2
TCGA-A8-A06X-01A-02-BS2.eaf95778-4d99-4a85-bff2-57e2c66bebac,0.053678542375564575,0.0573347769677639,0.6902111768722534,0.18715153634548187,0.011624000035226345,2,2
TCGA-A8-A06X-01A-02-MS2.0554a423-cfcb-4daa-9c57-dd3960aa2614,0.03631089627742767,0.08537212014198303,0.5473272800445557,0.30559641122817993,0.025393273681402206,2,2
TCGA-A8-A06Y-01A-01-BS1.69eb0a92-553f-49ee-a172-7ce427e7b151,0.19720803201198578,0.0999717116355896,0.5232789516448975,0.13766083121299744,0.04188046231865883,2,2
TCGA-A8-A06Y-01A-02-BS2.2c1965cc-99ae-48ee-8abd-5d0ae6727a33,0.07771572470664978,0.07132354378700256,0.6691630482673645,0.14824825525283813,0.03354943171143532,2,2
TCGA-A8-A06Z-01A-01-BS1.d29f4573-c196-4e24-813d-131a00f55b78,0.04593026638031006,0.030613640323281288,0.4164186120033264,0.5024363398551941,0.004601155407726765,3,3
TCGA-A8-A06Z-01A-01-TS1.7bbdf988-c2f4-4c2a-975d-249efe34d802,0.09401442855596542,0.08631224930286407,0.45788276195526123,0.338153600692749,0.0236369576305151,2,2
TCGA-A8-A075-01A-01-BS1.f15749fb-e5fd-4124-ad85-eec12751816b,0.10636572539806366,0.0659852996468544,0.37410295009613037,0.4435413181781769,0.010004736483097076,3,3
TCGA-A8-A075-01A-01-TS1.3658536c-c029-4685-979f-11e914e53e4e,0.08279934525489807,0.10220535844564438,0.34333503246307373,0.46440577507019043,0.007254448253661394,3,3
TCGA-A8-A076-01A-02-BSB.7619e564-4d3c-40b9-ad85-5bb8dd934d3b,0.16678009927272797,0.11308935284614563,0.1457706242799759,0.5667707920074463,0.007589097134768963,3,3
TCGA-A8-A076-01A-02-TSB.6a8058db-d92b-4a26-8b84-5ccd4cb198e3,0.12217890471220016,0.07889697700738907,0.353870689868927,0.4348072409629822,0.010246222838759422,3,3
TCGA-A8-A079-01A-02-BS2.af4b2721-1e8c-4b61-b03f-1a50c2366832,0.07661590725183487,0.02946493774652481,0.33949851989746094,0.5443557500839233,0.01006486639380455,3,3
TCGA-A8-A079-01A-02-MS2.62d794d5-a44b-493b-be71-30f31bc80b9e,0.04757856950163841,0.05051560327410698,0.33747774362564087,0.5553852915763855,0.009042742662131786,3,3
TCGA-A8-A07B-01A-01-BS1.b1f937c2-0868-4c6a-a85f-cc4853c0a639,0.024852104485034943,0.1520673930644989,0.42694544792175293,0.38602256774902344,0.01011249516159296,2,2
TCGA-A8-A07B-01A-01-TS1.0e9cc322-519c-49e1-ab3b-25e66a24ef92,0.044499363750219345,0.20438705384731293,0.40000495314598083,0.3287656903266907,0.022342916578054428,2,2
TCGA-A8-A07C-01A-01-BS1.eadc6878-4240-45b2-b1a1-b1ea9fabf910,0.6472396850585938,0.05827290564775467,0.07906962186098099,0.2010812610387802,0.01433651428669691,0,0
TCGA-A8-A07C-01A-01-TS1.7dee31cc-5d71-4358-b225-6010ad89c170,0.4295198321342468,0.10583404451608658,0.12190749496221542,0.3277742564678192,0.014964401721954346,0,0
TCGA-A8-A07E-01A-01-BS1.8abb7f07-0836-454b-9461-a86ada8f2188,0.017126239836215973,0.033458877354860306,0.8813040256500244,0.046067845076322556,0.02204306796193123,2,2
TCGA-A8-A07E-01A-01-TS1.6861c3fd-60df-457a-8d4f-28298d7d15c6,0.03122621960937977,0.05383587256073952,0.7506395578384399,0.11549301445484161,0.04880532622337341,2,2
TCGA-A8-A07F-01A-01-BS1.288ddf7f-30dc-4fed-a4ca-18fa8172e3ee,0.020326990634202957,0.1356954127550125,0.607769250869751,0.20610806345939636,0.030100306496024132,2,2
TCGA-A8-A07F-01A-01-TS1.b4547802-0778-49f5-8465-4e3de9ffbf41,0.05649092048406601,0.09503418952226639,0.5027738213539124,0.2991500496864319,0.046551041305065155,2,2
TCGA-A8-A07G-01A-01-BS1.77d7598e-9d52-424b-8e97-50f45155b8b7,0.014369347132742405,0.08976433426141739,0.7874793410301208,0.09273755550384521,0.01564939133822918,2,2
TCGA-A8-A07G-01A-01-TS1.ed5520f2-535b-4bb4-b580-b2372714d3fb,0.020697414875030518,0.18259023129940033,0.612443745136261,0.16725096106529236,0.017017653211951256,2,2
TCGA-A8-A07I-01A-01-BSA.f3f1a0f0-5e66-4829-aa6d-c692c13a8bf8,0.01045762374997139,0.05093373358249664,0.8350527286529541,0.08930191397666931,0.014254031702876091,2,2
TCGA-A8-A07I-01A-01-TSA.582a3393-09bb-43b2-907c-ba9c27db5b13,0.02567230351269245,0.0941876545548439,0.6606773138046265,0.20877429842948914,0.010688502341508865,2,2
TCGA-A8-A07J-01A-01-BS1.c9f54364-bf94-4431-9d02-8c2ec1732d02,0.004696256946772337,0.02116730995476246,0.9337378144264221,0.027603380382061005,0.012795294634997845,2,2
TCGA-A8-A07J-01A-01-TS1.d11bd110-d6ef-46c3-b41c-c09ef5f61f3d,0.009544153697788715,0.029016053304076195,0.9012208580970764,0.045712798833847046,0.014506102539598942,2,2
TCGA-A8-A07J-01A-02-BS2.5d44b586-7e36-46f9-bfc8-8f8afce34625,0.007763977628201246,0.029482511803507805,0.8956744074821472,0.04837985336780548,0.01869920827448368,2,2
TCGA-A8-A07L-01A-01-BS1.d3dbb2ea-0d8a-4fe3-8a68-77c86ce5dd6b,0.011038013733923435,0.04697297513484955,0.7812343239784241,0.15540681779384613,0.0053478628396987915,2,2
TCGA-A8-A07L-01A-01-TS1.ef6b6a88-8ca0-4d4f-90fe-4996e6a12e0f,0.013300119899213314,0.0532834492623806,0.7183796763420105,0.2095281034708023,0.005508601199835539,2,2
TCGA-A8-A07O-01A-01-BS1.073882c6-14ca-4b97-8992-fbfe1e9479c7,0.8918761610984802,0.042719729244709015,0.013906669802963734,0.04447685927152634,0.007020613644272089,0,0
TCGA-A8-A07O-01A-01-TS1.19908799-8b6d-43fb-8555-2db3071f0d31,0.8517084121704102,0.060568369925022125,0.020220531150698662,0.05674638971686363,0.01075631845742464,0,0
TCGA-A8-A07P-01A-01-BS1.4bb95702-b8db-403d-9f30-1519eb9c7b11,0.055611561983823776,0.06980431079864502,0.5614526867866516,0.29709669947624207,0.01603471301496029,2,2
TCGA-A8-A07P-01A-01-TS1.26774e35-740d-4849-b1bb-b89bbc1667d4,0.08205708861351013,0.15971840918064117,0.3737853765487671,0.37224113941192627,0.012197982519865036,2,2
TCGA-A8-A07R-01A-01-BS1.12d7cbf6-6c9e-43b0-b386-4ba1a0a29e04,0.24953755736351013,0.10957907885313034,0.13716669380664825,0.48576343059539795,0.01795317977666855,3,3
TCGA-A8-A07R-01A-02-BS2.b6186fb0-2c74-487c-8d80-1fbc33600982,0.29617011547088623,0.08861488848924637,0.1103687435388565,0.4919413924217224,0.012904929928481579,3,3
TCGA-A8-A07S-01A-01-BS1.84cf353c-1994-430c-9ad3-f8dfe6f72b4b,0.03030475601553917,0.0657525360584259,0.5443179607391357,0.3533601462841034,0.006264571100473404,2,2
TCGA-A8-A07S-01A-01-TS1.ea94ca6e-4047-4eb8-8218-a9a393fb347d,0.023750795051455498,0.051791805773973465,0.5815848708152771,0.3388880491256714,0.003984477370977402,2,2
TCGA-A8-A07U-01A-01-MS1.92764161-0edd-431b-a770-259c8e240364,0.6430667638778687,0.10573117434978485,0.13619990646839142,0.09578286856412888,0.01921926438808441,0,0
TCGA-A8-A07U-01A-01-TS1.f7ef0926-a88e-4ad1-88a4-2369a3b8e5dd,0.7300124168395996,0.11279052495956421,0.06492561846971512,0.07966170459985733,0.01260971836745739,0,0
TCGA-A8-A07W-01A-01-BSA.0f13b36e-14b4-4e59-8800-2e8d86b08079,0.041911784559488297,0.03978452831506729,0.7087242007255554,0.19995169341564178,0.009627771563827991,2,2
TCGA-A8-A07W-01A-01-TSA.eae41004-b3f5-4528-9e95-cbda9ea764c1,0.05348237603902817,0.054131027311086655,0.4416287839412689,0.4422603249549866,0.00849746074527502,3,3
TCGA-A8-A07Z-01A-01-BS1.9ea011c8-570d-479f-9023-54ddc5fe1e04,0.02618134766817093,0.05328032001852989,0.5302042961120605,0.38216444849967957,0.008169603534042835,2,2
TCGA-A8-A07Z-01A-01-TS1.3f1c6bb6-4c45-41ab-96cd-8b9003751009,0.04494374990463257,0.0541217140853405,0.6287978887557983,0.24085001647472382,0.03128661960363388,2,2
TCGA-A8-A081-01A-01-BS1.e32b7065-c27c-48dc-bfc1-97ec920ee1a4,0.10856927186250687,0.07268069684505463,0.42938148975372314,0.37793436646461487,0.011434189043939114,2,2
TCGA-A8-A081-01A-01-TS1.83c4b643-47aa-4bfb-b116-0fd0146e4fc5,0.19354239106178284,0.09774497151374817,0.44504591822624207,0.24701263010501862,0.016654055565595627,2,2
TCGA-A8-A082-01A-01-BS1.eb5e4053-9044-46f8-adeb-93d86318ec71,0.018672890961170197,0.04550265893340111,0.6203576922416687,0.3022420406341553,0.013224751688539982,2,2
TCGA-A8-A082-01A-01-TS1.3cad4a77-47a6-4658-becf-d8cffa161d3a,0.011340966448187828,0.022485170513391495,0.5930765867233276,0.3666069209575653,0.00649031950160861,2,2
TCGA-A8-A083-01A-01-BS1.c88095e4-de9c-4e38-ac8e-70ac290b1dfb,0.03768208995461464,0.03165566548705101,0.6653635501861572,0.25683510303497314,0.008463569916784763,2,2
TCGA-A8-A083-01A-02-MS2.b47eda6e-54a6-4cfe-be0b-bbcb776be723,0.03548319265246391,0.04307468235492706,0.7410038113594055,0.16730625927448273,0.013132113963365555,2,2
TCGA-A8-A084-01A-02-BS2.17dfc662-eae2-414b-96c7-741071b4955b,0.029080161824822426,0.11841698735952377,0.39158138632774353,0.4477531611919403,0.013168281875550747,3,3
TCGA-A8-A084-01A-02-MS2.20452f22-4c24-488f-a8e5-e7594579888c,0.0557381696999073,0.2707713544368744,0.18517780303955078,0.46502548456192017,0.023287154734134674,3,3
TCGA-A8-A085-01A-01-BS1.6119b721-29a2-4fbc-ac0b-1091877a8b29,0.014853437431156635,0.0682280883193016,0.6698279976844788,0.23830822110176086,0.008782210759818554,2,2
TCGA-A8-A085-01A-01-TS1.fa2aa0e5-c6fb-44fa-b407-9fa5b2912a81,0.0747716948390007,0.151972234249115,0.5509925484657288,0.19288912415504456,0.02937442809343338,2,2
TCGA-A8-A086-01A-01-BSA.f75d10e3-5a89-4b4f-9b40-6bca77731bb2,0.006896593142300844,0.027793219313025475,0.8893758058547974,0.06895789504051208,0.006976427976042032,2,2
TCGA-A8-A086-01A-01-TSA.a432a95f-5863-4ad9-a2eb-7f986c62e096,0.007147743832319975,0.036066193133592606,0.8098505735397339,0.14080233871936798,0.006133093032985926,2,2
TCGA-A8-A08A-01A-01-BS1.db510b27-0937-42da-b559-6d65271401f1,0.021167870610952377,0.0692308247089386,0.6768707036972046,0.2225373089313507,0.010193313471972942,2,2
TCGA-A8-A08A-01A-01-TS1.e7bdf564-67d2-46dc-bd6a-439cdc74e163,0.02378881722688675,0.05787508934736252,0.6327850818634033,0.270769327878952,0.01478161383420229,2,2
TCGA-A8-A08B-01A-01-BS1.cd256d6e-99c5-4b32-8bbc-7c1811004b8b,0.03746839240193367,0.08245515823364258,0.7087773084640503,0.16236408054828644,0.008935103192925453,2,2
TCGA-A8-A08B-01A-01-MS1.6513191e-0189-4a23-9a56-5ac94a553b43,0.061156872659921646,0.10508621484041214,0.6558378338813782,0.16065886616706848,0.017260150983929634,2,2
TCGA-A8-A08C-01A-01-BS1.5330b5f5-7bcf-4ca1-8ebc-cae280221961,0.006466659251600504,0.022578544914722443,0.8509100079536438,0.11342912912368774,0.006615662947297096,2,2
TCGA-A8-A08C-01A-01-TS1.fc1246d4-246a-482f-a819-b80f25b95f87,0.016552573069930077,0.03920610249042511,0.7882747054100037,0.1460336148738861,0.009933097288012505,2,2
TCGA-A8-A08F-01A-01-BS1.efa980a8-9019-4413-94a1-72f68fe860e9,0.12667712569236755,0.07146091014146805,0.34914249181747437,0.44191497564315796,0.010804498568177223,3,3
TCGA-A8-A08F-01A-01-TS1.e2b24767-1df7-431b-bba2-45d1b4e767d8,0.12404521554708481,0.062356628477573395,0.5214048027992249,0.28266531229019165,0.009527997113764286,2,2
TCGA-A8-A08G-01A-01-BS1.1db0beb9-ba79-4391-8e89-ba0ece7fd68c,0.035698339343070984,0.07367847114801407,0.6666908264160156,0.212576761841774,0.011355629190802574,2,2
TCGA-A8-A08G-01A-01-TS1.00c53463-683f-443f-b693-5673b3b564ff,0.11372195929288864,0.09476372599601746,0.5110872387886047,0.2674771845340729,0.012949860654771328,2,2
TCGA-A8-A08H-01A-01-BS1.ec8e361e-ad57-4505-8cee-f897eca575c5,0.06130495294928551,0.0988910123705864,0.5966945290565491,0.2290581315755844,0.014051363803446293,2,2
TCGA-A8-A08H-01A-02-BS2.26653396-4d2c-4614-9cb1-244e7d4fdfae,0.08970720320940018,0.09485817700624466,0.5742487907409668,0.21382935345172882,0.02735651656985283,2,2
TCGA-A8-A08I-01A-01-BS1.6a1dc7c0-efb4-45dd-b714-b4f97c92ac2f,0.12618303298950195,0.02625584974884987,0.5223970413208008,0.312654584646225,0.012509481981396675,2,2
TCGA-A8-A08I-01A-01-TS1.0634cf0b-038e-4a34-9c8e-37634b5bd935,0.30673566460609436,0.053945671766996384,0.37363654375076294,0.25122588872909546,0.014456221833825111,2,2
TCGA-A8-A08J-01A-01-BS1.c5948da8-a676-4cbf-819c-b636c968cf46,0.0794246718287468,0.18570925295352936,0.20726366341114044,0.516807496547699,0.010794931091368198,3,3
TCGA-A8-A08J-01A-01-TS1.51017c5f-8abd-4c99-89c9-b94a5a64249f,0.08073670417070389,0.1844252496957779,0.2828028202056885,0.43981465697288513,0.012220598757266998,3,3
TCGA-A8-A08L-01A-01-BSA.974269aa-b6eb-414a-afc3-0b0ceb146c9f,0.3192456364631653,0.05774577334523201,0.25319933891296387,0.34724992513656616,0.022559363394975662,3,3
TCGA-A8-A08L-01A-01-TSA.ecd66fe2-ffc0-402e-8808-7dedb0f6a5b9,0.30575478076934814,0.09191232919692993,0.2589138448238373,0.3102181553840637,0.03320091590285301,3,3
TCGA-A8-A08O-01A-01-BS1.4d78f0ab-bbcc-469e-a381-a4e9b763fd03,0.01497664675116539,0.019916178658604622,0.9044498801231384,0.052364811301231384,0.008292471058666706,2,2
TCGA-A8-A08O-01A-02-BS2.6b4babf5-86ae-4b21-ba69-9ea213e76c0d,0.01930835284292698,0.045539434999227524,0.8536655902862549,0.0722271203994751,0.00925951637327671,2,2
TCGA-A8-A08P-01A-01-BS1.c33472d7-2ca3-4195-a4fb-48118362da45,0.17594914138317108,0.10417874902486801,0.15937164425849915,0.5487524271011353,0.011748058721423149,3,3
TCGA-A8-A08P-01A-01-TS1.f72d0f1e-98aa-42b1-9c2c-6e3ed1be276e,0.1272120624780655,0.1472845822572708,0.2694185972213745,0.4417567551136017,0.014327994547784328,3,3
TCGA-A8-A08R-01A-01-BS1.7d1f1daf-4f4f-4126-8b13-3febf866f042,0.18355877697467804,0.2978934943675995,0.17378127574920654,0.33373594284057617,0.011030559428036213,3,3
TCGA-A8-A08R-01A-01-MS1.cb32d356-ca60-4eab-b186-b63ed3b941d1,0.10578259080648422,0.22290243208408356,0.3354044556617737,0.3254283368587494,0.010482164099812508,2,2
TCGA-A8-A08S-01A-01-BS1.9e9cf174-2338-4507-b5cd-a76dc2a138cc,0.0483395978808403,0.06489736586809158,0.4159596860408783,0.46432799100875854,0.006475385744124651,3,3
TCGA-A8-A08S-01A-01-MS1.12f19cd6-d2de-4cb9-9856-60f68d3d9415,0.027192790061235428,0.08586262166500092,0.4770360291004181,0.4016592502593994,0.008249280042946339,2,2
TCGA-A8-A08T-01A-01-BS1.a4f425d3-222d-4ef0-96f4-97bdde661971,0.020300718024373055,0.02955893985927105,0.8506171107292175,0.08820001035928726,0.011323235929012299,2,2
TCGA-A8-A08T-01A-02-BS2.f401c61c-3713-4bb9-a709-71423c478c8b,0.06220107898116112,0.0804188996553421,0.6356395483016968,0.16263701021671295,0.05910344794392586,2,2
TCGA-A8-A08X-01A-01-BS1.e4d6c832-f42b-4a1d-8a98-4fbdb3ce0e2a,0.10290200263261795,0.20012563467025757,0.45913708209991455,0.22524817287921906,0.012587154284119606,2,2
TCGA-A8-A08X-01A-02-BS2.4b3c6470-5a74-4ef6-a268-8fdb5b0f02ad,0.10408644378185272,0.24897775053977966,0.48702600598335266,0.14581198990345,0.014097879640758038,2,2
TCGA-A8-A08Z-01A-01-BS1.1fb87e93-fd85-4c69-a7e0-a8e3d889851a,0.07222204655408859,0.13000167906284332,0.43922844529151917,0.3345343768596649,0.02401338517665863,2,2
TCGA-A8-A08Z-01A-02-BS2.5d948ef0-cfa3-40bd-a383-ba99e6b28378,0.045430731028318405,0.03607354313135147,0.6718860864639282,0.23765823245048523,0.008951456286013126,2,2
TCGA-A8-A090-01A-01-BS1.8191e1aa-9dc1-4474-ba6e-92e33942722e,0.03593742102384567,0.06040651351213455,0.6311120390892029,0.22849130630493164,0.044052690267562866,2,2
TCGA-A8-A090-01A-01-TS1.6fd65ca8-2e04-4f0b-902a-070cd65c2d93,0.04428019002079964,0.06455885618925095,0.5180917382240295,0.3530833423137665,0.019985830411314964,2,2
TCGA-A8-A091-01A-01-BS1.e7e9318d-a627-472a-9f2e-10cc917036d3,0.0331261120736599,0.017199190333485603,0.7460340857505798,0.19379734992980957,0.009843218140304089,2,2
TCGA-A8-A091-01A-01-TS1.c06440ae-88c4-4ed8-a1be-cd23967db5c3,0.03175555542111397,0.027786435559391975,0.756810188293457,0.17568516731262207,0.007962662726640701,2,2
TCGA-A8-A092-01A-01-BS1.32f105e4-98d4-424c-a3d5-b103a6e7bc20,0.025009633973240852,0.08162088692188263,0.653537929058075,0.22936949133872986,0.010462126694619656,2,2
TCGA-A8-A092-01A-01-TS1.02da5bd6-e61a-4986-943e-a0afcfaf3d28,0.03280692547559738,0.17407537996768951,0.4513998329639435,0.3231779634952545,0.018539929762482643,2,2
TCGA-A8-A093-01A-01-BS1.3909d441-2e91-4182-ad97-9e55853961a9,0.014508064836263657,0.028731102123856544,0.8521299362182617,0.045470766723155975,0.059160128235816956,2,2
TCGA-A8-A093-01A-01-TS1.7e6676b5-51e6-4111-b21d-d11367681795,0.0064270710572600365,0.048159047961235046,0.8062302470207214,0.12986010313034058,0.00932351779192686,2,2
TCGA-A8-A094-01A-01-BS1.f21f55c9-cd4c-4677-ba95-bfe2e6a5ee0d,0.16638077795505524,0.33089426159858704,0.22527074813842773,0.2615009844303131,0.01595323532819748,1,1
TCGA-A8-A094-01A-01-TS1.f4ebf386-f3b5-4bd4-8cb5-64c14fe6bc94,0.06991012394428253,0.2926754057407379,0.254586786031723,0.3734370172023773,0.009390738792717457,3,3
TCGA-A8-A095-01A-01-BS1.4a8ab901-ac44-4973-8507-03d54f82e067,0.025557968765497208,0.04839693382382393,0.7379156947135925,0.17239753901958466,0.01573190465569496,2,2
TCGA-A8-A095-01A-01-TS1.6e35462c-2639-48ee-9503-d2689ebb0346,0.03206989914178848,0.0717460885643959,0.6601355075836182,0.2149249166250229,0.021123550832271576,2,2
TCGA-A8-A096-01A-01-BS1.fee8e940-d009-4580-b5dd-148a0218e31e,0.09242511540651321,0.0801694318652153,0.5649961233139038,0.25061777234077454,0.011791616678237915,2,2
TCGA-A8-A096-01A-01-TS1.e065fb32-52f0-49dd-a724-c689ee567379,0.1029459610581398,0.11136012524366379,0.4980171024799347,0.2562144100666046,0.03146244212985039,2,2
TCGA-A8-A097-01A-01-BS1.6b89928e-f322-487e-8b96-819e432ebd1b,0.016369841992855072,0.045712489634752274,0.8254411220550537,0.10472787916660309,0.007748638279736042,2,2
TCGA-A8-A097-01A-01-TS1.00bd646a-58cb-4be4-b2ae-9368143eaa9b,0.03201577812433243,0.07368456572294235,0.6802379488945007,0.20484212040901184,0.009219554252922535,2,2
TCGA-A8-A099-01A-01-BS1.8f83e876-23f9-4e23-b666-b08e1ef864ab,0.015652639791369438,0.044340986758470535,0.7693197131156921,0.16502869129180908,0.00565802538767457,2,2
TCGA-A8-A099-01A-01-TS1.db6b41ce-27e3-44b2-9c61-6e218f9a75b4,0.01833445392549038,0.07428430020809174,0.7753452062606812,0.12485335022211075,0.0071826656349003315,2,2
TCGA-A8-A09A-01A-01-BS1.9c0690b1-13f1-4641-bf73-fa3949875cea,0.0174703449010849,0.11472472548484802,0.7589787244796753,0.09562359750270844,0.013202650472521782,2,2
TCGA-A8-A09A-01A-01-TS1.9b259e19-e7be-4916-9123-ae29f5d62c30,0.03171546757221222,0.11804652214050293,0.7288346290588379,0.10969209671020508,0.011711220256984234,2,2
TCGA-A8-A09B-01A-01-BS1.57e0c9cd-4447-483c-9102-01ce22d30235,0.00719974422827363,0.037888795137405396,0.8527018427848816,0.09514926373958588,0.0070603108033537865,2,2
TCGA-A8-A09B-01A-01-TS1.02ded2f9-3484-42a5-a755-083c53b27f68,0.010274711064994335,0.02123614028096199,0.9251266121864319,0.03586123511195183,0.007501211483031511,2,2
TCGA-A8-A09C-01A-01-BS1.22b0b4ca-9aa2-4ef8-a0b3-933476fbd987,0.012973930686712265,0.021503522992134094,0.7366228699684143,0.22381652891635895,0.005083169788122177,2,2
TCGA-A8-A09C-01A-01-TS1.60187ffe-746b-4a98-a6b2-06a6f884f04a,0.02562089078128338,0.06113075092434883,0.4777170419692993,0.4208286702632904,0.01470260601490736,2,2
TCGA-A8-A09D-01A-01-BS1.f67237cc-27c1-4b63-8a9c-5c63791b740c,0.02878175675868988,0.03263512998819351,0.8351064324378967,0.08741415292024612,0.01606256328523159,2,2
TCGA-A8-A09D-01A-01-TS1.b95dc7b7-f0f3-4eea-be5c-2323c57e8a61,0.04256367310881615,0.05675989016890526,0.4182705879211426,0.4704305827617645,0.011975266970694065,3,3
TCGA-A8-A09E-01A-01-BS1.132ec21b-efd0-4a1a-88a1-af3c615e4647,0.014022803865373135,0.013928447850048542,0.8235578536987305,0.14311397075653076,0.005376892164349556,2,2
TCGA-A8-A09E-01A-01-TS1.cd6ea8c1-5427-4be5-9ccf-8fdc40249000,0.018822215497493744,0.0150983901694417,0.811072826385498,0.1491476446390152,0.005859027616679668,2,2
TCGA-A8-A09G-01A-01-BS1.d16e6e1e-268a-4973-97c5-8aa9cdef622b,0.02694929763674736,0.40749606490135193,0.22386936843395233,0.3081153631210327,0.03356998413801193,1,1
TCGA-A8-A09G-01A-02-BS2.e110bb6c-7c19-4ace-9507-14ef5714a74d,0.029099998995661736,0.4823063015937805,0.1956923007965088,0.2663465738296509,0.026554789394140244,1,1
TCGA-A8-A09I-01A-01-BS1.b0debb62-86b0-459f-b62b-604bb9f17e5d,0.05236230790615082,0.05583954229950905,0.5375220775604248,0.3483006954193115,0.0059754555113613605,2,2
TCGA-A8-A09I-01A-02-BS2.ca9aacf2-573b-4af2-bc50-5213526eb3a3,0.060327839106321335,0.05479525774717331,0.5956651568412781,0.2807687819004059,0.008443008176982403,2,2
TCGA-A8-A09K-01A-01-MS1.9dbe0a3e-7e8d-46f8-9819-6d130fb03459,0.08200949430465698,0.051881879568099976,0.5403345823287964,0.3037218749523163,0.022052112966775894,2,2
TCGA-A8-A09K-01A-01-TS1.8443b0b9-57e1-4bd2-957d-033a523b4caf,0.08056772500276566,0.026816807687282562,0.5713146924972534,0.3035255968570709,0.01777510717511177,2,2
TCGA-A8-A09M-01A-01-BSA.09767559-4f73-4048-9655-76c73dcd8322,0.07700362056493759,0.12293004989624023,0.30524230003356934,0.4832124710083008,0.011611510068178177,3,3
TCGA-A8-A09M-01A-01-TSA.d3865338-2456-4943-93b3-7bf1e3749684,0.08558148145675659,0.11152365803718567,0.33188825845718384,0.4594396948814392,0.011566853150725365,3,3
TCGA-A8-A09N-01A-01-BS1.48ca5ab6-429b-420a-9a89-7605aee874ab,0.06132493168115616,0.07574333250522614,0.6664310693740845,0.18352612853050232,0.012974487617611885,2,2
TCGA-A8-A09N-01A-01-TS1.7e5b6b2c-52b7-4b2a-bb39-b2e8aef29605,0.02989567257463932,0.028735894709825516,0.8114522099494934,0.12391959130764008,0.005996594205498695,2,2
TCGA-A8-A09Q-01A-01-BS1.4f8c6124-a269-4b1f-ab08-efc7806ca913,0.1212940663099289,0.11889317631721497,0.16214816272258759,0.5827106833457947,0.014953890815377235,3,3
TCGA-A8-A09Q-01A-01-TS1.d65e2efa-2d03-4fc4-924c-a87a612ec8d1,0.10959823429584503,0.20687079429626465,0.11231190711259842,0.5578998923301697,0.013319199904799461,3,3
TCGA-A8-A09R-01A-01-BS1.e7c57b70-0da9-4500-adf7-e58735f6aac7,0.04673426225781441,0.19377842545509338,0.26634490489959717,0.4864191710948944,0.006723164115101099,3,3
TCGA-A8-A09R-01A-01-TS1.76685425-6076-43bb-84d6-7b36393af99f,0.062390439212322235,0.19733598828315735,0.3283909559249878,0.4011209011077881,0.010761727578938007,3,3
TCGA-A8-A09T-01A-01-BS1.ea346b92-4ab8-40b7-a058-681a2a269463,0.01247851550579071,0.05050826445221901,0.7614964842796326,0.16575412452220917,0.009762606583535671,2,2
TCGA-A8-A09T-01A-01-TS1.46733e61-04d6-4b8f-97ba-d115e9208e9b,0.014979248866438866,0.0477139912545681,0.8195053935050964,0.1053825095295906,0.012418873608112335,2,2
TCGA-A8-A09V-01A-01-BS1.2d168522-0774-4867-a685-672e2fa1d0d0,0.0013382418546825647,0.00579643901437521,0.964620053768158,0.020834842696785927,0.007410482037812471,2,2
TCGA-A8-A09V-01A-01-TS1.14e629f6-1c04-41cc-9143-ac7a14f40f87,0.007732490077614784,0.02798546850681305,0.8749188184738159,0.06679774075746536,0.022565508261322975,2,2
TCGA-A8-A09W-01A-01-BS1.35bdda00-d682-4d57-8ce9-d1e7234b0db8,0.014505441300570965,0.09217536449432373,0.7141034603118896,0.17202462255954742,0.007191161625087261,2,2
TCGA-A8-A09W-01A-01-TS1.98c12c3a-dc1b-4e28-b3ce-89c5ad01c8bc,0.012785105034708977,0.0429823063313961,0.8513532876968384,0.07863854616880417,0.014240754768252373,2,2
TCGA-A8-A09X-01A-01-BS1.6f6ae7cd-631e-4030-9183-725f5a48c942,0.051180727779865265,0.49583688378334045,0.111784927546978,0.33103471994400024,0.010162696242332458,1,1
TCGA-A8-A09X-01A-01-TS1.d3ba5442-6c1f-4e86-8960-1befbfa026f3,0.05897340178489685,0.38796550035476685,0.15476997196674347,0.3862731158733368,0.012018019333481789,1,1
TCGA-A8-A09Z-01A-01-BS1.b0b90543-85c2-4867-9ed7-9bf913e49cc8,0.030950695276260376,0.08067075908184052,0.4018329381942749,0.4764229655265808,0.010122573003172874,3,3
TCGA-A8-A09Z-01A-01-TS1.f9bd85b3-3a3e-43c7-90f2-6bfe1ba2bd35,0.018148422241210938,0.05760537460446358,0.33526426553726196,0.5799670815467834,0.00901485700160265,3,3
TCGA-A8-A0A1-01A-01-BS1.d1aa77ae-acf6-4469-828d-ac152d6e9ed9,0.01781267486512661,0.07104353606700897,0.7860580086708069,0.10261950641870499,0.02246629074215889,2,2
TCGA-A8-A0A1-01A-01-TS1.eb96c625-348f-4355-a9d2-7e44853a1888,0.01698519103229046,0.04405669495463371,0.8366031646728516,0.07759825885295868,0.02475675940513611,2,2
TCGA-A8-A0A2-01A-01-BS1.aa79e63b-6f53-4b40-8a47-8df76d7367d2,0.012304411269724369,0.03134644404053688,0.8639605045318604,0.07145670801401138,0.020931923761963844,2,2
TCGA-A8-A0A2-01A-01-TS1.124134ed-c4d2-4a08-937c-1def71bfcc42,0.017128007486462593,0.04498342052102089,0.7823424339294434,0.13920354843139648,0.016342617571353912,2,2
TCGA-A8-A0A4-01A-01-BS1.b2f7bff9-16c8-4bf7-8228-fd2a98995fdf,0.01376779843121767,0.0261541698127985,0.8556393980979919,0.03608141466975212,0.06835726648569107,2,2
TCGA-A8-A0A4-01A-01-TS1.eaac12f0-ead1-4f67-875d-8bda8a4649d9,0.02981621026992798,0.034228622913360596,0.7639102935791016,0.031561873853206635,0.14048302173614502,2,2
TCGA-A8-A0A6-01A-01-MS1.8a85e02c-6098-4347-be13-b645b860057d,0.02963484637439251,0.12504427134990692,0.6461105942726135,0.13743354380130768,0.061776794493198395,2,2
TCGA-A8-A0A6-01A-01-TS1.0544eda9-a392-4eed-961d-9a0683b54b5d,0.039015792310237885,0.047394074499607086,0.7962632775306702,0.09047325700521469,0.0268536526709795,2,2
TCGA-A8-A0A7-01A-01-BS1.4a4d1511-7d0f-4482-bd6c-7a1ebbfe2ce6,0.10585620254278183,0.4470941126346588,0.08505363017320633,0.3434094786643982,0.01858653500676155,1,1
TCGA-A8-A0A7-01A-01-TS1.dfc11237-aff0-442f-8a39-ce81f0d4aeb1,0.17304286360740662,0.37563973665237427,0.22196510434150696,0.1978101283311844,0.03154214471578598,1,1
TCGA-A8-A0A9-01A-01-BS1.eda51aaf-8be8-4dec-b584-1ae0ea5096e0,0.013780093751847744,0.024560658261179924,0.8534691333770752,0.10202381759881973,0.006166286766529083,2,2
TCGA-A8-A0A9-01A-01-TS1.12f6478b-a0c9-4051-8688-c40183e6e62c,0.0143633633852005,0.030634742230176926,0.7804740071296692,0.16850626468658447,0.00602163840085268,2,2
TCGA-A8-A0AB-01A-01-BS1.4f685a36-8110-4af5-b290-7384bee2c8f6,0.01106796134263277,0.060009974986314774,0.7269055843353271,0.18522952497005463,0.016787024214863777,2,2
TCGA-A8-A0AB-01A-01-TS1.caa920cc-a74f-41a3-9b12-d8143dda8786,0.007059287279844284,0.0842890813946724,0.667644202709198,0.22891640663146973,0.012091007083654404,2,2
TCGA-A8-A0AD-01A-01-BS1.bb944067-e1c7-495d-8d92-957340d3173e,0.0569208487868309,0.16082863509655,0.4009595811367035,0.3711192011833191,0.010171731933951378,2,2
TCGA-A8-A0AD-01A-01-TS1.4f7d3b85-05f4-44d2-8176-3ee94105f10f,0.019634990021586418,0.07527675479650497,0.7087382078170776,0.1895844042301178,0.006765626836568117,2,2
TCGA-AC-A23C-01A-01-TSA.8c21e006-e57c-43d9-afb3-2503b80c5e41,0.045244161039590836,0.10514643043279648,0.6345091462135315,0.18660171329975128,0.028498543426394463,2,2
TCGA-AC-A23E-01A-01-TSA.e43478f1-47e9-4b9c-8506-1978e481de57,0.10218946635723114,0.12887771427631378,0.528864324092865,0.21391071379184723,0.026157764717936516,2,2
TCGA-AC-A23G-01A-01-TS1.2DB1D885-063E-4BF1-ABA5-B738343A9F4A,0.028088577091693878,0.07300233840942383,0.7790657877922058,0.057483259588479996,0.06236003711819649,2,2
TCGA-AC-A23H-01A-01-TS1.7b893da7-ca91-4a95-bc70-37ad06f61d88,0.08965103328227997,0.15762165188789368,0.3057197034358978,0.43425121903419495,0.012756346724927425,3,3
TCGA-AC-A2B8-01A-01-TS1.3DCB9F29-3858-4881-B8F7-3A1E95286C8F,0.006796201691031456,0.028778932988643646,0.8823326230049133,0.05564448982477188,0.026447683572769165,2,2
TCGA-AC-A2BK-01A-01-TS1.6CEB52F7-A30A-4796-A58E-ACF239845153,0.2836368978023529,0.0705694779753685,0.1220175176858902,0.5077045559883118,0.01607157289981842,3,3
TCGA-AC-A2BM-01A-01-TS1.18504654-A48A-46AB-83E9-A8D7E23B6EF4,0.05994774028658867,0.048752859234809875,0.6885194182395935,0.19175434112548828,0.011025716550648212,2,2
TCGA-AC-A2FB-01A-01-TS1.36526F45-F01A-4CE1-BD6A-C10BE2CF96B1,0.018179427832365036,0.024098601192235947,0.8567390441894531,0.03790218383073807,0.06308072805404663,2,2
TCGA-AC-A2FE-01A-01-TSA.25EE517D-CEEE-4FFC-AE49-D0F1D3303882,0.056006982922554016,0.03281467780470848,0.7236289381980896,0.07158514112234116,0.11596419662237167,2,2
TCGA-AC-A2FF-01A-01-TSA.575C5B8A-E0DD-426B-9B34-6A99ED31FF10,0.014579268172383308,0.01737745851278305,0.8812286257743835,0.035592302680015564,0.051222313195466995,2,2
TCGA-AC-A2FG-01A-01-TSA.BE090090-49AF-4137-B741-FE3E4B796892,0.03783199191093445,0.016106151044368744,0.803460955619812,0.04245910421013832,0.10014184564352036,2,2
TCGA-AC-A2FK-01A-01-TS1.807C5D36-7171-495C-B6AB-8951B77EAD21,0.02218955010175705,0.025929173454642296,0.7763926386833191,0.056135475635528564,0.11935316771268845,2,2
TCGA-AC-A2FM-01A-01-TSA.EB1581FA-06F2-4DBC-B7EC-AD3D3448B3FD,0.03836465999484062,0.025714930146932602,0.7595683336257935,0.16600710153579712,0.010344956070184708,2,2
TCGA-AC-A2FO-01A-01-TS1.5B0133E0-0452-4C64-92A0-EE26EF1A18E2,0.0166056826710701,0.024956533685326576,0.8469946384429932,0.059232186526060104,0.0522109754383564,2,2
TCGA-AC-A2QI-01A-01-TSA.4BA73556-9C89-4F0F-AAD5-A5F7CADA4593,0.015774833038449287,0.020084112882614136,0.8837755918502808,0.029916096478700638,0.05044941231608391,2,2
TCGA-AC-A3BB-01A-02-TSB.D3B5E14C-97F1-4B49-A5C5-DB8AD007070F,0.011956250295042992,0.026785671710968018,0.8184546828269958,0.040339820086956024,0.10246360301971436,2,2
TCGA-AC-A3EH-01A-02-TS2.FC290C5B-EADA-4C19-9F8E-A4E9D594CE07,0.05933615565299988,0.08286936581134796,0.5735557079315186,0.16872814297676086,0.11551056802272797,2,2
TCGA-AC-A3HN-01A-01-TSA.D9B963D0-367F-4D94-B4CC-9C02FF529CB2,0.006830995436757803,0.0348416343331337,0.8888074159622192,0.03762331232428551,0.03189665451645851,2,2
TCGA-AC-A3OD-01A-01-TS1.4915B413-202C-4D3E-A360-E1142F365438,0.021165993064641953,0.04177897050976753,0.8185251951217651,0.058416422456502914,0.06011340022087097,2,2
TCGA-AC-A3QP-01A-01-TS1.51D476D1-143B-4530-A00B-B7764B7DAA0D,0.023382054641842842,0.0276387520134449,0.8238275647163391,0.046617291867733,0.07853425294160843,2,2
TCGA-AC-A3QQ-01A-01-TS1.8A75F323-1E81-4A2B-938A-FE48AAE2F729,0.03938332200050354,0.06370868533849716,0.616077721118927,0.24360431730747223,0.03722592070698738,2,2
TCGA-AC-A3TM-01A-01-TSA.F95FDB50-245E-4B62-B328-009B57AA8750,0.015025511384010315,0.03266799449920654,0.8166444897651672,0.1258586347103119,0.009803378954529762,2,2
TCGA-AC-A3TN-01A-01-TS1.3A67E6A5-80D8-48BB-9D1B-8BC3F38B5739,0.009485617280006409,0.01751134730875492,0.9280483722686768,0.017600826919078827,0.02735382877290249,2,2
TCGA-AC-A3W5-01A-01-TSA.8677B526-3F4D-4B52-A02E-F05244B8479A,0.06409262865781784,0.07518415153026581,0.6672825813293457,0.16465918719768524,0.028781432658433914,2,2
TCGA-AC-A3W6-01A-01-TSA.AF989587-1EF9-48A3-8055-B45BDFDB81FA,0.01690760813653469,0.05287859961390495,0.7813270092010498,0.05160766839981079,0.09727917611598969,2,2
TCGA-AC-A3W7-01A-01-TSA.4095CE17-AB93-4C17-89D5-0358594BFBE3,0.00312767899595201,0.00779667729511857,0.9611731767654419,0.01117826160043478,0.016724292188882828,2,2
TCGA-AC-A3YI-01A-02-TSB.F2AFA7A9-58C7-4932-BC30-6B0CA5964C11,0.0055378153920173645,0.013855211436748505,0.9295533299446106,0.016389213502407074,0.034664466977119446,2,2
TCGA-AC-A3YJ-01A-01-TSA.BBE147CC-755E-4AB3-99FF-2B5D846A7A92,0.054118502885103226,0.04052867367863655,0.8319408893585205,0.06484939903020859,0.00856249500066042,2,2
TCGA-AC-A4ZE-01A-01-TS1.98A0B048-54FF-4550-8C6B-7DA21EB71123,0.03582601249217987,0.039637092500925064,0.6793993711471558,0.20369181036949158,0.04144567623734474,2,2
TCGA-AC-A5EH-01A-01-TS1.FE5A32A0-934D-4CD8-9925-78FE99FF13AB,0.05590134114027023,0.1413690596818924,0.6744840741157532,0.11796794831752777,0.01027760375291109,2,2
TCGA-AC-A5XS-01A-01-TS1.A7C7405B-42A2-474E-96A3-F87BA50995AE,0.022654931992292404,0.044113267213106155,0.7840502262115479,0.09701041877269745,0.05217120423913002,2,2
TCGA-AC-A5XU-01A-01-TSA.53BFAB63-FB19-4F47-B71C-C93645D58BBB,0.026170829311013222,0.026373691856861115,0.8669003248214722,0.06657076627016068,0.013984338380396366,2,2
TCGA-AC-A62V-01A-01-TS1.EFC7587C-F57C-49BB-8ED1-A14479466266,0.14123676717281342,0.028624583035707474,0.48325827717781067,0.32832446694374084,0.018555812537670135,2,2
TCGA-AC-A62X-01A-01-TS1.E5AD5DD0-3CD3-412A-8EE8-1491C492D2C1,0.9142305254936218,0.0159196425229311,0.042471837252378464,0.018854232504963875,0.008523823693394661,0,0
TCGA-AC-A62Y-01A-01-TS1.9FC104F6-382F-4E10-A392-10273F7E1F6C,0.04335056245326996,0.056169360876083374,0.7717552185058594,0.1161731630563736,0.012551768682897091,2,2
TCGA-AC-A6IV-01A-01-TS1.7FBB836B-E6D5-4883-B323-0D6DE3AD8FF5,0.011736376211047173,0.015225443989038467,0.9304513335227966,0.02934839017689228,0.013238506391644478,2,2
TCGA-AC-A6IW-01A-01-TS1.4DD4F175-C0C7-4B5C-B584-B6F2CBE9C3BF,0.11184360831975937,0.11953182518482208,0.5908456444740295,0.15597231686115265,0.021806584671139717,2,2
TCGA-AC-A6IX-01A-01-TSA.3F87BB26-267E-4FC9-81E2-745AB81A2CCD,0.01167437806725502,0.0439593531191349,0.8744897842407227,0.02143002673983574,0.048446379601955414,2,2
TCGA-AC-A6IX-06A-01-TS1.587DDD44-6D10-46F8-A78F-4D755536C353,0.18753187358379364,0.21258239448070526,0.41562420129776,0.07552145421504974,0.10874001681804657,2,2
TCGA-AC-A6NO-01A-01-TS1.EC103F22-AE26-43CA-983C-E7CD7AA9F633,0.0027947481721639633,0.017657747492194176,0.8685227632522583,0.10588651150465012,0.005138152278959751,2,2
TCGA-AC-A7VB-01A-01-TS1.E9E70973-2C6B-4EF4-92C2-39B6E9FAE0AF,0.05288315191864967,0.034472573548555374,0.5602178573608398,0.34270259737968445,0.009723810479044914,2,2
TCGA-AC-A8OP-01A-01-TS1.E2C52B43-51A4-4AE6-8B11-B7DC7392DCC2,0.019167786464095116,0.040209103375673294,0.8350527286529541,0.07076071202754974,0.03480962663888931,2,2
TCGA-AC-A8OQ-01A-01-TS1.8574E320-4426-48B9-88D7-60AD5EA0A921,0.17418217658996582,0.17869624495506287,0.3473895788192749,0.2749117314815521,0.024820318445563316,2,2
TCGA-AC-A8OR-01A-02-TS2.BCDBF0F3-565C-46BD-B78B-03B178B22A26,0.012447286397218704,0.005997146014124155,0.924502432346344,0.04887482151389122,0.008178265765309334,2,2
TCGA-AC-A8OS-01A-01-TS1.31C88D4F-7621-4B24-83CC-8FD69EC72933,0.017686396837234497,0.029522093012928963,0.7912037372589111,0.02106449566781521,0.140523299574852,2,2
TCGA-AN-A03X-01A-01-BS1.a0bc496b-dbc1-451c-a6fd-8ba2bdc1a9b4,0.04872213676571846,0.16167157888412476,0.47025203704833984,0.2950301170349121,0.02432418428361416,2,2
TCGA-AN-A03X-01A-02-BS2.88b66ddf-fc7b-4b5f-904d-7eafc9654a1a,0.04941241443157196,0.07794603705406189,0.7448450326919556,0.10741692781448364,0.020379604771733284,2,2
TCGA-AN-A03Y-01A-01-BS1.b7b9c538-7d46-47c8-8071-9b6080f6f330,0.24965178966522217,0.028681185096502304,0.4639457166194916,0.24564562737941742,0.01207564678043127,2,2
TCGA-AN-A03Y-01A-02-BS2.c10a444a-d23b-4334-9140-4c90d4e521b4,0.12502439320087433,0.052098438143730164,0.48515233397483826,0.32568517327308655,0.012039676308631897,2,2
TCGA-AN-A041-01A-01-BS1.a494a837-0c67-4ea4-bf41-55c40fe4fe7a,0.04813358187675476,0.07492111623287201,0.6254801750183105,0.21842043101787567,0.0330447182059288,2,2
TCGA-AN-A041-01A-01-MS1.c9e28ba7-a26c-45bb-8835-3394f969fecb,0.035833653062582016,0.06572077423334122,0.7446956634521484,0.13844552636146545,0.015304389409720898,2,2
TCGA-AN-A046-01A-01-BS1.5bc254f8-5363-470e-9963-4ccfd57a3457,0.05489066243171692,0.19919012486934662,0.3070118725299835,0.4299272894859314,0.008980067446827888,3,3
TCGA-AN-A046-01A-02-BS2.74a56161-07f1-4980-a2fd-2c9123fb87bc,0.04462822526693344,0.13175173103809357,0.5590149164199829,0.2520100176334381,0.012595119886100292,2,2
TCGA-AN-A049-01A-01-BS1.01c2a132-3509-42c7-b003-8811f0947bc1,0.03079974837601185,0.014804710634052753,0.7916797995567322,0.15244606137275696,0.01026965118944645,2,2
TCGA-AN-A049-01A-02-BS2.3d6fd023-d5ec-416d-9f7e-1547d3aab113,0.026042455807328224,0.04079967364668846,0.726814866065979,0.19700488448143005,0.009338087402284145,2,2
TCGA-AN-A04A-01A-01-BS1.647f0482-49a8-4794-b9c4-5941b14fd1af,0.03318478912115097,0.0773768275976181,0.6478568315505981,0.23003843426704407,0.01154311839491129,2,2
TCGA-AN-A04A-01A-02-BS2.44355b22-95d3-491c-af4c-27225e753d7d,0.0475761704146862,0.05515770614147186,0.6169967651367188,0.264022558927536,0.01624675653874874,2,2
TCGA-AN-A04C-01A-01-BS1.4f8165fd-0791-4fa6-97ea-66b2b3eb0730,0.12652839720249176,0.2552776336669922,0.19478407502174377,0.4077557325363159,0.015654198825359344,3,3
TCGA-AN-A04C-01A-02-MS2.7bf1ac86-c95d-4e75-8342-04af2b832610,0.12522245943546295,0.11700577288866043,0.5014849901199341,0.23317202925682068,0.02311478927731514,2,2
TCGA-AN-A04D-01A-01-BS1.09ff6422-d5b1-45b0-969a-8f31285e23a9,0.8662153482437134,0.013925928622484207,0.05949157103896141,0.05322679877281189,0.007140237372368574,0,0
TCGA-AN-A04D-01A-02-BS2.5c72d68a-9c0e-4551-bc1f-21f91c168acc,0.8112503886222839,0.027802566066384315,0.05224563181400299,0.09227567911148071,0.01642571948468685,0,0
TCGA-AN-A0AJ-01A-01-BSA.e768585b-8fac-4998-88a6-29983ae06c92,0.07800495624542236,0.09688948094844818,0.24868203699588776,0.563647985458374,0.012775573879480362,3,3
TCGA-AN-A0AJ-01A-01-TSA.c21f9dd1-b47c-406f-9ad6-6969bd6f3246,0.10895243287086487,0.14983542263507843,0.20233744382858276,0.520298421382904,0.01857627183198929,3,3
TCGA-AN-A0AK-01A-02-BSB.dba44992-1534-4664-b57d-c41a1b03228d,0.26496824622154236,0.12936869263648987,0.1343291997909546,0.46056655049324036,0.010767284780740738,3,3
TCGA-AN-A0AK-01A-02-TSB.7d73ccfb-c2b8-4836-a414-6cba51801984,0.1901346892118454,0.19819334149360657,0.08066078275442123,0.5202352404594421,0.010775905102491379,3,3
TCGA-AN-A0AL-01A-01-BSA.56e46756-aa0f-4c59-a189-ee4c9601b3ea,0.15141741931438446,0.12421407550573349,0.331461101770401,0.35823601484298706,0.034671343863010406,3,3
TCGA-AN-A0AL-01A-01-TSA.3651da9c-bdad-4944-a3ac-c5bc9754fdeb,0.12777705490589142,0.04330115020275116,0.5322355031967163,0.26254749298095703,0.0341387614607811,2,2
TCGA-AN-A0AM-01A-01-BSA.1736e9ff-6a00-45e7-8ab9-b81018eea03f,0.22286741435527802,0.243805393576622,0.2028520405292511,0.31561151146888733,0.014863641932606697,3,3
TCGA-AN-A0AM-01A-01-TSA.63a22828-01b7-4b90-976d-7c32ccb9889d,0.27842679619789124,0.28959599137306213,0.14132359623908997,0.2746909260749817,0.01596265472471714,1,1
TCGA-AN-A0AR-01A-01-BSA.a5a0ea68-b7ce-4a1e-a161-64785d585c60,0.33735013008117676,0.03778855875134468,0.35441070795059204,0.257567822933197,0.012882825918495655,2,2
TCGA-AN-A0AR-01A-01-TSA.8a0c5187-915e-4608-9eed-9ea98f1775ad,0.19019854068756104,0.09670480340719223,0.4099715054035187,0.2876928150653839,0.015432292595505714,2,2
TCGA-AN-A0AS-01A-01-BSA.1c59c3dd-eebc-421c-ad6f-953c0b924b13,0.0285409577190876,0.12852171063423157,0.4893735349178314,0.33759358525276184,0.015970217064023018,2,2
TCGA-AN-A0AS-01A-01-TSA.b7c27ab8-435a-4e9d-bf0a-899d7616b660,0.04312252998352051,0.23392359912395477,0.28137388825416565,0.4092899262905121,0.03229004517197609,3,3
TCGA-AN-A0AT-01A-01-BSA.a4fc206e-5f94-4eb5-b7ff-78f2013b2ed1,0.6554635167121887,0.12583740055561066,0.052061259746551514,0.15101566910743713,0.015622075647115707,0,0
TCGA-AN-A0AT-01A-01-TSA.0147607c-ae77-4449-a80a-1610d2657e82,0.2684260308742523,0.09024816006422043,0.1540050357580185,0.4745557904243469,0.012764979153871536,3,3
TCGA-AN-A0FD-01A-01-BS1.8993b012-d168-422d-ae26-a3947764acd9,0.034483104944229126,0.16081702709197998,0.6122217774391174,0.17708706855773926,0.015391009859740734,2,2
TCGA-AN-A0FD-01A-01-TS1.28f70459-3f79-46e1-bb93-2095f4b29994,0.030498366802930832,0.12254907190799713,0.65519779920578,0.18298763036727905,0.008767146617174149,2,2
TCGA-AN-A0FF-01A-01-BSA.ef124d17-e63f-4c55-a50a-1cdea1b4cbde,0.041407663375139236,0.026606541126966476,0.7230743765830994,0.20097585022449493,0.007935596629977226,2,2
TCGA-AN-A0FF-01A-01-TSA.8dfd4d8e-c38f-4a72-ae57-ac0268d2899b,0.033732086420059204,0.05837780609726906,0.7465466856956482,0.1503957062959671,0.010947775095701218,2,2
TCGA-AN-A0FJ-01A-01-BSA.cef21074-da54-4b5d-859f-1ad06b1b7c7e,0.3891065716743469,0.1279713362455368,0.2674217224121094,0.19799578189849854,0.01750457100570202,0,0
TCGA-AN-A0FJ-01A-01-TSA.7dc3dff1-4b42-4320-aa72-43fec160a566,0.44000309705734253,0.0875607579946518,0.260832279920578,0.19085021317005157,0.020753659307956696,0,0
TCGA-AN-A0FK-01A-01-BSA.532b125c-98bb-44d7-a041-fb2506b70e26,0.010386456735432148,0.048208411782979965,0.5685555934906006,0.36695268750190735,0.005896850023418665,2,2
TCGA-AN-A0FK-01A-01-TSA.4cbfd31d-1a58-4ee1-8359-7fd4fc9c4cbe,0.04086858406662941,0.06304880231618881,0.3675067126750946,0.5199220776557922,0.008653850294649601,3,3
TCGA-AN-A0FL-01A-01-BSA.78d30e6e-2bd3-439c-8063-5ca6a09828cc,0.6904747486114502,0.02952522784471512,0.15525759756565094,0.09499766677618027,0.029744848608970642,0,0
TCGA-AN-A0FL-01A-01-TSA.a9270e98-40e9-45f5-935a-681708f170c9,0.5362963676452637,0.024481168016791344,0.29346784949302673,0.1204322874546051,0.02532234974205494,0,0
TCGA-AN-A0FN-01A-01-BSA.ffb54bac-5830-474e-b293-2f4037956be7,0.018748216331005096,0.052698858082294464,0.8643067479133606,0.03869161754846573,0.02555450052022934,2,2
TCGA-AN-A0FN-01A-01-TSA.5e51ca3f-3547-4a4e-9dfe-d1d0e32a60b9,0.02153164893388748,0.052205391228199005,0.8676942586898804,0.04103902354836464,0.01752966083586216,2,2
TCGA-AN-A0FS-01A-01-BSA.030e8ca6-2dd3-41ad-aae4-e69b803dbcaa,0.01658756285905838,0.01859951764345169,0.8317292928695679,0.021782241761684418,0.11130136996507645,2,2
TCGA-AN-A0FS-01A-01-TSA.ec030e02-fd7d-4683-803d-830ee80d8173,0.0059490022249519825,0.009325126186013222,0.9186129570007324,0.012703712098300457,0.05340924113988876,2,2
TCGA-AN-A0FT-01A-01-BSA.c578600f-5691-4d20-ae99-f0f8197e9bbb,0.037878185510635376,0.15599888563156128,0.5611094832420349,0.23184555768966675,0.01316788885742426,2,2
TCGA-AN-A0FT-01A-01-TSA.d6fe3f83-5cbc-4c39-ad49-c3adfee44974,0.03131578490138054,0.15930506587028503,0.4644761383533478,0.3358878195285797,0.009015131741762161,2,2
TCGA-AN-A0FV-01A-01-BSA.622ce693-86d1-4d9a-99e1-017e08788f49,0.0627359077334404,0.13585874438285828,0.26971909403800964,0.5216318964958191,0.010054332204163074,3,3
TCGA-AN-A0FV-01A-01-TSA.7c295633-8765-4219-907e-17b329046d86,0.10201956331729889,0.18616381287574768,0.17282810807228088,0.5261873602867126,0.012801207602024078,3,3
TCGA-AN-A0FW-01A-01-BSA.9f4517b2-d96c-44e4-8b06-2ed4af594385,0.027175134047865868,0.02710520476102829,0.8118544816970825,0.09014564007520676,0.04371954873204231,2,2
TCGA-AN-A0FW-01A-01-TSA.6cba8af3-6ac7-48b5-97f1-37dfb7deefc5,0.017511777579784393,0.014058567583560944,0.8814238905906677,0.0736459419131279,0.013359753414988518,2,2
TCGA-AN-A0FX-01A-01-MS1.551cccdc-ebc5-4fbb-9120-40ab0187ee5e,0.04849208891391754,0.06627555191516876,0.691322386264801,0.17490656673908234,0.01900344528257847,2,2
TCGA-AN-A0FX-01A-01-TS1.3d90ed8a-1940-40b6-ac19-a242ee8eaa10,0.03841814398765564,0.061935171484947205,0.7528079152107239,0.1194879561662674,0.02735084854066372,2,2
TCGA-AN-A0FY-01A-01-BSA.288f78df-2abe-4b01-aa91-ad2088788fd9,0.018968671560287476,0.06051143631339073,0.6462321877479553,0.26910635828971863,0.0051814112812280655,2,2
TCGA-AN-A0FY-01A-01-TSA.1ea457d0-a6c2-4999-a799-b912db76a7c0,0.03844939172267914,0.06204180046916008,0.6707051992416382,0.22089619934558868,0.007907392457127571,2,2
TCGA-AN-A0FZ-01A-01-BS1.be535fd3-262b-4b53-9411-c4021e2e0419,0.030963538214564323,0.12828190624713898,0.6170282959938049,0.21639151871204376,0.007334753405302763,2,2
TCGA-AN-A0FZ-01A-01-TS1.a389bdd5-9cf6-4e87-bfa7-208a33f25915,0.049967195838689804,0.08928599208593369,0.43440890312194824,0.4122682213783264,0.014069726690649986,2,2
TCGA-AN-A0G0-01A-01-BS1.1b064e65-a34a-472d-af40-17029cb2e05d,0.19982144236564636,0.15116199851036072,0.25292739272117615,0.38586026430130005,0.010228906758129597,3,3
TCGA-AN-A0G0-01A-01-TS1.35437324-f765-4522-aea3-c564491b948f,0.236948162317276,0.12234612554311752,0.28121650218963623,0.3445792496204376,0.014909937046468258,3,3
TCGA-AN-A0XL-01A-01-BS1.c465e036-af63-4ffe-b0d7-fcd07a6251be,0.013008938170969486,0.017499813809990883,0.9011930823326111,0.016051841899752617,0.05224630981683731,2,2
TCGA-AN-A0XL-01A-01-MS1.b12658ed-b708-4bdf-beef-f968f6913e6a,0.011274944059550762,0.009362240321934223,0.8995811939239502,0.022397860884666443,0.05738382041454315,2,2
TCGA-AN-A0XN-01A-02-BSB.2ffff1fb-5f41-4d87-854b-ff38bfd677a0,0.10943485796451569,0.1836950033903122,0.29944854974746704,0.39377561211586,0.013645955361425877,3,3
TCGA-AN-A0XN-01A-02-TSB.9df84504-2154-4f54-96f8-273ad703f0f0,0.06658107787370682,0.14478711783885956,0.5273216962814331,0.23856998980045319,0.022740188986063004,2,2
TCGA-AN-A0XO-01A-01-BS1.b0828468-33a6-4520-8707-166badeeed39,0.014446684159338474,0.026583673432469368,0.8855526447296143,0.060720618814229965,0.012696362100541592,2,2
TCGA-AN-A0XO-01A-01-TS1.6e8b38be-08e3-4ed7-b742-144ad89f83ed,0.01955820806324482,0.05847037583589554,0.8196266293525696,0.09154632687568665,0.010798403061926365,2,2
TCGA-AN-A0XP-01A-01-BSA.93b120d1-e962-4dcd-b4ce-c2d8e019c8e0,0.07117826491594315,0.1102142408490181,0.5449337363243103,0.21649189293384552,0.057181913405656815,2,2
TCGA-AN-A0XP-01A-01-TSA.5af16c3b-6b75-4d07-a769-d917baf6f898,0.1045180931687355,0.05534275248646736,0.6056927442550659,0.17649976909160614,0.05794665962457657,2,2
TCGA-AN-A0XR-01A-01-BS1.2dc66149-652b-4e91-9b44-f9d1447d61a2,0.02884715422987938,0.05845336243510246,0.7345743179321289,0.16170929372310638,0.016415836289525032,2,2
TCGA-AN-A0XR-01A-01-TS1.5eea786b-1358-4f87-8e4a-dd40d5cc1baa,0.009141032584011555,0.022692149505019188,0.8412256240844727,0.11982487887144089,0.007116277236491442,2,2
TCGA-AN-A0XS-01A-02-BSB.cff535fb-0ae9-402b-97ab-5c6cd09a9959,0.02377389557659626,0.049289993941783905,0.6536147594451904,0.24813143908977509,0.025189857929944992,2,2
TCGA-AN-A0XS-01A-02-TSB.e4dcda3e-ae36-4d58-a0b5-6cb2fc772601,0.032683391124010086,0.02755611017346382,0.8378801345825195,0.03315073624253273,0.06872958689928055,2,2
TCGA-AN-A0XT-01A-01-BSA.25304183-65ab-4653-88f2-02589fcae9e2,0.006482433527708054,0.013036945834755898,0.9420114159584045,0.019904227927327156,0.018565000966191292,2,2
TCGA-AN-A0XT-01A-01-TSA.14d9f5ee-14a2-4049-9353-74e11c28dd2d,0.012091014534235,0.008449015207588673,0.9502613544464111,0.02205893211066723,0.00713957566767931,2,2
TCGA-AN-A0XV-01A-01-BS1.201534ca-5d66-4801-b552-b55fba346e62,0.013852927833795547,0.028047310188412666,0.9122591614723206,0.024468690156936646,0.021371880546212196,2,2
TCGA-AN-A0XV-01A-01-TS1.938ba135-fac5-440d-9f59-79ea929a3a99,0.01213151402771473,0.030108287930488586,0.9121233820915222,0.0318220779299736,0.013814725913107395,2,2
TCGA-AN-A0XW-01A-01-BSA.408b7441-050c-4d72-b24c-457407cd3582,0.04301193729043007,0.08322117477655411,0.5873004198074341,0.26848989725112915,0.017976658418774605,2,2
TCGA-AN-A0XW-01A-01-TSA.52d201cd-6fc6-40ab-8c4d-1d94feee68a2,0.05890093371272087,0.11951398849487305,0.5184698700904846,0.28660592436790466,0.016509253531694412,2,2
TCGA-AO-A03L-01A-04-BS4.50d93e4e-db51-4d98-86f8-08228baeee4e,0.010632216930389404,0.06474274396896362,0.760257363319397,0.14669407904148102,0.01767364703118801,2,2
TCGA-AO-A03L-01A-04-TS4.d45ba175-ccc7-471a-a4ca-d50404e133f4,0.04350657761096954,0.09803061932325363,0.6448898315429688,0.17001892626285553,0.043554022908210754,2,2
TCGA-AO-A03O-01A-01-BS1.8b349194-04c1-4a85-947c-9397d5267823,0.2835529148578644,0.031430434435606,0.2290484756231308,0.4455556571483612,0.010412541218101978,3,3
TCGA-AO-A03O-01A-01-TS1.dbeaa688-64e0-48ce-bd9a-cfba3407bca6,0.24488386511802673,0.023130225017666817,0.3003530502319336,0.4220108389854431,0.009622056968510151,3,3
TCGA-AO-A03P-01A-01-BS1.b5b1b2eb-6a49-4d06-a855-7263aaa78ac1,0.3353918790817261,0.07461073249578476,0.2184258997440338,0.32376959919929504,0.0478019043803215,0,0
TCGA-AO-A03P-01A-01-TS1.32f23b98-dedf-4dce-b103-e1d2323a888c,0.16890393197536469,0.09625191241502762,0.29808247089385986,0.4149947762489319,0.02176685631275177,3,3
TCGA-AO-A03R-01A-01-BS1.7a857be4-4080-4cf0-88b2-794b20a06a97,0.47323644161224365,0.0393279567360878,0.24264559149742126,0.1894761323928833,0.05531385913491249,0,0
TCGA-AO-A03R-01A-02-BS2.70825602-abda-4ac3-b050-800743213b54,0.03794584423303604,0.031097596511244774,0.6151032447814941,0.06525751203298569,0.2505957782268524,2,2
TCGA-AO-A03T-01A-01-BS1.bdce5330-3280-4d5c-bb28-e2010d01e33e,0.04378717392683029,0.034882716834545135,0.7962439656257629,0.09983896464109421,0.02524719573557377,2,2
TCGA-AO-A03T-01A-02-MS2.910c2a57-801f-422c-ae31-17dace94b475,0.04505554214119911,0.03421912342309952,0.7686430811882019,0.10287994146347046,0.04920230060815811,2,2
TCGA-AO-A03V-01A-01-MS1.ade6a103-b697-4730-82f9-4c9ba6eda8a1,0.0036712423898279667,0.006520309951156378,0.9538920521736145,0.014885757118463516,0.021030593663454056,2,2
TCGA-AO-A03V-01A-01-TS1.9b67fe65-977d-4b18-bf14-79378230f289,0.013736924156546593,0.02887866087257862,0.8708978891372681,0.07190653681755066,0.014579898677766323,2,2
TCGA-AO-A0J2-01A-01-BSA.74fa8ced-1f57-44bb-af80-97f3136ef201,0.11532239615917206,0.2590441107749939,0.3331069052219391,0.28444457054138184,0.008081975392997265,2,2
TCGA-AO-A0J2-01A-01-TSA.4ba30dc7-d042-4730-b197-95684549adba,0.16078664362430573,0.14610587060451508,0.4077680706977844,0.273347944021225,0.011991412378847599,2,2
TCGA-AO-A0J3-01A-01-BSA.b1386e94-b116-4b67-a0f8-987217b20f7c,0.49188315868377686,0.07070322334766388,0.21024373173713684,0.2062636911869049,0.02090618945658207,0,0
TCGA-AO-A0J3-01A-01-TSA.86832b75-652d-40a9-a29a-1638bcce1aef,0.042709577828645706,0.059997834265232086,0.7152564525604248,0.15794411301612854,0.024091942235827446,2,2
TCGA-AO-A0J4-01A-01-BSA.9ab812d5-7e5e-4955-a041-052fa71325b8,0.10162442177534103,0.10349803417921066,0.5798156261444092,0.17783546447753906,0.03722643107175827,2,2
TCGA-AO-A0J4-01A-01-TSA.b019ef9d-8bd3-48cf-acd5-d52ae474e0d1,0.15602430701255798,0.23838458955287933,0.22686396539211273,0.3602962791919708,0.0184309259057045,3,3
TCGA-AO-A0J5-01A-01-BSA.f74d988e-d646-4190-8e26-439347b71774,0.01554715633392334,0.06432923674583435,0.8538196086883545,0.0415620319545269,0.024741940200328827,2,2
TCGA-AO-A0J5-01A-01-TSA.3df877fd-23e9-45ad-b2f1-c63a82c55c55,0.00961573887616396,0.02918166294693947,0.9050560593605042,0.029907001182436943,0.026239488273859024,2,2
TCGA-AO-A0J6-01A-01-BSA.094c1ad0-5cd5-4b13-af5e-9c7d3688aa23,0.80687016248703,0.07457948476076126,0.04977915808558464,0.04339062049984932,0.025380611419677734,0,0
TCGA-AO-A0J6-01A-01-TSA.d62f4c33-ae94-4321-b833-53663942e846,0.8780412673950195,0.035872165113687515,0.0345306433737278,0.03556825593113899,0.015987567603588104,0,0
TCGA-AO-A0J7-01A-01-BSA.24323379-2daa-45cf-b3e8-f8e4da05a90a,0.02553301490843296,0.04210427775979042,0.8367894887924194,0.06451153010129929,0.031061669811606407,2,2
TCGA-AO-A0J7-01A-01-TSA.f834c0e8-e286-4d88-888d-5f9100ca8397,0.05800711363554001,0.08738067001104355,0.33584725856781006,0.5036336779594421,0.015131308697164059,3,3
TCGA-AO-A0J8-01A-02-BSB.74af0d3a-ced8-495f-b765-bcaf313e3f08,0.055102646350860596,0.04866096004843712,0.7362887859344482,0.14196865260601044,0.01797894388437271,2,2
TCGA-AO-A0J8-01A-02-TSB.0fbb2777-df10-4bbb-9d37-e76cf0993444,0.12259559333324432,0.06701263040304184,0.6332443356513977,0.14411255717277527,0.033034879714250565,2,2
TCGA-AO-A0J9-01A-01-BSA.a5487965-8c66-4e0d-9dfe-53bb39d7f9fa,0.08554022759199142,0.0555744431912899,0.680117666721344,0.14141744375228882,0.03735017776489258,2,2
TCGA-AO-A0J9-01A-01-TSA.526836e1-20e5-42a2-89b4-014a69e4838d,0.0223104078322649,0.04165326803922653,0.7973470687866211,0.11415046453475952,0.02453874796628952,2,2
TCGA-AO-A0JA-01A-01-BSA.c9bb5119-6e0c-4d16-9da4-82a7e553b309,0.0053811934776604176,0.03165506199002266,0.9195296764373779,0.03392765671014786,0.009506345726549625,2,2
TCGA-AO-A0JA-01A-01-TSA.818b6240-5b8c-488c-9354-0faeb5491495,0.007305892650038004,0.04465896263718605,0.8923802375793457,0.045844875276088715,0.009810061194002628,2,2
TCGA-AO-A0JB-01A-01-BSA.705ff788-9aea-491f-8eb4-d19e21c984ba,0.06304149329662323,0.09009376168251038,0.6216084361076355,0.08773136883974075,0.13752497732639313,2,2
TCGA-AO-A0JB-01A-01-TSA.b83de92d-b426-4133-8226-6dd1580049ff,0.05063386261463165,0.06737715750932693,0.5598020553588867,0.11375641077756882,0.2084304839372635,2,2
TCGA-AO-A0JC-01A-01-BSA.2a81630f-81ee-4c33-ba26-0e825cfa5f72,0.2004726529121399,0.0844133198261261,0.521686851978302,0.10058309882879257,0.09284409880638123,2,2
TCGA-AO-A0JC-01A-01-TSA.261a41f2-e0b3-4c3b-bd16-ce6a61d1454c,0.22813603281974792,0.06791908293962479,0.4324958026409149,0.20642003417015076,0.06502906233072281,2,2
TCGA-AO-A0JD-01A-01-BSA.4d037bfe-f392-445e-aedd-68ee8b7e0e53,0.10081734508275986,0.06281612813472748,0.5222565531730652,0.2847050726413727,0.02940487675368786,2,2
TCGA-AO-A0JD-01A-01-TSA.d855990d-c9ee-42d4-8d7a-8345e65da160,0.139817476272583,0.07435857504606247,0.37438783049583435,0.36922383308410645,0.042212288826704025,2,2
TCGA-AO-A0JE-01A-01-BSA.8f04fdde-1427-45f9-bcd9-4449d501c109,0.02284199371933937,0.1466953605413437,0.7507725358009338,0.06991743296384811,0.009772672317922115,2,2
TCGA-AO-A0JE-01A-01-TSA.2ade56dd-a085-472b-b92c-c7a63d7ce4ac,0.040961094200611115,0.15303759276866913,0.6571059226989746,0.13889078795909882,0.010004667565226555,2,2
TCGA-AO-A0JF-01A-01-BSA.9ec2c023-1696-411a-8c2b-c019b8c4fb43,0.01186011079698801,0.025110552087426186,0.91560298204422,0.028889581561088562,0.01853669062256813,2,2
TCGA-AO-A0JF-01A-01-TSA.8a6d6272-723a-44f5-9682-6aed7f0964f6,0.0060118124820292,0.020854750648140907,0.9415907859802246,0.01948440447449684,0.012058242224156857,2,2
TCGA-AO-A0JG-01A-03-BSC.6b4d1364-f805-4583-8aac-7382e95a2cc7,0.02210795320570469,0.03553960472345352,0.8290325403213501,0.08369961380958557,0.029620258137583733,2,2
TCGA-AO-A0JG-01A-03-MSC.c7c6368f-a8f7-4039-a47a-926981f08d16,0.02028287760913372,0.042645413428545,0.7959974408149719,0.10061534494161606,0.04045896977186203,2,2
TCGA-AO-A0JI-01A-02-BSB.bfccffbb-dc47-4103-beb9-7799d50af784,0.04836984723806381,0.036794740706682205,0.7522814273834229,0.11213356256484985,0.05042044445872307,2,2
TCGA-AO-A0JI-01A-02-TSB.ee965449-b604-4626-83d4-e0b36bb79d9e,0.04880615323781967,0.023580122739076614,0.8026699423789978,0.07700266689062119,0.047941047698259354,2,2
TCGA-AO-A0JJ-01A-01-BSA.132f03bb-3b31-485c-b814-0f4bf204440e,0.009818223305046558,0.01611686497926712,0.8878341913223267,0.020663103088736534,0.06556759774684906,2,2
TCGA-AO-A0JJ-01A-01-TSA.fe4ee1f2-09e8-46a7-9c62-b20fc8042934,0.009791181422770023,0.01894937828183174,0.9105573296546936,0.018272407352924347,0.04242967441678047,2,2
TCGA-AO-A0JL-01A-01-BSA.796a85da-b722-4311-89f8-8b397ea10c85,0.7161611914634705,0.05672527104616165,0.08473855257034302,0.12036942690610886,0.022005483508110046,0,0
TCGA-AO-A0JL-01A-01-TSA.b6151e7a-75be-425c-b9b0-d93111659ce9,0.7623434662818909,0.053338851779699326,0.061066217720508575,0.10776080936193466,0.015490697696805,0,0
TCGA-AO-A0JM-01A-02-BSB.2f3cfa20-a735-4e35-ae2d-2d2dd211339d,0.09894806891679764,0.19223646819591522,0.2641390860080719,0.43088123202323914,0.013795092701911926,3,3
TCGA-AO-A0JM-01A-02-TSB.d19f822d-0237-41cb-be13-4d3023dcb507,0.1662614643573761,0.14860780537128448,0.34356212615966797,0.3262684643268585,0.015300094150006771,2,2
TCGA-AO-A124-01A-01-BSA.0770840e-d781-45f2-bbc8-034f0e4138a5,0.6687792539596558,0.06772032380104065,0.11752315610647202,0.11814984679222107,0.027827436104416847,0,0
TCGA-AO-A124-01A-01-TSA.ace4fa54-5ef0-4cb9-85be-8c7680889278,0.47698774933815,0.09766066819429398,0.2678839862346649,0.1305919587612152,0.026875657960772514,0,0
TCGA-AO-A125-01A-01-BS1.e881fb71-5e5e-40ec-8284-3ee696de7239,0.12774287164211273,0.16079853475093842,0.4825463593006134,0.1461915522813797,0.08272066712379456,2,2
TCGA-AO-A125-01A-01-TS1.5472ee35-9a7b-4f8b-8809-657c2cd72810,0.2368481308221817,0.13520687818527222,0.3946276903152466,0.1613963544368744,0.07192094624042511,2,2
TCGA-AO-A126-01A-01-BSA.d9c05421-91fc-4fdd-988d-2b404fa24095,0.021082106977701187,0.03270542249083519,0.8674694895744324,0.06283899396657944,0.015903985127806664,2,2
TCGA-AO-A126-01A-01-TSA.399484a5-e833-4acd-a73b-1fd5a684e7c1,0.043729230761528015,0.05568607524037361,0.7227093577384949,0.13538114726543427,0.042494215071201324,2,2
TCGA-AO-A128-01A-01-BSA.9019856f-fe50-42af-8588-b73395fc0165,0.6650210022926331,0.15748406946659088,0.017210453748703003,0.14221633970737457,0.018068116158246994,0,0
TCGA-AO-A128-01A-01-TSA.6bd59663-0c98-4fd6-8b4a-87b47541e08b,0.6193984746932983,0.12830279767513275,0.04078281298279762,0.16714315116405487,0.044372741132974625,0,0
TCGA-AO-A129-01A-02-BSB.a781dca2-08b1-46a7-a7c9-7c2944546e58,0.7792103886604309,0.10133856534957886,0.027330225333571434,0.07454422116279602,0.017576655372977257,0,0
TCGA-AO-A129-01A-02-TSB.427ec681-3c44-4d87-bfe5-525df3ade7f2,0.6453798413276672,0.1137750893831253,0.0820324495434761,0.1282368153333664,0.030575770884752274,0,0
TCGA-AO-A12A-01A-02-BSB.8694e753-cc5f-47e2-9317-4d3355fc355b,0.02809826284646988,0.07797348499298096,0.7299930453300476,0.13812267780303955,0.025812530890107155,2,2
TCGA-AO-A12A-01A-02-TSB.b5bd72c7-f3a2-4b0f-abe7-0aac51898dca,0.016911091282963753,0.05693936347961426,0.8476399183273315,0.04910299926996231,0.029406605288386345,2,2
TCGA-AO-A12B-01A-01-BSA.ec654e0e-2adc-488b-8653-acbf6164419e,0.4724086821079254,0.16155388951301575,0.16327233612537384,0.167732834815979,0.03503221645951271,0,0
TCGA-AO-A12B-01A-01-TSA.635646b4-dc81-45e2-92b1-8f087abc5240,0.032651882618665695,0.0345272533595562,0.4607045650482178,0.42532604932785034,0.046790316700935364,2,2
TCGA-AO-A12C-01A-01-BSA.ad757f25-3a8c-44ef-8617-cb110aa57cb9,0.10806147754192352,0.10195646435022354,0.5550673007965088,0.19361409544944763,0.04130060598254204,2,2
TCGA-AO-A12C-01A-01-TSA.1a16f83d-8699-4f04-97ff-54ef8f460938,0.010362411849200726,0.03166177123785019,0.865681529045105,0.0796307772397995,0.01266354601830244,2,2
TCGA-AO-A12D-01A-01-BSA.e75eaf83-11b8-49a2-b6b1-77f98fa6660a,0.12219379097223282,0.3909957706928253,0.18587127327919006,0.2872270941734314,0.013712108135223389,1,1
TCGA-AO-A12D-01A-01-TSA.f28ffd60-5d5f-4fec-8776-bf587f1f2496,0.2975951135158539,0.3585852384567261,0.126790389418602,0.20010201632976532,0.016927264630794525,1,1
TCGA-AO-A12E-01A-01-BSA.9b55ad59-32de-4238-9958-b54e3a43eb2e,0.04999108240008354,0.048160091042518616,0.7805075645446777,0.10546635836362839,0.01587492786347866,2,2
TCGA-AO-A12E-01A-01-TSA.5c7b82d0-dca5-4778-bc30-1201e08dd832,0.026684079319238663,0.04567979276180267,0.7998793125152588,0.10738945007324219,0.0203673355281353,2,2
TCGA-AO-A12F-01A-01-BSA.54904b26-0053-4e3e-8f3e-dd67ed8194a5,0.6725025177001953,0.057545021176338196,0.13847693800926208,0.11454387754201889,0.016931580379605293,0,0
TCGA-AO-A12F-01A-01-TSA.6ed8979a-e4f3-42b1-950f-64908238f50b,0.8407671451568604,0.040363576263189316,0.02558220364153385,0.0779772400856018,0.015309820882976055,0,0
TCGA-AO-A12G-01A-01-BSA.2910f4ca-540f-4268-be69-4e544e586b7c,0.012826916761696339,0.020538879558444023,0.8819973468780518,0.03558504208922386,0.049051810055971146,2,2
TCGA-AO-A12G-01A-01-TSA.7488a641-9de9-4cee-be43-b8c7ad3de976,0.009997001849114895,0.02814752236008644,0.8934306502342224,0.05694635957479477,0.011478496715426445,2,2
TCGA-AO-A12H-01A-01-BSA.eb4b965d-5a91-4c8b-a61d-177b895d2fe5,0.1416606903076172,0.08656260371208191,0.5969871282577515,0.11401187628507614,0.06077774986624718,2,2
TCGA-AO-A12H-01A-01-TSA.77c4bc81-d785-454c-91a9-bb092baf8079,0.07971657067537308,0.0587567575275898,0.7229629755020142,0.07992611825466156,0.0586375817656517,2,2
TCGA-AO-A1KO-01A-03-TSC.4226d4b4-f783-41d6-ba0e-ee74719cb152,0.043189384043216705,0.01867642067372799,0.8253620862960815,0.041258882731199265,0.07151331007480621,2,2
TCGA-AO-A1KP-01A-01-TSA.944cf99a-9e79-482d-b09c-3a140806e56f,0.005994567181915045,0.007128820288926363,0.9641550779342651,0.010022270493209362,0.012699281796813011,2,2
TCGA-AO-A1KQ-01A-01-TSA.7154a02c-5a29-46ea-94d9-6453a6125e15,0.13668720424175262,0.09465983510017395,0.4277490973472595,0.32140058279037476,0.019503336399793625,2,2
TCGA-AO-A1KR-01A-01-TSA.78fa04a1-d5f6-4468-9da5-72e7abb8de86,0.5708972811698914,0.06132534146308899,0.25862452387809753,0.0875638946890831,0.021589040756225586,0,0
TCGA-AO-A1KS-01A-01-TSA.45cfd1b6-e36a-4262-889a-e8540d9244f0,0.051755405962467194,0.12711811065673828,0.33539560437202454,0.47055983543395996,0.01517105009406805,3,3
TCGA-AO-A1KT-01A-01-TSA.896a18ea-090c-4adc-aa95-7614c17ff75d,0.023928256705403328,0.045776672661304474,0.7777556777000427,0.1171438992023468,0.035395506769418716,2,2
TCGA-AQ-A04J-01A-01-BS1.83b89953-2edf-4a7c-bb98-c308fadffc3d,0.2546424865722656,0.04558172449469566,0.5310467481613159,0.14340977370738983,0.025319229811429977,2,2
TCGA-AQ-A04J-01A-02-MS2.e47ffa6a-8d29-4a72-885f-be1d984b00c7,0.35891884565353394,0.05110177397727966,0.39518842101097107,0.16220270097255707,0.032588280737400055,2,2
TCGA-AQ-A0Y5-01A-01-BSA.0402a8fd-a121-4a86-927e-073a2e4a7e7e,0.03525412082672119,0.1007811650633812,0.7519972324371338,0.09720969945192337,0.014757788740098476,2,2
TCGA-AQ-A0Y5-01A-01-MSA.e8612b52-6969-4d03-aa70-0f11fb2de46f,0.049826525151729584,0.12163041532039642,0.6460226774215698,0.15421663224697113,0.02830374799668789,2,2
TCGA-AQ-A1H2-01A-01-TSA.529445fe-410c-43db-9fe3-e5ac13387eec,0.024975420907139778,0.03219268471002579,0.8134778738021851,0.12440209090709686,0.004951973911374807,2,2
TCGA-AQ-A1H3-01A-03-TSC.2b86ba40-96c3-4d04-8e4b-18a547b5c9df,0.02775401808321476,0.05324152112007141,0.8306358456611633,0.06153670698404312,0.02683189883828163,2,2
TCGA-AQ-A54N-01A-01-TS1.99108B68-B143-43A7-8411-2504D24EA0FA,0.8161405324935913,0.02864096872508526,0.057229068130254745,0.07138709723949432,0.026602447032928467,0,0
TCGA-AQ-A54O-01A-01-TSA.8BB3A7DA-F7DA-430C-934A-A2302F127862,0.11922004818916321,0.15924027562141418,0.46709153056144714,0.23842133581638336,0.016026776283979416,2,2
TCGA-AQ-A7U7-01A-02-TSB.CC7A55C4-13CA-43B5-A623-EABD929C9313,0.006448241416364908,0.02892366610467434,0.8407602310180664,0.016391241922974586,0.10747663676738739,2,2
TCGA-AR-A0TP-01A-01-BSA.c952677d-24c0-4687-ba57-1f812fc51e91,0.21235792338848114,0.02174968086183071,0.6445224285125732,0.09334388375282288,0.02802610583603382,2,2
TCGA-AR-A0TP-01A-01-TSA.300fb1d5-301a-4a10-b9f6-615bac812e93,0.10446824878454208,0.016214454546570778,0.7510669827461243,0.10931270569562912,0.018937544897198677,2,2
TCGA-AR-A0TQ-01A-01-BSA.ed7f9356-b8cc-4e4b-8caa-d977e4441831,0.01963351108133793,0.02876157872378826,0.8894675970077515,0.05090923234820366,0.011228076182305813,2,2
TCGA-AR-A0TQ-01A-01-TSA.aa243f75-79d1-42b5-958a-6beaf7ae7a86,0.014524700120091438,0.07209096103906631,0.7442492842674255,0.15981394052505493,0.009321130812168121,2,2
TCGA-AR-A0TR-01A-01-BSA.f1455ed0-393b-495c-9618-bbe3088baf4d,0.05118604749441147,0.022941896691918373,0.30260157585144043,0.5879189372062683,0.03535154089331627,3,3
TCGA-AR-A0TR-01A-01-TSA.c7ef8351-ef5c-44a3-bf32-d06dde6ca154,0.11309107393026352,0.02181324176490307,0.5327807068824768,0.31224894523620605,0.02006601355969906,2,2
TCGA-AR-A0TS-01A-01-BSA.9076c507-2ebb-463c-a0c0-12ad08f5d5c5,0.3845861852169037,0.08186681568622589,0.35100188851356506,0.1330893486738205,0.04945576190948486,0,0
TCGA-AR-A0TS-01A-01-TSA.d8a2a333-b508-4a11-9dc2-4f739d1ceef2,0.12238743156194687,0.08896276354789734,0.5461652278900146,0.22029852867126465,0.022186048328876495,2,2
TCGA-AR-A0TT-01A-03-BSC.06e9fb5e-1c6e-4778-9c52-d026628f39c7,0.07728265970945358,0.06709811836481094,0.5423867106437683,0.299160897731781,0.014071603305637836,2,2
TCGA-AR-A0TT-01A-03-TSC.6e42fa9f-569c-45cf-a316-b3d41a946f57,0.060086145997047424,0.05320783331990242,0.4993158280849457,0.3773900270462036,0.010000127367675304,2,2
TCGA-AR-A0TU-01A-03-BSC.e88e9244-fda5-4b63-948d-2a06267f952f,0.8628190159797668,0.04552160203456879,0.01672257110476494,0.06025610491633415,0.014680761843919754,0,0
TCGA-AR-A0TU-01A-03-TSC.49829f83-b36c-4494-85fe-de8fbdbda582,0.6071673035621643,0.03611258789896965,0.2629784643650055,0.07710772007703781,0.016633890569210052,0,0
TCGA-AR-A0TV-01A-02-BSB.e4adf5bf-398f-402f-997e-7b5ef9facbe8,0.13979074358940125,0.01668073609471321,0.7390685677528381,0.09230688959360123,0.012153039686381817,2,2
TCGA-AR-A0TV-01A-02-TSB.9f3ece24-69a8-4d4d-9c2d-ab674faf9ee0,0.13003140687942505,0.012640327215194702,0.6849313974380493,0.16148561239242554,0.010911248624324799,2,2
TCGA-AR-A0TW-01A-01-BSA.70e22d8c-b052-4fcc-9150-8d46663ff942,0.1272488236427307,0.21193596720695496,0.3473167419433594,0.30254146456718445,0.010956981219351292,2,2
TCGA-AR-A0TW-01A-01-TSA.9da4de42-ef24-463d-9ad4-188023c3b40b,0.2232121378183365,0.1507425606250763,0.28617310523986816,0.32771599292755127,0.012156135402619839,3,3
TCGA-AR-A0TX-01A-01-BSA.2d59aca1-69fd-4105-830a-a687eddd27c9,0.2262176275253296,0.15690597891807556,0.33261755108833313,0.24829137325286865,0.035967472940683365,2,2
TCGA-AR-A0TX-01A-01-TSA.4f6a2ef2-8c09-4c9a-aea9-5601722f4e4c,0.054117292165756226,0.09950672835111618,0.7126668691635132,0.11657099425792694,0.017138073220849037,2,2
TCGA-AR-A0TY-01A-01-MSA.94fa564d-0f66-4307-bfcc-41b0fe4886b9,0.04994715005159378,0.020505391061306,0.719559371471405,0.044786110520362854,0.16520200669765472,2,2
TCGA-AR-A0TY-01A-01-TSA.44dd02fc-5205-42df-ae58-0686e1355bdc,0.02642662264406681,0.0316280722618103,0.757358729839325,0.17670013010501862,0.007886392064392567,2,2
TCGA-AR-A0TZ-01A-01-BSA.614177ad-6f45-47b3-abb8-6a682f307795,0.017761632800102234,0.019958924502134323,0.8317059874534607,0.11823122948408127,0.012342319823801517,2,2
TCGA-AR-A0TZ-01A-01-TSA.e8ec1762-8ae8-46ca-bece-0f89cb7bd3c5,0.020685501396656036,0.03728106617927551,0.7629888653755188,0.16145165264606476,0.017592910677194595,2,2
TCGA-AR-A0U0-01A-01-MSA.40d4babd-922c-4bab-886b-8015a19bfcc1,0.3783769905567169,0.0612136535346508,0.421012282371521,0.11751139909029007,0.021885719150304794,2,2
TCGA-AR-A0U0-01A-01-TSA.0fcac8a8-5b8f-4cb0-ac12-2fa05dbb6a74,0.6968071460723877,0.08526258915662766,0.10841933637857437,0.08804475516080856,0.021466203033924103,0,0
TCGA-AR-A0U2-01A-01-BSA.1bd5ddeb-f22c-4147-b905-0f1316e5903a,0.04027215391397476,0.03843293339014053,0.3977941572666168,0.5162748694419861,0.007225920911878347,3,3
TCGA-AR-A0U2-01A-01-TSA.cb8df340-904c-4ff0-ac21-6f96d7c52d11,0.01907670684158802,0.01750628463923931,0.7080975770950317,0.2505556046962738,0.004763822071254253,2,2
TCGA-AR-A0U3-01A-01-MS1.64c1dbeb-4a3b-4062-bdf4-2ada1e7c64c4,0.01315612718462944,0.016090810298919678,0.8451792001724243,0.11908181011676788,0.006492021959275007,2,2
TCGA-AR-A0U3-01A-01-TS1.d323907a-72d3-4615-a960-76a6d85571e2,0.015504688955843449,0.023575320839881897,0.7621614933013916,0.193116694688797,0.005641757044941187,2,2
TCGA-AR-A0U4-01A-01-BSA.abebefec-9cf4-47c8-8c70-a7b17dc97171,0.7906496524810791,0.025010686367750168,0.07147176563739777,0.0949472188949585,0.017920617014169693,0,0
TCGA-AR-A0U4-01A-01-TSA.e671596e-6974-40ec-8013-07cd699843d6,0.8249701261520386,0.014221806079149246,0.061576150357723236,0.08749008923768997,0.011741811409592628,0,0
TCGA-AR-A1AH-01A-01-TS1.a9093b0b-46fc-4b7f-8e6e-3ce53379d44e,0.27920395135879517,0.044112417846918106,0.17525894939899445,0.4821828305721283,0.01924193650484085,3,3
TCGA-AR-A1AJ-01A-02-TSB.cf9b042b-0dc7-4cce-a78c-3cd3616a31ec,0.36367133259773254,0.05763166770339012,0.3961277902126312,0.16438765823841095,0.0181815717369318,2,2
TCGA-AR-A1AK-01A-02-TSB.4cd7ad23-1a24-4289-a684-27e2b5e5e8df,0.03217916563153267,0.050427425652742386,0.6321170330047607,0.17987577617168427,0.10540052503347397,2,2
TCGA-AR-A1AL-01A-02-TSB.a5a169e3-b2b7-4a89-95fb-ee01621d32ee,0.00689445436000824,0.009630199521780014,0.9215670228004456,0.01991402916610241,0.041994307190179825,2,2
TCGA-AR-A1AM-01A-04-TSD.D770F269-CA14-4E17-B6AA-F2602A37B2F6,0.005911228712648153,0.02299124374985695,0.9411327838897705,0.020038895308971405,0.009925886057317257,2,2
TCGA-AR-A1AN-01A-01-TS1.f27b0f08-345b-4950-9344-8f6c54ca576a,0.07318562269210815,0.036196477711200714,0.7665659785270691,0.10908512026071548,0.014966831542551517,2,2
TCGA-AR-A1AO-01A-01-TSA.b77b7b53-7cf8-4ea5-b705-c041ca6e16a7,0.14428000152111053,0.11394931375980377,0.601215660572052,0.1236908882856369,0.016864120960235596,2,2
TCGA-AR-A1AP-01A-01-TSA.462d1ac8-1c00-4690-9d0e-975853c4c5f2,0.07247579842805862,0.20452572405338287,0.5259152054786682,0.1725109964609146,0.024572281166911125,2,2
TCGA-AR-A1AQ-01A-01-TSA.113b2018-7bb9-44bd-aa80-63eaf688b555,0.6341924667358398,0.12300197780132294,0.08121603727340698,0.14785020053386688,0.013739381916821003,0,0
TCGA-AR-A1AR-01A-03-TSC.3013e9be-aa3e-4986-990c-559982f00e36,0.26274892687797546,0.035542890429496765,0.559153139591217,0.1274738758802414,0.01508109737187624,2,2
TCGA-AR-A1AS-01A-01-TSA.235f24b3-d72a-419e-8f5c-ffc808dc06be,0.05969148501753807,0.10278623551130295,0.520233154296875,0.3107551634311676,0.006533987354487181,2,2
TCGA-AR-A1AT-01A-01-TSA.ea146368-893f-4524-b72a-df5beb9a80da,0.11109999567270279,0.07785017788410187,0.6805436611175537,0.11706177890300751,0.013444330543279648,2,2
TCGA-AR-A1AU-01A-01-TSA.1fc40e4b-617f-48fb-a990-4629b38fd8c8,0.01418060902506113,0.03772282972931862,0.8152626156806946,0.11898487061262131,0.013849050737917423,2,2
TCGA-AR-A1AV-01A-02-TSB.8aac8e77-5af5-4958-86e8-5883c88630fb,0.027240466326475143,0.11870523542165756,0.5012246966362,0.3407597839832306,0.012069824151694775,2,2
TCGA-AR-A1AW-01A-02-TSB.d237252f-1ece-4bc3-b84c-d7de505c0a56,0.32342249155044556,0.31616953015327454,0.15094950795173645,0.18150396645069122,0.027954470366239548,0,0
TCGA-AR-A1AX-01A-01-TSA.e03239a3-c62c-4c9d-bb14-df0d8e6cc2dd,0.027251508086919785,0.11454226076602936,0.6956622004508972,0.12535487115383148,0.03718916326761246,2,2
TCGA-AR-A1AY-01A-02-TSB.e0874118-a71e-441f-932a-462fa18e32ff,0.08901868015527725,0.058797404170036316,0.5930613875389099,0.25031694769859314,0.008805605582892895,2,2
TCGA-AR-A24H-01A-01-TSA.540626c5-7295-48b4-9e4f-5e41ec421aa1,0.34937530755996704,0.02840893715620041,0.05188644304871559,0.5452791452407837,0.02505013719201088,3,3
TCGA-AR-A24K-01A-01-TSA.42a4623b-f201-419b-a626-264b305dc01e,0.00782488938421011,0.03586834669113159,0.733761191368103,0.21676260232925415,0.00578301539644599,2,2
TCGA-AR-A24L-01A-01-TSA.639a9b22-0535-4832-b415-e3af5aee17fb,0.017205974087119102,0.08012785762548447,0.8150544166564941,0.07798805832862854,0.009623710997402668,2,2
TCGA-AR-A24M-01A-01-TSA.8d488967-68ed-4b82-b164-40ed483aa8ac,0.0027815878856927156,0.0062731592915952206,0.9733625650405884,0.010861844755709171,0.006720916833728552,2,2
TCGA-AR-A24N-01A-01-TSA.b617b299-5c2d-45c3-b018-6b8cf0e84811,0.03138943016529083,0.08352823555469513,0.6782587766647339,0.19930361211299896,0.007519953418523073,2,2
TCGA-AR-A24O-01A-01-TSA.6b58d894-4123-4ed5-a5ce-0139287cfda1,0.008973882533609867,0.021157441660761833,0.9003526568412781,0.03417959436774254,0.03533637151122093,2,2
TCGA-AR-A24P-01A-01-TSA.98666bb0-dd9e-4c97-b886-87c994c63e93,0.00419118907302618,0.013736574910581112,0.9446620941162109,0.02021012455224991,0.017200013622641563,2,2
TCGA-AR-A24Q-01A-01-TSA.cca6142d-12a1-410b-b480-7de4d6f3270f,0.02287573553621769,0.021006183698773384,0.8968730568885803,0.038461796939373016,0.020783264189958572,2,2
TCGA-AR-A24R-01A-01-TSA.56300dbf-4a49-4d9a-b616-bb750904f1b5,0.041146185249090195,0.08665302395820618,0.6042612195014954,0.2585931122303009,0.009346479550004005,2,2
TCGA-AR-A24S-01A-01-TSA.e32c12b0-5287-4ee8-879a-3506cec825e2,0.03801063448190689,0.06520047783851624,0.7487305998802185,0.13768379390239716,0.010374494828283787,2,2
TCGA-AR-A24T-01A-01-TS1.3af5a9b7-b62c-4cf9-aa78-5671b180e901,0.005849687848240137,0.01684238761663437,0.9306182861328125,0.02734297513961792,0.01934659481048584,2,2
TCGA-AR-A24U-01A-01-TSA.e0a5c6e6-f748-47c5-8ede-f526fef07b4f,0.21774284541606903,0.15843604505062103,0.37512969970703125,0.223839670419693,0.02485170215368271,2,2
TCGA-AR-A24V-01A-02-TSB.7b8bf9db-edd3-490a-a14b-365e749e3b57,0.010798001661896706,0.04336926341056824,0.684154212474823,0.2537621557712555,0.007916341535747051,2,2
TCGA-AR-A24W-01A-01-TSA.a118d6a0-2b0e-4bb9-8ca6-e5f9eb9460d5,0.003835083218291402,0.008998078294098377,0.945544958114624,0.022426780313253403,0.019195035099983215,2,2
TCGA-AR-A24X-01A-01-TSA.51b6ebaf-bb07-442c-8c13-3379b44b9707,0.06344766914844513,0.04171622544527054,0.7374059557914734,0.14484763145446777,0.012582497671246529,2,2
TCGA-AR-A24Z-01A-01-TSA.c9c1b686-7092-4b76-9ce1-7c0fd0b2821f,0.24012282490730286,0.06398022919893265,0.39122116565704346,0.2693113386631012,0.03536450117826462,2,2
TCGA-AR-A250-01A-03-TSC.ac0f9192-2961-470c-9fe6-fd72f7f07d0c,0.08075246959924698,0.13560330867767334,0.4022350609302521,0.3614586293697357,0.019950494170188904,2,2
TCGA-AR-A251-01A-01-TSA.3b476230-9521-4dac-8cbd-3e886cce1c5d,0.2048763781785965,0.0654425323009491,0.46886780858039856,0.22679826617240906,0.03401502966880798,2,2
TCGA-AR-A252-01A-01-TSA.67f98277-46bd-4868-9f16-fbed2a257ddf,0.11241121590137482,0.12216757982969284,0.5785382986068726,0.11653906106948853,0.07034388184547424,2,2
TCGA-AR-A254-01A-02-TSB.098d701e-d135-47a2-ba97-298a12462de1,0.09993903338909149,0.04271618276834488,0.5117711424827576,0.3343106210231781,0.011262933723628521,2,2
TCGA-AR-A255-01A-01-TSA.85414c8e-dc54-4ae2-80dd-c58db439c5c7,0.026760900393128395,0.034348972141742706,0.8284891247749329,0.07978996634483337,0.030611079186201096,2,2
TCGA-AR-A256-01A-01-TSA.0a0e9510-e048-4b45-9dd8-2caabeaf918e,0.8232304453849792,0.02022434026002884,0.04426880553364754,0.10637246072292328,0.00590388011187315,0,0
TCGA-AR-A2LE-01A-01-TSA.29D5EDD5-A17C-4918-A565-64335796984C,0.021959291771054268,0.037289418280124664,0.7778874039649963,0.15275555849075317,0.010108294896781445,2,2
TCGA-AR-A2LH-01A-03-TSC.F95ACB2C-4C81-4104-A40D-D4DD52A1CC2F,0.027585752308368683,0.04023050144314766,0.8012554049491882,0.06907343119382858,0.06185493618249893,2,2
TCGA-AR-A2LJ-01A-01-TSA.D42CBC19-1BB0-44B0-A70D-4F872BA53E2C,0.03284723684191704,0.025899391621351242,0.7678008079528809,0.026856062933802605,0.14659647643566132,2,2
TCGA-AR-A2LK-01A-01-TSA.53C36847-0443-432D-97FF-02949CCBA21B,0.13059881329536438,0.06027070805430412,0.22412694990634918,0.5511465668678284,0.03385699912905693,3,3
TCGA-AR-A2LL-01A-01-TSA.DB96FA2A-150F-4387-9F4A-A3B3861E4746,0.03191971406340599,0.030027668923139572,0.8673434853553772,0.049556832760572433,0.02115226723253727,2,2
TCGA-AR-A2LM-01A-01-TSA.F74C259B-C369-43F7-8D4C-9C0F71DCB07E,0.0158525537699461,0.019090086221694946,0.9207193851470947,0.028958383947610855,0.015379597432911396,2,2
TCGA-AR-A2LN-01A-02-TSB.4430D89C-595E-49C3-A552-96C1E19F30E1,0.0025224932469427586,0.003647026140242815,0.9620205760002136,0.004387879744172096,0.027421925216913223,2,2
TCGA-AR-A2LO-01A-03-TSC.62917FFC-65A4-46A2-AED6-1E9B368023E2,0.01680532656610012,0.050379667431116104,0.84030681848526,0.05045050010085106,0.04205765575170517,2,2
TCGA-AR-A2LQ-01A-02-TSB.EF435791-DA76-4A80-8C17-A3349BF10722,0.03173898532986641,0.038967929780483246,0.7574231624603271,0.021797627210617065,0.15007227659225464,2,2
TCGA-AR-A2LR-01A-01-TSA.E8716040-4787-4C4B-903F-B26AB7FBDD6E,0.04324144124984741,0.0535530224442482,0.7213972806930542,0.06506602466106415,0.11674225330352783,2,2
TCGA-AR-A5QM-01A-01-TSA.BCDF0F3A-C0BB-4761-BF6C-98112D085588,0.012809772975742817,0.05209533870220184,0.8061060309410095,0.03786608949303627,0.09112273901700974,2,2
TCGA-AR-A5QN-01A-01-TSA.9C7C7262-11B4-4EBA-93EA-2AADAC2710AD,0.02223077043890953,0.027760513126850128,0.8334546089172363,0.06622777879238129,0.05032636970281601,2,2
TCGA-AR-A5QP-01A-01-TSA.B74EA482-2FD1-43A7-9CF0-CE1462E73E84,0.020389189943671227,0.031613804399967194,0.8410849571228027,0.06132756173610687,0.04558448866009712,2,2
TCGA-AR-A5QQ-01A-01-TSA.5063D04F-D334-4A1F-A2C5-D9B4D3B2D12D,0.6254885792732239,0.20225544273853302,0.08024638891220093,0.06862610578536987,0.02338351123034954,0,0
TCGA-B6-A0I1-01A-01-BSA.6E0B6FB6-B708-4218-A709-D39E455D6700,0.3818649649620056,0.044051069766283035,0.40719175338745117,0.1277858018875122,0.039106421172618866,2,2
TCGA-B6-A0I1-01A-01-TSA.95CA1DC3-0B4A-48E0-806F-841FEF39F941,0.8210547566413879,0.05227635055780411,0.06403091549873352,0.049538206309080124,0.013099843636155128,0,0
TCGA-B6-A0I2-01A-01-BSA.7854d7eb-37a1-4fcb-be01-4e0947d5e383,0.39442378282546997,0.2007676064968109,0.23032498359680176,0.14332957565784454,0.031154049560427666,0,0
TCGA-B6-A0I2-01A-01-TSA.0570e14a-af12-4d0c-94d0-29f5788baa64,0.40194523334503174,0.30572110414505005,0.14959460496902466,0.12313077598810196,0.01960822194814682,0,0
TCGA-B6-A0I5-01A-01-BSA.d9b86ccf-b192-4256-bd02-0a4f4be3775e,0.045823462307453156,0.07203060388565063,0.7922709584236145,0.07003144919872284,0.019843434914946556,2,2
TCGA-B6-A0I5-01A-01-TSA.0ca5d58c-89b3-4d0e-9b39-8d74245286ff,0.060596782714128494,0.13502293825149536,0.6574382185935974,0.1189187616109848,0.02802327647805214,2,2
TCGA-B6-A0I6-01A-01-BSA.396e5da4-a3b2-4e76-8866-1d78438eaf1c,0.09337260574102402,0.05362628400325775,0.7007772922515869,0.12896403670310974,0.02325974777340889,2,2
TCGA-B6-A0I6-01A-01-TSA.a0ed7f9a-2661-481e-9e7a-b1864f6db4bd,0.055003780871629715,0.07827603071928024,0.7089810967445374,0.14020496606826782,0.01753413677215576,2,2
TCGA-B6-A0I8-01A-01-BSA.d20073fa-473e-45d9-b4a7-8c730a598421,0.003697953186929226,0.01877063326537609,0.9505952000617981,0.01263770367950201,0.014298444613814354,2,2
TCGA-B6-A0I8-01A-01-TSA.244fe924-d6e5-43a2-bd49-2eaf160f9fa9,0.005571834277361631,0.028399327769875526,0.9252150058746338,0.018789637833833694,0.0220242477953434,2,2
TCGA-B6-A0I9-01A-01-BSA.e73de4e1-e5cc-472e-8af8-93d5d32422f8,0.07737573981285095,0.11023113876581192,0.6299865245819092,0.16814108192920685,0.014265455305576324,2,2
TCGA-B6-A0I9-01A-01-TSA.62770546-8fb2-43cc-904a-5331ec01c37a,0.030428463593125343,0.011786134913563728,0.8945894241333008,0.05149969458580017,0.01169629953801632,2,2
TCGA-B6-A0IA-01A-01-BSA.6a397611-09c6-4511-bfa0-f423c3d35488,0.058143872767686844,0.06818054616451263,0.7887104749679565,0.06878004968166351,0.01618502289056778,2,2
TCGA-B6-A0IA-01A-01-TSA.77975eac-fd36-4fd6-915f-279f8ede5437,0.09123332053422928,0.0643344447016716,0.7626895308494568,0.07008591294288635,0.011656740680336952,2,2
TCGA-B6-A0IB-01A-01-BSA.2cd7198d-8930-464c-b313-3182d7910f41,0.03288314864039421,0.10463710129261017,0.681258499622345,0.1566365659236908,0.02458469197154045,2,2
TCGA-B6-A0IB-01A-01-TSA.67edd3f0-b36e-427c-b8ec-4e527de67414,0.03479762747883797,0.06563389301300049,0.6723751425743103,0.21524867415428162,0.011944714933633804,2,2
TCGA-B6-A0IC-01A-01-BSA.d363b558-e649-4540-9975-f1d787172b04,0.021558595821261406,0.015319700352847576,0.8261423110961914,0.12878330051898956,0.008196045644581318,2,2
TCGA-B6-A0IC-01A-01-TSA.2fd2c097-b937-4649-abf3-f01a077e5c06,0.02954910323023796,0.011417772620916367,0.8944417834281921,0.05312330648303032,0.011468010023236275,2,2
TCGA-B6-A0IE-01A-01-BSA.d904d8fa-4297-40c3-9bf9-a3cc9dc9204e,0.03265748918056488,0.05176616087555885,0.7434394955635071,0.08894255012273788,0.0831943228840828,2,2
TCGA-B6-A0IE-01A-01-TSA.8a087aa5-e53d-41e2-8709-63c3d03ea7db,0.02758163958787918,0.043156396597623825,0.7519099116325378,0.09497199207544327,0.08238009363412857,2,2
TCGA-B6-A0IG-01A-01-BSA.f4b6e4d4-e56d-479f-8bd9-8be8eca6d7c7,0.07564746588468552,0.04514408856630325,0.7612448334693909,0.0901927798986435,0.02777082286775112,2,2
TCGA-B6-A0IG-01A-01-TSA.be7443fb-bfd6-4ba9-9372-d8f7446071fb,0.07941178977489471,0.09542439132928848,0.6113998293876648,0.1467127650976181,0.06705120950937271,2,2
TCGA-B6-A0IH-01A-01-BSA.4bfc7c55-1aaa-431a-a252-9426bb2b469b,0.03628315404057503,0.021518835797905922,0.7219871282577515,0.03257571533322334,0.187635138630867,2,2
TCGA-B6-A0IH-01A-01-TSA.19eb9880-689b-4178-a7c7-157e4811951b,0.008369655348360538,0.02592821791768074,0.8590440154075623,0.027845529839396477,0.0788126289844513,2,2
TCGA-B6-A0IJ-01A-01-BSA.19386ba7-7364-46e7-8d70-5375d554817f,0.8189646005630493,0.037887148559093475,0.06269160658121109,0.07176176458597183,0.0086947251111269,0,0
TCGA-B6-A0IJ-01A-01-TSA.3e389914-3756-45ef-b49a-f818883551f1,0.7636882066726685,0.04370833560824394,0.06571099907159805,0.11370475590229034,0.01318766176700592,0,0
TCGA-B6-A0IK-01A-01-BSA.37e0325b-a655-4b4c-b498-4717183addce,0.13416962325572968,0.10265211015939713,0.4437621831893921,0.169154092669487,0.1502619981765747,2,2
TCGA-B6-A0IK-01A-01-TSA.6408a936-e47e-4497-8e83-8b952cbe1fd6,0.10850633680820465,0.1234537810087204,0.583357036113739,0.14613226056098938,0.038550540804862976,2,2
TCGA-B6-A0IM-01A-01-BSA.e4fce1ac-0800-4e45-a3bc-f9bcb2ea825f,0.03225277364253998,0.05287327989935875,0.8129989504814148,0.09118405729532242,0.010691006667912006,2,2
TCGA-B6-A0IM-01A-01-TSA.b038a0c6-b657-47f0-99b7-475c9596c4b6,0.02439671941101551,0.042320411652326584,0.8621838092803955,0.06299765408039093,0.008101352490484715,2,2
TCGA-B6-A0IN-01A-01-TSA.42771812-95a0-4850-b413-2b6b2b29df69,0.1767488420009613,0.16481363773345947,0.40019679069519043,0.201058492064476,0.057182181626558304,2,2
TCGA-B6-A0IO-01A-01-BSA.cf2b4dcc-dc57-4de0-a8f8-e2268f8501e4,0.07467144727706909,0.04294406622648239,0.7811989188194275,0.07987381517887115,0.021311771124601364,2,2
TCGA-B6-A0IO-01A-01-TSA.c6600460-c39d-405c-80e9-1770d89e2716,0.03202751278877258,0.03557964786887169,0.8412737250328064,0.07864978164434433,0.012469346635043621,2,2
TCGA-B6-A0IP-01A-01-BSA.a052ef3d-7640-4a8a-8060-5f88d7ce9e94,0.030866069719195366,0.022280830889940262,0.8476637601852417,0.07317280024290085,0.026016540825366974,2,2
TCGA-B6-A0IP-01A-01-TSA.83ca6468-2488-4506-baf7-a53290924fab,0.007105669006705284,0.010654937475919724,0.9448550939559937,0.02178034745156765,0.015603868290781975,2,2
TCGA-B6-A0IQ-01A-01-BSA.cef99d47-96e6-4c8c-bb01-9b94425206af,0.6598663330078125,0.0728570893406868,0.13957826793193817,0.11253878474235535,0.015159518457949162,0,0
TCGA-B6-A0IQ-01A-01-TSA.21542b78-a0c0-4651-8198-804f3657d072,0.48649585247039795,0.061100028455257416,0.274639368057251,0.1607905775308609,0.01697417162358761,0,0
TCGA-B6-A0RE-01A-01-BS1.b3d8a60d-a66a-4cf3-8616-edc125bf48f1,0.4500817656517029,0.09839760512113571,0.30090051889419556,0.12192266434431076,0.02869737148284912,0,0
TCGA-B6-A0RE-01A-01-TS1.8df18495-1c1f-4114-a5ee-8dece9b410aa,0.2648622691631317,0.09972243756055832,0.395470529794693,0.19849485158920288,0.04144986346364021,2,2
TCGA-B6-A0RG-01A-01-BS1.152d245b-c2d3-4d0e-803d-f0eb76273116,0.026610827073454857,0.04307490587234497,0.8072587251663208,0.10587631911039352,0.01717923767864704,2,2
TCGA-B6-A0RG-01A-01-TS1.3eca348e-8c63-46ba-bcb6-e9ba1a07c6c6,0.07796398550271988,0.07766775041818619,0.6141083240509033,0.20754288136959076,0.022716982290148735,2,2
TCGA-B6-A0RH-01A-02-BSB.4d8dc01d-171d-4bde-9f7c-2e54a2bbb427,0.038486771285533905,0.07972435653209686,0.5067590475082397,0.3490784168243408,0.02595144882798195,2,2
TCGA-B6-A0RH-01A-02-TSB.ea83f31e-defb-4436-8a58-5b66b18d13b5,0.11760235577821732,0.09881050139665604,0.6396750211715698,0.09733616560697556,0.04657591134309769,2,2
TCGA-B6-A0RI-01A-01-BS1.9271aae8-cb65-481e-ada2-d0358f14a1de,0.013567405752837658,0.02742251381278038,0.8135440945625305,0.13037602603435516,0.015089895576238632,2,2
TCGA-B6-A0RI-01A-01-TS1.89a3333b-0f81-4154-a28d-91bc53e7682c,0.04137106612324715,0.09894197434186935,0.6710483431816101,0.17615509033203125,0.012483532540500164,2,2
TCGA-B6-A0RL-01A-01-BSA.448744f8-8c40-4d41-ad86-e59e8fd63b47,0.015255589038133621,0.03851242735981941,0.8697124719619751,0.045172594487667084,0.03134699538350105,2,2
TCGA-B6-A0RL-01A-01-TSA.497a08d0-67ef-4486-abf0-8d04b713d770,0.05886217951774597,0.049500539898872375,0.745969295501709,0.1289006769657135,0.016767386347055435,2,2
TCGA-B6-A0RM-01A-01-BSA.8b6ffe6e-5db9-49dc-b778-878a7d62c184,0.01999930664896965,0.05664565786719322,0.7078180313110352,0.18658114969730377,0.028955791145563126,2,2
TCGA-B6-A0RM-01A-01-TSA.12501542-b8cb-4b36-bc66-67ef4578d7d1,0.09454921633005142,0.05442049354314804,0.6016055345535278,0.23152108490467072,0.017903681844472885,2,2
TCGA-B6-A0RN-01A-01-BSA.26f2aa2a-22e4-4f74-b546-0b9ac4dde26f,0.05676005035638809,0.07399313151836395,0.642328679561615,0.12802204489707947,0.0988960787653923,2,2
TCGA-B6-A0RN-01A-01-TSA.39e1a0a2-1727-41b8-817d-3242d296d382,0.017998402938246727,0.03469540923833847,0.847052812576294,0.0709715262055397,0.02928185649216175,2,2
TCGA-B6-A0RO-01A-02-BSB.6162fd09-22c4-49bf-9d12-cfc2f4d56518,0.017293844372034073,0.02258141338825226,0.8706998825073242,0.03403034433722496,0.05539456754922867,2,2
TCGA-B6-A0RO-01A-02-TSB.af00bb62-e1ef-4042-a8fe-80173e42c9f8,0.019707946106791496,0.03265073522925377,0.8572260737419128,0.04498092085123062,0.04543427750468254,2,2
TCGA-B6-A0RP-01A-02-BSB.28e532e9-42ef-4bf9-accb-c1b8fb3ddda0,0.025731179863214493,0.028241507709026337,0.7723129987716675,0.1629137396812439,0.010800553485751152,2,2
TCGA-B6-A0RP-01A-02-TSB.33cd7f49-a917-49af-9dad-40e1e645f171,0.04087281599640846,0.0492597296833992,0.7621071338653564,0.11663232743740082,0.031127916648983955,2,2
TCGA-B6-A0RQ-01A-01-BSA.47ecd2ab-489d-4880-85b5-c718d4ceb477,0.03309173882007599,0.04308145493268967,0.5638836026191711,0.029075533151626587,0.3308676481246948,2,2
TCGA-B6-A0RQ-01A-01-TSA.bae984a1-d15c-4c22-a9dd-057fd2d6da04,0.028975149616599083,0.03565583750605583,0.55338454246521,0.02864413894712925,0.3533402979373932,2,2
TCGA-B6-A0RS-01A-01-BS1.a630cccd-b4c6-4b3d-ae7b-6256dee4bba7,0.37732934951782227,0.14230689406394958,0.2872205078601837,0.18203994631767273,0.011103247292339802,0,0
TCGA-B6-A0RS-01A-01-TS1.f7a616c8-c091-46b7-8dbe-90b1343fe3b1,0.26787757873535156,0.12469266355037689,0.39093881845474243,0.18680548667907715,0.029685422778129578,2,2
TCGA-B6-A0RT-01A-02-MSB.024acade-8422-4ed5-9bcc-129fd9423bb3,0.4420641362667084,0.10824055224657059,0.17298081517219543,0.19586099684238434,0.08085357397794724,0,0
TCGA-B6-A0RT-01A-02-TSB.f71d0d64-f522-441c-8bb1-e67fa92653bf,0.2549298107624054,0.09282220155000687,0.3626176118850708,0.25106826424598694,0.03856213018298149,2,2
TCGA-B6-A0RU-01A-01-BSA.7ddc93c5-d027-488b-97e4-eccd89c5deae,0.48573368787765503,0.11067332327365875,0.16186746954917908,0.21629264950752258,0.025432875379920006,0,0
TCGA-B6-A0RU-01A-01-TSA.5ebcec19-7518-4852-9852-2df2f345a95e,0.09563914686441422,0.03843126446008682,0.7053180932998657,0.034405678510665894,0.12620580196380615,2,2
TCGA-B6-A0RV-01A-01-BSA.f8268bd0-ea3a-4c05-a3a1-ed6ca8610240,0.04560549929738045,0.02804776281118393,0.7542873620986938,0.10113745182752609,0.07092193514108658,2,2
TCGA-B6-A0RV-01A-01-TSA.0dfcf370-4597-48c0-9779-97c7a404be88,0.014950715005397797,0.022332336753606796,0.8590666651725769,0.04359833523631096,0.06005202233791351,2,2
TCGA-B6-A0WS-01A-01-MS1.2e7cbe20-6c15-4267-b2fd-f33b1519ced7,0.005826721899211407,0.03540536016225815,0.91358482837677,0.025238508358597755,0.019944585859775543,2,2
TCGA-B6-A0WS-01A-01-TS1.13cafabb-f734-4639-9bc5-5d49a6ba33d0,0.022440634667873383,0.09052739292383194,0.7953119277954102,0.06581229716539383,0.025907743722200394,2,2
TCGA-B6-A0WT-01A-01-BS1.8eed3670-559d-4275-a141-542c4c95bc0a,0.05347711220383644,0.05299179628491402,0.8100730776786804,0.07340333610773087,0.010054613463580608,2,2
TCGA-B6-A0WT-01A-01-TS1.1e20d4bd-53be-4946-9d51-cafe0fd81c08,0.04352756217122078,0.03588910773396492,0.8359876871109009,0.07713263481855392,0.007463041692972183,2,2
TCGA-B6-A0WV-01A-01-BS1.50bdea76-5591-45f4-8743-d420e5c0063e,0.06706424057483673,0.0498582124710083,0.735715389251709,0.12349162995815277,0.023870425298810005,2,2
TCGA-B6-A0WV-01A-01-TS1.5b667d7f-73a8-4345-82aa-ed5dfae38635,0.04722314327955246,0.08956491202116013,0.5875548124313354,0.24400848150253296,0.031648654490709305,2,2
TCGA-B6-A0WW-01A-01-BS1.5df4515e-cc30-4b30-abed-5055a8e40aa6,0.023346029222011566,0.052124712616205215,0.7897576689720154,0.11916961520910263,0.015602006576955318,2,2
TCGA-B6-A0WW-01A-01-TS1.0b847cf2-8c5e-4f79-91c4-2781eaa137f9,0.08155805617570877,0.1276870220899582,0.5177724957466125,0.23784881830215454,0.03513365238904953,2,2
TCGA-B6-A0WX-01A-01-BS1.d9e8bbaf-cd34-47a8-a4a8-e20bce98a5ab,0.05733870714902878,0.06974607706069946,0.7008903622627258,0.11064018309116364,0.0613846555352211,2,2
TCGA-B6-A0WX-01A-01-TS1.b605670f-5d8a-46d8-80f7-77d4c9615034,0.06112618371844292,0.07088696211576462,0.6997987031936646,0.10821183770895004,0.05997635796666145,2,2
TCGA-B6-A0WY-01A-01-MS1.5d7b86cb-96a6-491e-8eee-6fde876a6d20,0.016665220260620117,0.042665038257837296,0.8382439613342285,0.036617256700992584,0.06580858677625656,2,2
TCGA-B6-A0WY-01A-01-TS1.7712e164-3f21-4433-a64c-0e3e473f428e,0.029481995850801468,0.05708325281739235,0.7472487092018127,0.07893819361925125,0.08724784851074219,2,2
TCGA-B6-A0WZ-01A-01-BS1.c88de28c-ac1d-43b3-be4b-4f8b51ca5d68,0.031174499541521072,0.022483721375465393,0.8836612701416016,0.034992702305316925,0.02768785133957863,2,2
TCGA-B6-A0WZ-01A-01-TS1.d42e7513-9258-49ac-82c3-0e1be2af24cc,0.033711016178131104,0.07545752078294754,0.7771843671798706,0.08489329367876053,0.028753746300935745,2,2
TCGA-B6-A0X0-01A-02-BSB.2b68483f-0cb5-4452-a078-c2d7da368efb,0.006602949928492308,0.017554186284542084,0.9375618696212769,0.032126303762197495,0.006154682487249374,2,2
TCGA-B6-A0X0-01A-02-TSB.4a0d7401-a55b-4073-8bae-9ced32245447,0.017412900924682617,0.027626382187008858,0.8932627439498901,0.04531674087047577,0.01638123393058777,2,2
TCGA-B6-A0X1-01A-01-BSA.36508b6e-a0fc-4492-a094-eb2b438156a8,0.6764658093452454,0.127367302775383,0.048305217176675797,0.13370610773563385,0.014155590906739235,0,0
TCGA-B6-A0X1-01A-01-TSA.ef7ede26-0d48-4e52-b2b3-4cd3c4a522c9,0.5027087330818176,0.1332583725452423,0.07878099381923676,0.26850026845932007,0.01675158180296421,0,0
TCGA-B6-A0X4-01A-01-MS1.8d33e25d-b7e0-475f-b4c9-9e75e8ac2aa8,0.029032573103904724,0.06449037790298462,0.713776707649231,0.18229234218597412,0.010407996363937855,2,2
TCGA-B6-A0X4-01A-01-TS1.5a7fe82b-410b-42da-b90c-a63bc1cb2a38,0.03736354410648346,0.04010584205389023,0.7603466510772705,0.15413618087768555,0.008047816343605518,2,2
TCGA-B6-A0X5-01A-02-BSB.53717f12-b5e9-4e8d-918d-4c8fb216a02d,0.0374041385948658,0.05353304743766785,0.6230709552764893,0.265346884727478,0.02064492180943489,2,2
TCGA-B6-A0X7-01A-01-MS1.c52ed107-f2c7-42f4-b54a-945f329b8896,0.014247900806367397,0.020247599110007286,0.8902773261070251,0.02702564373612404,0.04820144176483154,2,2
TCGA-B6-A0X7-01A-01-TS1.9446fbf5-34ff-4d5d-b292-ed8b129d0281,0.0043279919773340225,0.0068427035585045815,0.9610956311225891,0.007780754938721657,0.019952885806560516,2,2
TCGA-B6-A1KF-01A-01-TS1.dd8b55e7-823a-4805-b2df-8b20a3e94a55,0.5494674444198608,0.10498770326375961,0.15920713543891907,0.1714247167110443,0.014913019724190235,0,0
TCGA-B6-A1KI-01A-01-TS1.9e114169-5c22-4ec6-a85f-327bd0b51570,0.011670732870697975,0.016978394240140915,0.9191142916679382,0.014690862968564034,0.03754575178027153,2,2
TCGA-B6-A1KN-01A-01-TS1.7afb6289-4697-4540-a377-64740d6bd20d,0.009321806021034718,0.015411028638482094,0.9394403696060181,0.01881076954305172,0.01701595075428486,2,2
TCGA-B6-A2IU-01A-03-TSC.BB626BA9-ECDE-4EFF-8854-DA1C2A9638EA,0.01839541271328926,0.020262539386749268,0.8730558753013611,0.025510456413030624,0.06277570128440857,2,2
TCGA-B6-A3ZX-01A-01-TS1.68F70986-83F0-4B65-AFF5-496B0C60270F,0.5674389004707336,0.01598660834133625,0.2980476915836334,0.06050373986363411,0.05802308768033981,0,0
TCGA-B6-A400-01A-01-TS1.825AC7BC-8A50-49C2-8346-8F39A55D117B,0.43451276421546936,0.026977553963661194,0.4150790572166443,0.09654239565134048,0.02688814513385296,0,0
TCGA-B6-A401-01A-01-TS1.C196D55B-479E-4F08-A6BB-C5F8FDA2113E,0.06559271365404129,0.008057363331317902,0.8723164796829224,0.03506459295749664,0.01896880753338337,2,2
TCGA-B6-A402-01A-01-TS1.45F6B344-FEE5-4F83-AB34-4F1BA99E445D,0.6960695385932922,0.009812254458665848,0.24031296372413635,0.03751305118203163,0.016292231157422066,0,0
TCGA-B6-A408-01A-01-TS1.1D487FA0-42C1-4C5C-94A4-8D7F48EAB98F,0.01736670546233654,0.058775898069143295,0.7167807221412659,0.19795340299606323,0.009123326279222965,2,2
TCGA-B6-A409-01A-01-TS1.02A10D0A-2B31-4165-94E3-4E6CA784A092,0.7231619954109192,0.013493564911186695,0.16436389088630676,0.05085035786032677,0.048130229115486145,0,0
TCGA-B6-A40B-01A-01-TS1.5B2B3C90-F8E8-4853-B1F8-1CEE52253550,0.03302234783768654,0.007086175959557295,0.9107452034950256,0.01667027361690998,0.032475922256708145,2,2
TCGA-B6-A40C-01A-01-TS1.8B901E88-9348-4988-9F69-C130D7D8E78E,0.03831038251519203,0.01384175568819046,0.7936540246009827,0.10687443614006042,0.047319382429122925,2,2
TCGA-BH-A0AU-01A-01-BSA.aedfdaab-2249-4706-81e0-4cfc3901a911,0.020782388746738434,0.04628507420420647,0.8205938935279846,0.09426357597112656,0.018074996769428253,2,2
TCGA-BH-A0AU-01A-01-TSA.8370f783-9342-417c-b7bf-250368330ceb,0.027441538870334625,0.05971295386552811,0.7590083479881287,0.12874659895896912,0.02509058453142643,2,2
TCGA-BH-A0AV-01A-03-BSC.7a107632-b8d8-4b82-ab74-628fff0f10de,0.16897790133953094,0.13908904790878296,0.301995187997818,0.36801695823669434,0.02192084863781929,3,3
TCGA-BH-A0AV-01A-03-MSC.f769a3c4-ee58-45c2-931e-d94b31981169,0.12075860053300858,0.1726544201374054,0.3012188673019409,0.3857583999633789,0.0196097232401371,3,3
TCGA-BH-A0AW-01A-01-BSA.67ef13f7-d5cd-4aca-a66b-2eda7045e905,0.08406372368335724,0.10578691214323044,0.5005022287368774,0.29658108949661255,0.013065972365438938,2,2
TCGA-BH-A0AW-01A-01-TSA.d3edff30-ce9c-4bb2-b698-4fdb7a078500,0.12942861020565033,0.13517600297927856,0.40421798825263977,0.31900709867477417,0.012170341797173023,2,2
TCGA-BH-A0AY-01A-02-BSB.581eb097-e917-4666-9344-f62b088cb024,0.07234841585159302,0.073060542345047,0.6006673574447632,0.22746750712394714,0.026456184685230255,2,2
TCGA-BH-A0AY-01A-02-TSB.06ebda0b-2dd5-4116-9f51-c3a0ad9fb8bb,0.045783501118421555,0.08054330199956894,0.6175819635391235,0.23102985322475433,0.025061363354325294,2,2
TCGA-BH-A0AZ-01A-02-BSB.34d8c766-06ef-4070-b4f9-009c1b49274a,0.015266365371644497,0.029626628383994102,0.9061163067817688,0.03394467011094093,0.01504605170339346,2,2
TCGA-BH-A0AZ-01A-02-TSB.a9b7b640-d2bb-4e2a-820a-d621212eea2e,0.012269985862076283,0.03335081413388252,0.9014734625816345,0.044543374329805374,0.008362381719052792,2,2
TCGA-BH-A0B0-01A-02-BSB.f982be37-f191-4a96-a1a4-3cfefdfc9a19,0.010196315124630928,0.031318217515945435,0.875905454158783,0.056640561670064926,0.02593950182199478,2,2
TCGA-BH-A0B0-01A-02-TSB.0eb990a6-1311-4909-8d86-03ae43a41227,0.008857492357492447,0.033651161938905716,0.8820033669471741,0.055076971650123596,0.020410975441336632,2,2
TCGA-BH-A0B1-01A-01-BSA.e42c4f30-d738-4366-9d21-0df264e6de0c,0.15280619263648987,0.03634078428149223,0.4941137135028839,0.12051037698984146,0.1962289661169052,2,2
TCGA-BH-A0B1-01A-01-TSA.2739b8f3-4b3b-4f93-8a37-decb4367178a,0.09018460661172867,0.034963205456733704,0.6373257637023926,0.09085457026958466,0.146671861410141,2,2
TCGA-BH-A0B2-01A-01-BSA.643fd386-3bcb-4ee1-a030-1e34eeefeb04,0.02932940050959587,0.0864730179309845,0.781345009803772,0.06355568021535873,0.0392969585955143,2,2
TCGA-BH-A0B2-01A-01-TSA.b3643e0d-dc70-4fd2-a0e0-534890f73da1,0.046512458473443985,0.11828777194023132,0.6112804412841797,0.2068376988172531,0.017081646248698235,2,2
TCGA-BH-A0B3-01A-01-BSA.6e9592e8-196a-40a2-bc46-55dee088bc76,0.09430152177810669,0.1302894800901413,0.41456276178359985,0.35266271233558655,0.008183502592146397,2,2
TCGA-BH-A0B3-01A-01-TSA.b7b39efc-b0b0-402a-bea3-95edd29c5adf,0.12851467728614807,0.1357664316892624,0.306843638420105,0.4169979691505432,0.011877250857651234,3,3
TCGA-BH-A0B4-01A-01-BSA.f2bcfe2d-e385-4d55-989e-9013d4a38230,0.005891341716051102,0.020264776423573494,0.8944025635719299,0.07156984508037567,0.007871409878134727,2,2
TCGA-BH-A0B4-01A-01-TSA.7471aa51-0284-421f-9c48-43ae81144c22,0.007899336516857147,0.04743032157421112,0.8387100696563721,0.0970708429813385,0.008889424614608288,2,2
TCGA-BH-A0B5-01A-01-BSA.6fc7f4e6-e267-4359-b472-057f1e77ae1a,0.01040522288531065,0.019988395273685455,0.8844975233078003,0.040550973266363144,0.04455788806080818,2,2
TCGA-BH-A0B5-01A-01-TSA.251b1c6f-62e7-4a8d-afd4-e6dd132948fb,0.029508978128433228,0.03576201573014259,0.7739422917366028,0.1326797753572464,0.02810700796544552,2,2
TCGA-BH-A0B6-01A-01-BSA.F0754BB4-6170-42CB-931F-04A324BADD47,0.06848739832639694,0.13268502056598663,0.6888182759284973,0.07763124257326126,0.03237808868288994,2,2
TCGA-BH-A0B6-01A-01-TSA.263AFB9B-2F32-4E0F-815A-9A45FF271800,0.045595768839120865,0.1185014620423317,0.6830113530158997,0.09155000746250153,0.06134144216775894,2,2
TCGA-BH-A0B7-01A-01-BSA.b842b06f-b4a9-4acf-9534-be4c716763d2,0.07181248813867569,0.2667785584926605,0.49548789858818054,0.12343202531337738,0.042489051818847656,2,2
TCGA-BH-A0B7-01A-01-TSA.c22d40fb-49bd-406f-bb75-83d655889804,0.057168152183294296,0.11922989040613174,0.6990225315093994,0.08751563727855682,0.037063781172037125,2,2
TCGA-BH-A0B8-01A-02-BSB.64413cea-7a07-43c5-a8d0-939affc290cb,0.010248895734548569,0.009898674674332142,0.911361813545227,0.0636737048625946,0.004816937725991011,2,2
TCGA-BH-A0B8-01A-02-TSB.36cf2fc1-2b18-48e7-9d2d-0892fdf17b93,0.0057456339709460735,0.009243885055184364,0.9285712838172913,0.051454946398735046,0.004984300583600998,2,2
TCGA-BH-A0B9-01A-01-BSA.f1673d45-8491-4821-87e3-62e7cbcb2994,0.6510277390480042,0.08466663211584091,0.126285582780838,0.11258355528116226,0.025436505675315857,0,0
TCGA-BH-A0BA-01A-01-BSA.9d357113-f4a9-4e8e-8f02-86403cdc2af9,0.022619403898715973,0.028500033542513847,0.8202778697013855,0.07179495692253113,0.056807741522789,2,2
TCGA-BH-A0BA-01A-01-TSA.9c9b5e0c-5e89-4dbc-be76-36aaca93c648,0.008552314713597298,0.021333817392587662,0.8730451464653015,0.0678563192486763,0.029212340712547302,2,2
TCGA-BH-A0BC-01A-02-BSB.a89fb037-eac3-4424-8811-e668088b1481,0.007667081896215677,0.015186837874352932,0.9086868166923523,0.024450769647955894,0.044008541852235794,2,2
TCGA-BH-A0BC-01A-02-TSB.a7afb5f2-2676-428b-95c4-5b8764004820,0.01089303195476532,0.01705946959555149,0.8942718505859375,0.026719139888882637,0.05105646327137947,2,2
TCGA-BH-A0BD-01A-01-BSA.660ee152-efee-472b-95d1-1e5723ca1f64,0.016559937968850136,0.02260223962366581,0.8277618288993835,0.12218184769153595,0.010894195176661015,2,2
TCGA-BH-A0BD-01A-01-TSA.b92fbb4e-3f22-48d5-9b1e-af972a45232e,0.02541186660528183,0.03808632865548134,0.7632689476013184,0.15767435729503632,0.015558550134301186,2,2
TCGA-BH-A0BF-01A-02-BSB.00d3beec-4e44-4585-a6c0-ec25b8ee3538,0.07803338021039963,0.12234145402908325,0.6306426525115967,0.14982129633426666,0.01916123367846012,2,2
TCGA-BH-A0BG-01A-01-BSA.31ae700e-3c02-4329-b43a-ee2ccc20b688,0.12164321541786194,0.12096984684467316,0.5074324607849121,0.21901221573352814,0.030942246317863464,2,2
TCGA-BH-A0BG-01A-01-TSA.e8a4f7a5-137e-4647-9f9e-528f308112e3,0.054916657507419586,0.0836547315120697,0.7465665340423584,0.09474223107099533,0.020119862630963326,2,2
TCGA-BH-A0BJ-01A-01-BSA.979caa76-44d5-4c81-ac78-08908ce542d2,0.011560577899217606,0.045882001519203186,0.8108147382736206,0.05952656269073486,0.07221609354019165,2,2
TCGA-BH-A0BJ-01A-01-TSA.356876b9-34bb-4958-b932-8dc6022800ff,0.006371799856424332,0.021951643750071526,0.88193279504776,0.034721121191978455,0.05502261593937874,2,2
TCGA-BH-A0BL-01A-01-BSA.f8277eba-2d30-4c5f-ae15-94daba29503a,0.186569944024086,0.12430038303136826,0.5013312697410583,0.12235291302204132,0.06544550508260727,2,2
TCGA-BH-A0BL-01A-01-TSA.10753cc1-6b69-4ba1-b4b7-561d7ed8a6a9,0.24950556457042694,0.11147332191467285,0.4606180489063263,0.16005215048789978,0.018350867554545403,2,2
TCGA-BH-A0BM-01A-01-BSA.0c2b78c5-2579-4a8a-81cb-e2f6cbb4a019,0.003579814452677965,0.0050493874587118626,0.9721919894218445,0.0074536451138556,0.011725133284926414,2,2
TCGA-BH-A0BM-01A-01-TSA.f2ad9846-fe78-4112-af84-b800a575e977,0.0023706634528934956,0.004898557439446449,0.9722834825515747,0.00662492960691452,0.013822387903928757,2,2
TCGA-BH-A0BO-01A-01-BSA.fb0f8c89-81d2-4f60-af1b-44a84aae1d3a,0.10850492864847183,0.05258741229772568,0.7016907930374146,0.05233407020568848,0.08488275855779648,2,2
TCGA-BH-A0BO-01A-02-BSB.984c099a-27b1-4584-8c84-0ff358b7610e,0.04282589256763458,0.02243467979133129,0.7713308334350586,0.053381338715553284,0.11002717912197113,2,2
TCGA-BH-A0BP-01A-01-BSA.e3fa75e0-9c2b-4eec-8d44-3b10237c1571,0.08006954938173294,0.028459394350647926,0.7634665966033936,0.07830926775932312,0.0496952123939991,2,2
TCGA-BH-A0BP-01A-01-TSA.7af1ff04-abb7-4c36-9316-8596f2053824,0.030002856627106667,0.0268479622900486,0.8605529069900513,0.054911933839321136,0.027684254571795464,2,2
TCGA-BH-A0BQ-01A-01-BSA.bad7666c-e404-4d97-af8d-2335bf33f31c,0.016031403094530106,0.03466089442372322,0.8618946671485901,0.06574279069900513,0.02167024463415146,2,2
TCGA-BH-A0BQ-01A-02-BSB.46d849d6-4c9d-44be-8cd2-01bcfea20d2f,0.026127515360713005,0.061689991503953934,0.8002292513847351,0.0910654067993164,0.020887767896056175,2,2
TCGA-BH-A0BR-01A-02-BSB.63ea0e68-49cf-4897-834b-d11519db02ec,0.07414691150188446,0.1324307769536972,0.7017367482185364,0.07830386608839035,0.013381749391555786,2,2
TCGA-BH-A0BR-01A-02-TSB.c3274f30-ee10-44ef-a781-1441f0a4c659,0.04030585661530495,0.10868910700082779,0.7691407203674316,0.07110259681940079,0.010761751793324947,2,2
TCGA-BH-A0BS-01A-01-BSA.ebd4566c-a2cd-4f86-a5ed-baf53731ac5a,0.010251549072563648,0.03596625104546547,0.7403184771537781,0.20806734263896942,0.005396430380642414,2,2
TCGA-BH-A0BS-01A-01-TSA.2de86c0c-c9f9-41fc-8f82-966b48b6af7b,0.0181924756616354,0.060684047639369965,0.7514089941978455,0.1624588668346405,0.007255580276250839,2,2
TCGA-BH-A0BT-01A-01-BSA.5024ab0b-133d-4414-803d-29a1d63df444,0.009326351806521416,0.03806449845433235,0.8704485893249512,0.06978629529476166,0.012374223209917545,2,2
TCGA-BH-A0BT-01A-01-TSA.0d7af972-fe18-47c7-b863-2bb47d611f22,0.006949327886104584,0.052323877811431885,0.8681384921073914,0.055896732956171036,0.01669156178832054,2,2
TCGA-BH-A0BV-01A-01-BSA.1d27d74a-405e-4a7f-befa-6d5f7b1fa8e9,0.02359102852642536,0.025105563923716545,0.8310630321502686,0.1099332943558693,0.010307077318429947,2,2
TCGA-BH-A0BV-01A-01-TSA.f5f04523-e30b-4204-99f4-0003ceec2724,0.029043886810541153,0.045710787177085876,0.7482795119285583,0.16644340753555298,0.010522441007196903,2,2
TCGA-BH-A0BW-01A-01-BSA.e6e7f7cd-a931-4d02-acf6-87b0bbf21fba,0.14119446277618408,0.14286597073078156,0.5762485265731812,0.12017863243818283,0.019512400031089783,2,2
TCGA-BH-A0BW-01A-01-TSA.a2c48bd4-4c32-4694-97c8-c43679601ab0,0.18616148829460144,0.18210168182849884,0.3518928587436676,0.26183462142944336,0.018009327352046967,2,2
TCGA-BH-A0BZ-01A-03-BSC.875682e9-3d99-4189-8ad1-f1e4e4bb7610,0.09271456301212311,0.13329671323299408,0.3436322510242462,0.4148261547088623,0.015530336648225784,3,3
TCGA-BH-A0BZ-01A-03-TSC.18e04e86-9ccb-4773-bcf3-d7f0c54c6e2a,0.08119695633649826,0.12967418134212494,0.3481803238391876,0.42997661232948303,0.010971897281706333,3,3
TCGA-BH-A0C0-01A-02-BSB.4b112630-4214-42cb-8db9-56df1ce4c6ea,0.1872701644897461,0.16548794507980347,0.26900649070739746,0.3677726089954376,0.010462762787938118,3,3
TCGA-BH-A0C0-01A-02-TSB.b5d6fdae-cc88-4ded-a599-f778187bdc37,0.22116445004940033,0.15471747517585754,0.2976576089859009,0.31214168667793274,0.0143187390640378,3,3
TCGA-BH-A0C3-01A-02-BSB.8ad907ea-f7a5-4095-86c7-1381dfbccea7,0.026399288326501846,0.04011525586247444,0.8333560824394226,0.047585535794496536,0.052543897181749344,2,2
TCGA-BH-A0C3-01A-02-TSB.09beb17d-e7be-4a91-b931-98ff177d1202,0.023749446496367455,0.0640033632516861,0.7284805178642273,0.09769211709499359,0.0860745832324028,2,2
TCGA-BH-A0DD-01A-03-BSC.c1eded57-13d8-48ff-9389-5467a8455fe6,0.1597152054309845,0.08960328251123428,0.526107132434845,0.2045350968837738,0.020039254799485207,2,2
TCGA-BH-A0DD-01A-03-TSC.0088505b-5e18-49c4-bc2b-7946b2780383,0.08790484815835953,0.06703820079565048,0.6742780208587646,0.15890443325042725,0.01187448762357235,2,2
TCGA-BH-A0DE-01A-01-BSA.2222ee02-424e-4db1-bf0c-9213fcb9c269,0.0161688644438982,0.01539179403334856,0.9143738150596619,0.0185908954590559,0.035474590957164764,2,2
TCGA-BH-A0DE-01A-01-TSA.2a52bf9e-45aa-4e5b-8ee7-12476f5f9329,0.023718224838376045,0.017444774508476257,0.8889685869216919,0.01678619347512722,0.05308225750923157,2,2
TCGA-BH-A0DG-01A-02-BSB.991bb656-5e82-4698-8618-27c6a0b1616e,0.03681075945496559,0.1987949162721634,0.5433965921401978,0.20846104621887207,0.012536644004285336,2,2
TCGA-BH-A0DG-01A-02-MSB.46920fd1-be28-491c-87cd-01ae77283a76,0.021151211112737656,0.09407602250576019,0.6175277233123779,0.2603250741958618,0.0069199372082948685,2,2
TCGA-BH-A0DH-01A-01-BSA.8ac4fdc4-cc2c-4c7f-b0b9-e55e4a6d225d,0.02412528544664383,0.02646295167505741,0.8322427868843079,0.06094152480363846,0.0562274307012558,2,2
TCGA-BH-A0DH-01A-01-TSA.65c5c88c-2eab-4c9d-adfa-4de61c284c55,0.013546405360102654,0.01672818325459957,0.8378187417984009,0.05755498260259628,0.07435163110494614,2,2
TCGA-BH-A0DI-01A-02-BSB.7e8228a1-5a72-413f-96aa-ca7dc090bbca,0.020096125081181526,0.061663225293159485,0.7914410829544067,0.06511358916759491,0.06168603152036667,2,2
TCGA-BH-A0DI-01A-02-TSB.c1a37b06-e872-44b7-9dd2-2b3e2b363076,0.02112387865781784,0.044429074972867966,0.7855890393257141,0.06728896498680115,0.08156895637512207,2,2
TCGA-BH-A0DK-01A-02-BSB.d2b81f36-c819-44a9-8171-5297fd30cd73,0.06745260208845139,0.14944586157798767,0.5022006630897522,0.2579076588153839,0.02299325354397297,2,2
TCGA-BH-A0DK-01A-02-TSB.50070c5c-59b6-4d86-8eff-aaa38be1ea77,0.05494702607393265,0.0990627184510231,0.6571792960166931,0.1573590189218521,0.03145192191004753,2,2
TCGA-BH-A0DL-01A-01-BSA.7328c7b0-af70-4309-8908-9684d53b8b3d,0.4059153199195862,0.08515454828739166,0.32492104172706604,0.16392910480499268,0.02007990889251232,0,0
TCGA-BH-A0DL-01A-01-TSA.bbf68858-72c8-490a-89b1-6018c8aef709,0.0568024106323719,0.06801821291446686,0.7521032691001892,0.0990053117275238,0.02407078631222248,2,2
TCGA-BH-A0DP-01A-02-BSB.ad74deb9-5256-4688-9a5c-c4db6be91e67,0.009453682228922844,0.014867022633552551,0.9093763828277588,0.03583677485585213,0.030466102063655853,2,2
TCGA-BH-A0DP-01A-02-TSB.f0b6081f-92f9-4272-a7a7-4fb43bce2bea,0.021834446117281914,0.0559549406170845,0.7779476642608643,0.0797099769115448,0.06455294787883759,2,2
TCGA-BH-A0DQ-01A-01-MSA.3e981cdd-f9e6-454a-9746-16e29a072b17,0.0308701004832983,0.03465690463781357,0.8659323453903198,0.05039910227060318,0.01814155839383602,2,2
TCGA-BH-A0DQ-01A-01-TSA.24f28fdb-5247-4110-9356-579b900acecc,0.03608483448624611,0.03118436597287655,0.849858820438385,0.06871947646141052,0.014152511954307556,2,2
TCGA-BH-A0DS-01A-01-BSA.6f8197a1-4017-45c3-bba4-6c15da09c091,0.022997528314590454,0.029952626675367355,0.8275080323219299,0.08278409391641617,0.03675771504640579,2,2
TCGA-BH-A0DS-01A-01-TSA.2395f79e-a59e-4a9a-9814-4ed846745510,0.04410127177834511,0.03720749542117119,0.7502306699752808,0.12554985284805298,0.042910777032375336,2,2
TCGA-BH-A0DT-01A-02-BSB.92dcef3c-8ae8-4e87-a2e8-264893a28236,0.004403130151331425,0.020166480913758278,0.9400778412818909,0.02187558077275753,0.013477034866809845,2,2
TCGA-BH-A0DT-01A-02-TSB.059d6dec-9051-4d12-96cc-49bd63ae678e,0.005361627321690321,0.01416002307087183,0.9515156745910645,0.014685466885566711,0.014277242124080658,2,2
TCGA-BH-A0DV-01A-02-BSB.391712b1-566f-432f-88d8-44067bfcfc6d,0.004337610676884651,0.017523018643260002,0.9401959776878357,0.012410539202392101,0.025532850995659828,2,2
TCGA-BH-A0DV-01A-02-TSB.5efc21a2-56a1-4ce2-99b2-fb7edadb3698,0.005493132397532463,0.009540663100779057,0.9340314865112305,0.009440452791750431,0.04149427264928818,2,2
TCGA-BH-A0DX-01A-01-BSA.6a01c1b0-28e9-4d6a-9114-d53b17130c02,0.015797536820173264,0.03190838545560837,0.8930760622024536,0.04270845651626587,0.016509586945176125,2,2
TCGA-BH-A0DX-01A-01-TSA.326ef6ce-5ee6-4b23-ab87-199c55107405,0.025275155901908875,0.03561649098992348,0.8354095816612244,0.03639795258641243,0.06730093061923981,2,2
TCGA-BH-A0DZ-01A-01-BSA.96d9efe6-e56c-4a00-b312-9af5d2913fd9,0.024791236966848373,0.0798666849732399,0.6619043350219727,0.21895229816436768,0.014485438354313374,2,2
TCGA-BH-A0DZ-01A-01-TSA.482fc6f8-5c8b-494e-a821-628daa343534,0.01266507338732481,0.04288923740386963,0.7974563837051392,0.13529333472251892,0.011695969849824905,2,2
TCGA-BH-A0E0-01A-01-BSA.b224536e-7d49-421d-a3bb-815fc01556a9,0.537868857383728,0.04761553555727005,0.16897214949131012,0.21845877170562744,0.027084700763225555,0,0
TCGA-BH-A0E0-01A-01-TSA.6d266771-231b-4305-afd9-ec77a67f2e73,0.37537965178489685,0.07398317754268646,0.3757963180541992,0.14050158858299255,0.034339312463998795,2,2
TCGA-BH-A0E1-01A-01-BSA.57534115-65b7-48cc-b124-13b8f3c15d48,0.021673336625099182,0.03673218563199043,0.8456581234931946,0.08370913565158844,0.012227294035255909,2,2
TCGA-BH-A0E1-01A-01-TSA.01da1142-7d58-419d-998b-acd3be403d31,0.01726469397544861,0.024569006636738777,0.9022473692893982,0.0312558151781559,0.024663060903549194,2,2
TCGA-BH-A0E2-01A-01-BSA.1c64f76e-23d3-4d31-a921-31e15cb98f50,0.11994536221027374,0.1556176096200943,0.3450343906879425,0.3598237931728363,0.01957879588007927,3,3
TCGA-BH-A0E2-01A-01-TSA.8220f6e4-60c4-40cf-836a-b420f70efa19,0.12678547203540802,0.1676856428384781,0.30069467425346375,0.39074644446372986,0.01408778503537178,3,3
TCGA-BH-A0E6-01A-01-BSA.8156d307-3bf6-4d24-ad6c-9d0a8cc2a504,0.5157029032707214,0.14149577915668488,0.19367283582687378,0.1363067328929901,0.012821716256439686,0,0
TCGA-BH-A0E6-01A-01-TSA.54e2d7c5-0b53-4221-a8fe-af32465030ec,0.5825473666191101,0.09117075055837631,0.20608210563659668,0.1057732105255127,0.014426582492887974,0,0
TCGA-BH-A0E7-01A-01-BSA.7c705dfe-0a1d-468c-a43e-eede6df788ab,0.010347073897719383,0.034039441496133804,0.7864079475402832,0.16495835781097412,0.004247169941663742,2,2
TCGA-BH-A0E7-01A-01-TSA.28384290-aa86-483d-847e-47edddf059fc,0.01614312268793583,0.04960592836141586,0.8126305341720581,0.11408229172229767,0.007538082078099251,2,2
TCGA-BH-A0EA-01A-01-MSA.a0826f0d-986a-491b-8c6f-b34f8929f3ee,0.012140600010752678,0.014612480998039246,0.9285122752189636,0.024867109954357147,0.019867531955242157,2,2
TCGA-BH-A0EA-01A-01-TSA.90154ea1-6b76-4445-870e-d531d6fa1239,0.00583003181964159,0.01585489511489868,0.9520403146743774,0.01646205224096775,0.00981265027076006,2,2
TCGA-BH-A0EB-01A-01-BSA.f2664782-5c6a-4693-8f9c-aa963b38e605,0.02229205146431923,0.09062448143959045,0.6677972078323364,0.2059909850358963,0.013295229524374008,2,2
TCGA-BH-A0EB-01A-01-TSA.12af0d04-ac02-49b1-b2a7-67af4dce098f,0.022433174774050713,0.08352959156036377,0.6983962655067444,0.18286359310150146,0.012777327559888363,2,2
TCGA-BH-A0EE-01A-01-BSA.3b661349-b956-42ea-8872-db00f9a397f2,0.6386141777038574,0.1151447594165802,0.10156843811273575,0.10492262989282608,0.03974995017051697,0,0
TCGA-BH-A0EE-01A-01-TSA.73130d8d-377f-4924-b023-0908ec862747,0.5361742377281189,0.13099554181098938,0.1549251228570938,0.13877597451210022,0.039129097014665604,0,0
TCGA-BH-A0EI-01A-01-BSA.a966fddf-e06b-4beb-847b-62a0e41306f7,0.008359955623745918,0.03508222848176956,0.8832771182060242,0.05986517295241356,0.013415506109595299,2,2
TCGA-BH-A0EI-01A-01-TSA.b3d8fb78-8b4f-4185-a816-b5a7b4b0dc7f,0.011703222058713436,0.04428914189338684,0.8446703553199768,0.0817854180932045,0.01755189336836338,2,2
TCGA-BH-A0GY-01A-01-BSA.8fbab1df-7130-4c95-b61d-9b988b4f7507,0.048879474401474,0.13677895069122314,0.5831544399261475,0.2141686975955963,0.017018433660268784,2,2
TCGA-BH-A0GY-01A-01-TSA.d5301721-b7af-4291-96dd-220436458f10,0.03772418573498726,0.1733897179365158,0.6070312261581421,0.16249462962150574,0.01936028152704239,2,2
TCGA-BH-A0GZ-01A-01-BSA.2d2c174c-aa50-4f85-ba38-b46d3303f8ee,0.027745908126235008,0.07305550575256348,0.8341771364212036,0.04872332513332367,0.016298070549964905,2,2
TCGA-BH-A0GZ-01A-01-TSA.0f63b7d7-9142-4f14-a9fb-8c061a0fa4b8,0.03795112669467926,0.06714662164449692,0.8108456134796143,0.05375615507364273,0.030300436541438103,2,2
TCGA-BH-A0H0-01A-01-TSA.70fed29e-bd3c-4cb6-92c4-0c16bd6048d6,0.03785673901438713,0.015590831637382507,0.8082393407821655,0.12382017821073532,0.014492874965071678,2,2
TCGA-BH-A0H3-01A-01-MSA.32ba4ab2-1d6a-4927-953f-2801f2d216e6,0.013771341182291508,0.027829257771372795,0.8811578750610352,0.02918110229074955,0.048060379922389984,2,2
TCGA-BH-A0H3-01A-01-TSA.c3a3ea7e-8ed7-47dc-ba34-31e3cac55f6c,0.009607426822185516,0.026199860498309135,0.8815943002700806,0.03095906972885132,0.05163929983973503,2,2
TCGA-BH-A0H5-01A-02-BSB.dfe0061f-b99b-4c98-9b50-05e9df207807,0.08334069699048996,0.028735777363181114,0.788939893245697,0.04981471225619316,0.04916892945766449,2,2
TCGA-BH-A0H5-01A-02-TSB.3b222475-012c-4642-8b1b-3a16a77af4fc,0.06661101430654526,0.06853272020816803,0.7278220653533936,0.0582127720117569,0.07882136851549149,2,2
TCGA-BH-A0H6-01A-02-BSB.6f0a00c2-87c0-4565-a160-d51955b76cb3,0.04995562881231308,0.03880472853779793,0.706217885017395,0.17469702661037445,0.030324703082442284,2,2
TCGA-BH-A0H6-01A-02-TSB.c3d00ef3-faa9-416f-b8dd-85e30227482d,0.02373741939663887,0.04593908041715622,0.7860249280929565,0.1330328732728958,0.011265741661190987,2,2
TCGA-BH-A0H7-01A-01-TSA.3a4088bb-e65a-412e-9ac0-2188e424d02d,0.04064389318227768,0.06958276033401489,0.6303000450134277,0.22005479037761688,0.03941855952143669,2,2
TCGA-BH-A0H9-01A-01-BSA.1ecefd59-ca14-4b45-a3af-b9c72058ec45,0.04802447184920311,0.0505267009139061,0.7847360372543335,0.09245555102825165,0.02425718680024147,2,2
TCGA-BH-A0H9-01A-01-TSA.c1e06445-62d2-4221-b1ff-3e8eb7cd3106,0.03496870398521423,0.05700122192502022,0.8266233205795288,0.07121601700782776,0.010190754197537899,2,2
TCGA-BH-A0HA-01A-01-BSA.3299cf66-843b-4c75-9ab2-fac7dd9a4dec,0.029291022568941116,0.03383072093129158,0.8768965601921082,0.049149367958307266,0.010832352563738823,2,2
TCGA-BH-A0HA-01A-01-TSA.eb27eed7-d48e-44d1-8436-0fe8a3dcef1e,0.033378299325704575,0.034317489713430405,0.8590103387832642,0.05905415862798691,0.014239699579775333,2,2
TCGA-BH-A0HB-01A-01-BSA.6c9bb2b3-eef6-4e6e-ae30-1381db532ac2,0.046761058270931244,0.01848822832107544,0.8377895355224609,0.0816156342625618,0.015345553867518902,2,2
TCGA-BH-A0HB-01A-01-MSA.4111470f-6088-4244-9788-d1f4d7643a71,0.06196350231766701,0.01681002415716648,0.8110796809196472,0.09623704105615616,0.013909796252846718,2,2
TCGA-BH-A0HF-01A-01-BSA.e917388d-c4db-4345-b7de-172bc1894173,0.009253016673028469,0.036918867379426956,0.8712282180786133,0.07156411558389664,0.011035794392228127,2,2
TCGA-BH-A0HF-01A-01-TSA.7ded795f-16d8-44ef-b26f-5f6fdd25fc1b,0.00539957033470273,0.021944230422377586,0.9387212991714478,0.02648165076971054,0.007453250698745251,2,2
TCGA-BH-A0HI-01A-01-TSA.90298880-ffbf-49c4-be65-7b0fc76fce8b,0.08087188750505447,0.08318319916725159,0.5886940956115723,0.22646158933639526,0.020789271220564842,2,2
TCGA-BH-A0HK-01A-01-BSA.9503c4b2-4f84-4b5e-80a1-2e29605606b2,0.0646873414516449,0.03807222470641136,0.7435862421989441,0.09541832655668259,0.05823592469096184,2,2
TCGA-BH-A0HK-01A-01-TSA.baefe9ea-a565-4ec1-92b2-6b62ed9944e3,0.08835502713918686,0.06401032209396362,0.5365190505981445,0.2781652808189392,0.03295039013028145,2,2
TCGA-BH-A0HL-01A-01-BSA.06db6ff3-c6c9-4a57-b0fc-ef2a749865bf,0.2497100681066513,0.009432714432477951,0.6084060072898865,0.12077143043279648,0.01167980581521988,2,2
TCGA-BH-A0HL-01A-01-TSA.2807c8d7-6e2a-421d-91dc-4ce76a1445a3,0.20436997711658478,0.018711412325501442,0.6016113758087158,0.16617949306964874,0.009127688594162464,2,2
TCGA-BH-A0HN-01A-01-BSA.48a0a442-ee9e-463a-baff-2848408cdeb0,0.09824319183826447,0.05317527428269386,0.6830782890319824,0.143917053937912,0.021586153656244278,2,2
TCGA-BH-A0HN-01A-01-TSA.82c8d845-2b00-401b-af1a-70573b4a95d3,0.039493680000305176,0.018181268125772476,0.8588314056396484,0.07568906992673874,0.00780451251193881,2,2
TCGA-BH-A0HO-01A-01-BSA.1cb192f4-f6fa-45c3-92ac-b1e67bdb96b5,0.016038721427321434,0.0358504094183445,0.8531739711761475,0.08918775618076324,0.005749107338488102,2,2
TCGA-BH-A0HO-01A-01-TSA.927ed714-1749-44c9-bfb1-a55d65671692,0.0229862779378891,0.02264288254082203,0.860654354095459,0.0886518657207489,0.005064602009952068,2,2
TCGA-BH-A0HP-01A-01-BSA.c795ed04-0ade-4ed8-9a8b-526b4b789838,0.010370505042374134,0.01649361290037632,0.8344323039054871,0.021499287337064743,0.11720430105924606,2,2
TCGA-BH-A0HP-01A-01-TSA.f21bc9c8-67ad-4b4c-b9ac-5d824f2c0df8,0.006753583438694477,0.016492189839482307,0.9084790945053101,0.020954780280590057,0.04732042923569679,2,2
TCGA-BH-A0HQ-01A-01-BSA.4d080ff5-e61d-49e5-ae36-697e5b0ba630,0.004469690844416618,0.02315976656973362,0.9379477500915527,0.022531332448124886,0.011891387403011322,2,2
TCGA-BH-A0HQ-01A-01-TSA.177676f4-76db-4918-a57e-99124cfa3f34,0.004156304523348808,0.013698228634893894,0.9519557356834412,0.013246786780655384,0.016942936927080154,2,2
TCGA-BH-A0HU-01A-01-BSA.24d5d604-52a8-45ef-9295-c69fa1e54ebd,0.018160581588745117,0.027234859764575958,0.8390191793441772,0.11044207960367203,0.005143201909959316,2,2
TCGA-BH-A0HU-01A-01-TSA.2ff65f66-42b5-40fc-9ce8-d9ab4aa4bea5,0.032007232308387756,0.025588830932974815,0.8676105737686157,0.06786904484033585,0.006924305576831102,2,2
TCGA-BH-A0HW-01A-01-BSA.ce352376-0dc4-4470-85b2-3cfb122531e8,0.06692586094141006,0.019715124741196632,0.7916590571403503,0.10432090610265732,0.01737901382148266,2,2
TCGA-BH-A0HW-01A-01-TSA.ea044a0b-dc69-4fc0-951a-ab4a8c9feff0,0.3432984948158264,0.03405752778053284,0.5103223323822021,0.08415362238883972,0.028167996555566788,2,2
TCGA-BH-A0HX-01A-02-BSB.1557ba7a-169e-4a9d-a9e7-48223614e663,0.03560960665345192,0.04058169201016426,0.8051422238349915,0.0944444090127945,0.024222038686275482,2,2
TCGA-BH-A0HX-01A-02-TSB.b80610f4-d074-4a7b-a5cc-e908ad2d9d6d,0.02657470665872097,0.031569380313158035,0.8555343747138977,0.05880944803357124,0.027512086555361748,2,2
TCGA-BH-A0HY-01A-01-BSA.46c5e097-d1b4-41df-a38a-fe148fc771bf,0.022610772401094437,0.0816071406006813,0.7478861212730408,0.12490531802177429,0.022990625351667404,2,2
TCGA-BH-A0HY-01A-01-TSA.6e6e9bc1-754e-496f-90ef-461287eb7fbf,0.0184737928211689,0.0908660888671875,0.7986422777175903,0.07543861120939255,0.016579141840338707,2,2
TCGA-BH-A0RX-01A-02-MSB.dd4d6596-9320-4e5d-982b-10909a2e4dd2,0.6374955773353577,0.056917618960142136,0.21956416964530945,0.06111692637205124,0.02490573562681675,0,0
TCGA-BH-A0RX-01A-02-TSB.9d6461a0-f41d-4071-aec3-a7df740609b4,0.9069592952728271,0.02849642187356949,0.03125914931297302,0.019591907039284706,0.013693291693925858,0,0
TCGA-BH-A0W3-01A-01-BS1.9f99ad93-48ed-4780-ac06-f70d8aefb2f5,0.025527818128466606,0.03168264403939247,0.7507351636886597,0.18158718943595886,0.010467158630490303,2,2
TCGA-BH-A0W3-01A-01-TS1.bb03a842-a10c-46d5-a07b-829be4a3fb68,0.02506929636001587,0.030548030510544777,0.7520819902420044,0.18587878346443176,0.006421904545277357,2,2
TCGA-BH-A0W4-01A-01-BSA.010d7af0-073a-48aa-a257-10583b33c6f7,0.022279195487499237,0.023383883759379387,0.8410578966140747,0.03587893769145012,0.07740005105733871,2,2
TCGA-BH-A0W4-01A-01-TSA.f592ae5d-5e10-4502-ba88-cea79f42f77e,0.00558473402634263,0.022624030709266663,0.9347542524337769,0.024334631860256195,0.012702427804470062,2,2
TCGA-BH-A0W5-01A-01-BSA.f3d54f51-a213-4c52-8eeb-1220f24364e4,0.005339004099369049,0.015507536940276623,0.947451114654541,0.016798753291368484,0.014903571456670761,2,2
TCGA-BH-A0W5-01A-01-TSA.2782f5fb-36e6-4c68-a5f9-9d740f54ac7d,0.00363549473695457,0.018270350992679596,0.9411671757698059,0.025425663217902184,0.0115013113245368,2,2
TCGA-BH-A0W7-01A-01-BS1.2185822c-9943-42de-8ca0-ae0d61c664e8,0.020786400884389877,0.05694198980927467,0.8409057259559631,0.06683932989835739,0.014526608400046825,2,2
TCGA-BH-A0W7-01A-01-MS1.450c62bd-b813-49cb-b6a9-5e483eff2247,0.016949370503425598,0.04723099619150162,0.8290665149688721,0.08417674899101257,0.022576428949832916,2,2
TCGA-BH-A0WA-01A-01-BS1.cdb31cb5-f9cf-4089-a6df-c1eb98207e39,0.41026851534843445,0.11774162948131561,0.24309784173965454,0.20329834520816803,0.025593671947717667,0,0
TCGA-BH-A0WA-01A-01-TS1.432bea0e-7c43-4b34-bee7-3ee094e87c40,0.203337624669075,0.1054631769657135,0.30823811888694763,0.3608759641647339,0.022085094824433327,3,3
TCGA-BH-A18F-01A-01-TSA.04018194-c078-409d-9fcc-6519b9609fb0,0.03400680795311928,0.04510006308555603,0.8151584267616272,0.05277988687157631,0.052954766899347305,2,2
TCGA-BH-A18G-01A-01-TSA.a7ff1888-9f8a-4a64-b461-dde8acac284d,0.5072286128997803,0.17154750227928162,0.1378175914287567,0.16720005869865417,0.016206208616495132,0,0
TCGA-BH-A18H-01A-01-TSA.75dba5a3-f9f5-4ff4-814c-7d2451820e03,0.09175499528646469,0.057056862860918045,0.6555674076080322,0.17093631625175476,0.024684414267539978,2,2
TCGA-BH-A18I-01A-01-TSA.ef056365-4256-4249-9632-5647ee23a6dc,0.01832791417837143,0.02377079799771309,0.8887585401535034,0.05924510955810547,0.009897680021822453,2,2
TCGA-BH-A18J-01A-01-TSA.43e0b6e6-640c-4ad1-9ca1-06030ab0b018,0.06646399199962616,0.08757133781909943,0.4742841124534607,0.33788788318634033,0.033792655915021896,2,2
TCGA-BH-A18K-01A-01-TSA.a5f7c256-0630-4e98-964e-09352b34a53d,0.024663694202899933,0.06764974445104599,0.7108206152915955,0.17976075410842896,0.017105169594287872,2,2
TCGA-BH-A18L-01A-03-TSC.6bf9df68-0928-475d-89d6-2d92223306f7,0.018676262348890305,0.033615294843912125,0.8434163331985474,0.074189692735672,0.030102424323558807,2,2
TCGA-BH-A18M-01A-01-TSA.b628e098-1358-4a68-a30f-8b044a26b405,0.009727175347507,0.020971667021512985,0.9225124716758728,0.020887134596705437,0.02590155228972435,2,2
TCGA-BH-A18N-01A-01-TSA.fa28d892-c8d9-4e85-af22-24c75bb952f9,0.014717759564518929,0.03602021932601929,0.7147870659828186,0.2296186089515686,0.004856355953961611,2,2
TCGA-BH-A18P-01A-01-TSA.26d6bd8a-dc3d-4d9f-8e79-3165cb7e73c3,0.017448676750063896,0.06909088045358658,0.611213743686676,0.29579639434814453,0.0064503587782382965,2,2
TCGA-BH-A18Q-01A-01-TSA.53679e88-228a-40c4-b82b-742c601e3096,0.05049841105937958,0.07703986018896103,0.6339910626411438,0.2273920625448227,0.011078625917434692,2,2
TCGA-BH-A18R-01A-01-TSA.d57b08ae-35a1-40ca-9a74-7ebac8c8cc53,0.020151544362306595,0.10858878493309021,0.5765953660011292,0.2827211320400238,0.011943116784095764,2,2
TCGA-BH-A18S-01A-01-TSA.b3a7ecb9-c4bb-4f9d-8886-5884b6335567,0.08966229856014252,0.058549899607896805,0.6521261930465698,0.12931501865386963,0.07034658640623093,2,2
TCGA-BH-A18T-01A-01-TSA.089d9985-6794-4237-a7c7-75c1fb3c1755,0.5386539697647095,0.0629347413778305,0.08149862289428711,0.305691659450531,0.011221048422157764,0,0
TCGA-BH-A18U-01A-02-TSB.157a84f2-044a-4414-a029-d5b626e1b53e,0.11421714723110199,0.08591243624687195,0.38459572196006775,0.4065707325935364,0.008704028092324734,3,3
TCGA-BH-A18V-01A-01-TSA.c53853f8-5b57-4695-9d13-58cfd0d5819b,0.3525514304637909,0.07543635368347168,0.2872571349143982,0.27076631784439087,0.013988740742206573,0,0
TCGA-BH-A18V-06A-01-TSA.BEF73FC6-FB7D-47EE-8674-DF132F5D5B06,0.13712163269519806,0.035763926804065704,0.41217947006225586,0.3983192443847656,0.01661575958132744,2,2
TCGA-BH-A1EN-01A-01-TS1.9dfc5f3d-6c6c-49ef-bba9-83187471cf26,0.017160410061478615,0.15603594481945038,0.5221092104911804,0.2693009078502655,0.03539354354143143,2,2
TCGA-BH-A1EO-01A-01-TSA.f976fed3-c414-4f35-84cf-76c2f04e1de1,0.03741731494665146,0.07260624319314957,0.7376853227615356,0.12182644009590149,0.03046472929418087,2,2
TCGA-BH-A1ES-01A-01-TSA.94f9e0f1-711e-40aa-a249-119871c21dd2,0.052104923874139786,0.0798487439751625,0.7331816554069519,0.11972374469041824,0.015140912495553493,2,2
TCGA-BH-A1ES-06A-01-TS1.88993BF7-05AB-4657-A625-C77592D6DC4B,0.17558978497982025,0.21456708014011383,0.39389386773109436,0.18494702875614166,0.031002234667539597,2,2
TCGA-BH-A1ET-01A-01-TSA.a4706ce4-60f8-4373-b77c-0d3ff31d8324,0.0035212121438235044,0.007091065868735313,0.9450089335441589,0.008092692121863365,0.0362861268222332,2,2
TCGA-BH-A1EU-01A-01-TSA.ce198ff0-3faf-4c61-b810-eac6d14f9a28,0.0058333370834589005,0.012479445897042751,0.9399394392967224,0.012684203684329987,0.029063580557703972,2,2
TCGA-BH-A1EV-01A-01-TSA.ed83f6be-600b-45e7-a9b0-b56a5a53e614,0.06271452456712723,0.07638765126466751,0.6523653864860535,0.1784624308347702,0.030070018023252487,2,2
TCGA-BH-A1EW-01A-01-TSA.9b039a90-0f89-4356-a277-2fa293021951,0.012325610034167767,0.04337418079376221,0.8745761513710022,0.05409330874681473,0.015630723908543587,2,2
TCGA-BH-A1EX-01A-01-TSA.744ac7ab-1815-4c2c-9d49-26b51cbfe3af,0.06743024289608002,0.0515918992459774,0.6976444125175476,0.16949933767318726,0.013834099285304546,2,2
TCGA-BH-A1EY-01A-01-TSA.ccf39db7-4c9d-41a0-a961-b2819792db71,0.1495128720998764,0.09816641360521317,0.38474157452583313,0.35496896505355835,0.012610191479325294,2,2
TCGA-BH-A1F0-01A-01-TSA.e1fa751d-d255-48c2-af85-826f04050f75,0.11539219319820404,0.07862364500761032,0.44793611764907837,0.33853304386138916,0.019514985382556915,2,2
TCGA-BH-A1F2-01A-03-TSC.a4a61b6f-13fa-4a9b-9215-22b570a9785a,0.043411582708358765,0.04721776023507118,0.8373239636421204,0.048820797353982925,0.023225950077176094,2,2
TCGA-BH-A1F5-01A-01-TSA.1b252a9c-e4fa-4eb3-bc26-3140c42c4b31,0.016629507765173912,0.033047936856746674,0.8700559735298157,0.07300711423158646,0.007259509060531855,2,2
TCGA-BH-A1F6-01A-01-TSA.47a8cf12-b12a-4e68-b848-66b2c3ca7c7d,0.1358405500650406,0.09647876024246216,0.48176881670951843,0.2604134976863861,0.025498416274785995,2,2
TCGA-BH-A1F8-01A-01-TSA.e4ec1432-989c-4386-9d45-97a835bf0e64,0.07944466173648834,0.20644597709178925,0.2807753384113312,0.4228685200214386,0.010465527884662151,3,3
TCGA-BH-A1FB-01A-01-TSA.edd6c603-21aa-4892-a14a-74a5e8dc90a2,0.019845038652420044,0.041441697627305984,0.8517078161239624,0.04921590909361839,0.03778960928320885,2,2
TCGA-BH-A1FC-01A-01-TSA.7170e05f-33be-43ee-bb19-dfd819cc04fe,0.5335342884063721,0.21662724018096924,0.0729798674583435,0.1380045861005783,0.03885398432612419,0,0
TCGA-BH-A1FD-01A-01-TSA.5f2d753e-6d27-482c-a216-ffb3a728b743,0.17333245277404785,0.1992124319076538,0.19909991323947906,0.41529160737991333,0.013063539750874043,3,3
TCGA-BH-A1FE-01A-01-TSA.d6713956-a320-419d-9e3d-ff9a8951a2d0,0.06227764114737511,0.08713745325803757,0.617107093334198,0.18958745896816254,0.04389039799571037,2,2
TCGA-BH-A1FG-01A-01-TSA.4849c9e1-df17-412b-9497-4f598036fc0c,0.005127143580466509,0.02036045305430889,0.9199728965759277,0.04283607006072998,0.011703461408615112,2,2
TCGA-BH-A1FH-01A-01-TSA.3b7ff547-372f-4e5c-966e-aa988d623af3,0.016951655969023705,0.030311867594718933,0.8461399078369141,0.02145000919699669,0.08514660596847534,2,2
TCGA-BH-A1FJ-01A-01-TSA.676983af-aca4-415d-bf7b-f3de057ccd89,0.05699344351887703,0.10059288144111633,0.521002471446991,0.2576461136341095,0.0637650415301323,2,2
TCGA-BH-A1FL-01A-01-TSA.719d631e-5a72-4b1a-9cc1-5f22c727dfef,0.018230000510811806,0.01885923370718956,0.8739840984344482,0.07772991806268692,0.011196660809218884,2,2
TCGA-BH-A1FM-01A-01-TSA.1154cfd6-e765-4638-ab9c-18dbc9f49148,0.074835404753685,0.21326005458831787,0.40054789185523987,0.28199589252471924,0.029360756278038025,2,2
TCGA-BH-A1FN-01A-01-TSA.282e0721-24ae-47b0-a418-539a8b5c5241,0.32459756731987,0.134459987282753,0.15890434384346008,0.3620782196521759,0.019959863275289536,3,3
TCGA-BH-A1FR-01A-01-TSA.14d3ab9f-6bf4-4a4e-a156-9396dbf6f953,0.06761686503887177,0.06815607845783234,0.7044740319252014,0.13756391406059265,0.02218906208872795,2,2
TCGA-BH-A1FU-01A-01-TSA.52e0695f-4567-4af4-86d1-3d6368ca94c4,0.051299192011356354,0.11523361504077911,0.7087875604629517,0.08131876587867737,0.04336082562804222,2,2
TCGA-BH-A201-01A-01-TSA.19e3ea38-ce75-49fb-81b3-45e14890f370,0.08606775104999542,0.04507288336753845,0.6447800397872925,0.16827617585659027,0.05580313503742218,2,2
TCGA-BH-A202-01A-01-TSA.c8671f7f-1c8e-46f2-bb75-89786eda4c8e,0.275407999753952,0.15308350324630737,0.3731100857257843,0.1742243766784668,0.024174056947231293,2,2
TCGA-BH-A203-01A-01-TSA.c83f057a-ef0b-48fc-b208-0aea3646af34,0.17895027995109558,0.12462104111909866,0.44627508521080017,0.2172745019197464,0.0328790657222271,2,2
TCGA-BH-A204-01A-01-TSA.d4576e96-4fb5-44cd-95bd-9ba9bd5cce83,0.05657486245036125,0.06630656123161316,0.3105256259441376,0.5544264316558838,0.01216652151197195,3,3
TCGA-BH-A208-01A-01-TSA.466c1fcd-c0da-4bc2-851a-fd7c17a5a4a1,0.045931193977594376,0.27901777625083923,0.38408640027046204,0.2402130365371704,0.05075162649154663,2,2
TCGA-BH-A209-01A-01-TSA.7ae4e111-b182-427b-8c46-726c2f94e82b,0.3653067946434021,0.08366996794939041,0.309703528881073,0.19496922194957733,0.046350449323654175,0,0
TCGA-BH-A28O-01A-01-MS1.B25C7456-CDA1-4989-97F6-13B9AB7D3688,0.019215913489460945,0.019175555557012558,0.8258055448532104,0.014531785622239113,0.12127123773097992,2,2
TCGA-BH-A28Q-01A-01-TSA.c1c6f077-05eb-435f-a8ed-ebb79bcba2cf,0.004839998669922352,0.024391181766986847,0.9135247468948364,0.04343424737453461,0.013809915632009506,2,2
TCGA-BH-A2L8-01A-01-TSA.BB86D75F-CD05-4200-A4B7-2D83C697D53A,0.03840440511703491,0.07798930257558823,0.6703779101371765,0.18516096472740173,0.02806740812957287,2,2
TCGA-BH-A42T-01A-01-TSA.2DE6520B-22F3-49A6-9C06-FDAEC456AEC2,0.19402553141117096,0.08805137872695923,0.4493793845176697,0.24216747283935547,0.02637626975774765,2,2
TCGA-BH-A42U-01A-01-TSA.E8076E2D-A5D6-4AD1-8ABC-2EE650A0563A,0.06831933557987213,0.020975228399038315,0.8036669492721558,0.024509374052286148,0.08252918720245361,2,2
TCGA-BH-A42V-01A-01-TS1.34D6AC99-06D3-4A17-8519-2D71185DF7A4,0.014517671428620815,0.011491675861179829,0.9337633848190308,0.02462831884622574,0.015598918311297894,2,2
TCGA-BH-A5IZ-01A-01-TS1.D8563125-14E3-42A1-827D-B54F348722FF,0.26966795325279236,0.18930259346961975,0.21550503373146057,0.31631767749786377,0.009206694550812244,3,3
TCGA-BH-A5J0-01A-01-TS1.0088B960-4EA8-4BD3-B9B4-7C1FE59D4925,0.07515691220760345,0.05455109104514122,0.7513303160667419,0.09525731950998306,0.023704346269369125,2,2
TCGA-BH-A6R8-01A-02-TSB.0C127098-1764-4555-9588-1D2DE72561A1,0.03791192173957825,0.08730991929769516,0.5538659691810608,0.3064329922199249,0.014479236677289009,2,2
TCGA-BH-A8FY-01A-01-TSA.D4E0E11F-B9FB-4E9D-9F4D-5773A3077F9B,0.04232921078801155,0.026650240644812584,0.6857677698135376,0.23820053040981293,0.007052330765873194,2,2
TCGA-BH-A8FZ-01A-01-TSA.832C63ED-F000-4EC6-AD06-7EA7B1BB6A7C,0.025349069386720657,0.04773879051208496,0.8179857730865479,0.08820894360542297,0.02071741409599781,2,2
TCGA-BH-A8G0-01A-01-TSA.27CBC599-7861-4307-BEAB-E0FBF50C96F7,0.006315923295915127,0.0077452277764678,0.9481523036956787,0.008712491020560265,0.029074007645249367,2,2
TCGA-BH-AB28-01A-03-TSC.7D127A8E-15E8-46A4-9AE3-745856817482,0.007542193867266178,0.03297213464975357,0.886837363243103,0.05677695572376251,0.015871310606598854,2,2
TCGA-C8-A12K-01A-02-BSB.465d1f41-48a6-407d-ae97-0a165d199b28,0.6157947182655334,0.1069953516125679,0.14375039935112,0.11840637028217316,0.015053113922476768,0,0
TCGA-C8-A12K-01A-02-TSB.6423d4b2-7584-4f9b-8525-9429aebc8f0f,0.5701744556427002,0.09895527362823486,0.10573485493659973,0.21321682631969452,0.01191858109086752,0,0
TCGA-C8-A12L-01A-01-BSA.f97cb175-3951-4f67-ac52-18ad07e74726,0.6017717719078064,0.1585051417350769,0.09137819707393646,0.1380065381526947,0.010338366962969303,0,0
TCGA-C8-A12L-01A-01-TSA.0e63ef85-144d-4827-9e61-fd54a5320ddf,0.21674145758152008,0.17328542470932007,0.34475505352020264,0.2537156939506531,0.011502414010465145,2,2
TCGA-C8-A12M-01A-01-BSA.571f82b7-891b-45bd-a660-96e03d403705,0.19624893367290497,0.1078294962644577,0.2650758624076843,0.4107488989830017,0.020096896216273308,3,3
TCGA-C8-A12M-01A-01-TSA.67d655a2-1838-4590-b72f-9853dc06d757,0.17743326723575592,0.08076208084821701,0.2685476243495941,0.4605685770511627,0.012688363902270794,3,3
TCGA-C8-A12N-01A-01-BS1.77929373-2972-4a23-9aef-68e332bf07cb,0.12581579387187958,0.09001263231039047,0.6405311822891235,0.12761570513248444,0.01602470688521862,2,2
TCGA-C8-A12N-01A-01-TS1.12467703-d419-4109-8a50-232366bf2c3b,0.14313441514968872,0.0555741973221302,0.5937860012054443,0.15073005855083466,0.056775376200675964,2,2
TCGA-C8-A12O-01A-01-BSA.04417171-1d60-461e-a7e3-6a285412945a,0.047435272485017776,0.21857766807079315,0.5265215635299683,0.19429220259189606,0.01317328680306673,2,2
TCGA-C8-A12O-01A-01-TSA.ba52cd91-3f6c-4507-a6b2-baad00effb08,0.04336182028055191,0.2998286485671997,0.4669170677661896,0.17037831246852875,0.01951415464282036,2,2
TCGA-C8-A12P-01A-01-BSA.0c86a6ed-1d8f-47a9-ab33-7d232c3e359b,0.05342577025294304,0.36047860980033875,0.21264414489269257,0.366999089717865,0.006452411413192749,3,3
TCGA-C8-A12P-01A-01-TSA.a635ee87-3392-4ce7-93a3-87fc5680e4e9,0.0900350883603096,0.3813975155353546,0.27258676290512085,0.24908362329006195,0.006897048093378544,1,1
TCGA-C8-A12Q-01A-01-BSA.0ca5b171-d61d-4e6d-b365-4cd6bd288aec,0.018804198130965233,0.0960296019911766,0.7368326187133789,0.13719910383224487,0.011134427040815353,2,2
TCGA-C8-A12Q-01A-01-TSA.b3023358-4c0f-4d25-a1e6-cd23f160f901,0.036124128848314285,0.1853405237197876,0.5309609770774841,0.23738017678260803,0.010194206610321999,2,2
TCGA-C8-A12T-01A-01-BSA.bad01673-9581-4bac-b060-56e5bbc2fcd3,0.21304824948310852,0.1766955852508545,0.408239483833313,0.19169870018959045,0.01031789556145668,2,2
TCGA-C8-A12T-01A-01-TSA.c02a2d06-ae14-49da-9f03-5f2f296ad012,0.0972735583782196,0.0856931284070015,0.45042505860328674,0.360831618309021,0.005776659585535526,2,2
TCGA-C8-A12U-01A-01-BSA.7c5796ff-ef35-4ced-8216-254cd8cbc271,0.2731176018714905,0.15831495821475983,0.29131966829299927,0.26319631934165955,0.014051455073058605,2,2
TCGA-C8-A12U-01A-01-TSA.46d73ab3-ab0b-4739-aabc-3a678d422419,0.28616228699684143,0.1424175500869751,0.21307890117168427,0.3363195061683655,0.022021790966391563,3,3
TCGA-C8-A12V-01A-01-BSA.786f1496-199f-41ae-a487-540f3f599600,0.18682612478733063,0.06854590773582458,0.579298734664917,0.11197718232870102,0.05335206538438797,2,2
TCGA-C8-A12V-01A-01-TSA.e3f84baa-0829-4683-a26c-b50c7f732f4a,0.6512162089347839,0.08298184722661972,0.07193548232316971,0.1814233511686325,0.01244309451431036,0,0
TCGA-C8-A12W-01A-01-BSA.16af5fbe-7bcf-4274-8762-e255595462f6,0.0553198866546154,0.16401797533035278,0.5465539693832397,0.21700604259967804,0.01710214465856552,2,2
TCGA-C8-A12W-01A-01-TSA.763f7b10-e613-4d9a-be67-4329e670f882,0.04541092365980148,0.24153412878513336,0.445146381855011,0.25579920411109924,0.012109429575502872,2,2
TCGA-C8-A12X-01A-01-BSA.9db0b173-c9c0-45c0-9a43-85296a3031f5,0.11108040064573288,0.02975355088710785,0.5712894201278687,0.26090240478515625,0.026974210515618324,2,2
TCGA-C8-A12X-01A-01-TSA.3436a21f-d32b-4645-b767-c6cd450893f0,0.20066826045513153,0.014191820286214352,0.6646671295166016,0.098075732588768,0.02239711955189705,2,2
TCGA-C8-A12Y-01A-01-BSA.6b6ff967-048f-4197-a4e6-00b89dbc297a,0.027337918058037758,0.0871444121003151,0.7425970435142517,0.13286560773849487,0.01005498692393303,2,2
TCGA-C8-A12Y-01A-01-TSA.12966473-7301-460a-b03b-02453e5804ac,0.061180029064416885,0.1551693081855774,0.589729905128479,0.1664067655801773,0.027514073997735977,2,2
TCGA-C8-A12Z-01A-01-BSA.e7ddd80e-4b44-49f3-ac1c-4cf2b061c0a6,0.019615551456809044,0.20420874655246735,0.5904285907745361,0.16962844133377075,0.016118725761771202,2,2
TCGA-C8-A12Z-01A-01-TSA.d85a700f-8886-4b59-8ceb-d1d8e15fdd19,0.0430753193795681,0.1299872249364853,0.6350656747817993,0.16595087945461273,0.02592095360159874,2,2
TCGA-C8-A130-01A-03-BSC.f362f3af-a66f-4a3b-a3cc-3768a59602f3,0.0627969428896904,0.09393486380577087,0.6480807662010193,0.14216496050357819,0.05302245914936066,2,2
TCGA-C8-A130-01A-03-TSC.251e7faa-da83-468e-ad6e-4c14768a595e,0.10767173022031784,0.1379951387643814,0.45761638879776,0.23066964745521545,0.06604713946580887,2,2
TCGA-C8-A131-01A-01-BSA.df5faaa8-e4ac-4a4b-8ef2-ff2063c9ae2f,0.5379180908203125,0.2923092842102051,0.04876425862312317,0.08907312154769897,0.03193525969982147,0,0
TCGA-C8-A131-01A-01-TSA.accbe649-9fc6-4f5b-b001-a27366ac9024,0.4453873038291931,0.2787211835384369,0.11367732286453247,0.1475243866443634,0.014689887873828411,0,0
TCGA-C8-A132-01A-03-BSC.df2e326d-3efd-482a-b719-b78b9be61204,0.049018990248441696,0.1189710944890976,0.7282127737998962,0.061535950750112534,0.04226117581129074,2,2
TCGA-C8-A132-01A-03-TSC.439f1ea4-e2c2-40b7-ad17-0845119b7e8a,0.05128537118434906,0.13172781467437744,0.6740994453430176,0.11441955715417862,0.0284678116440773,2,2
TCGA-C8-A133-01A-03-BSC.cbc07c65-6e59-401f-aa06-549c488cf575,0.2789875864982605,0.025691797956824303,0.5750107765197754,0.06083311885595322,0.05947673320770264,2,2
TCGA-C8-A133-01A-03-TSC.ec2ffe8b-a27e-4f73-bff5-af3cb1020b32,0.22323955595493317,0.11866981536149979,0.4583825170993805,0.09420570731163025,0.10550238937139511,2,2
TCGA-C8-A134-01A-01-BSA.f8e29c16-ea94-4398-8e3b-c50294afc3e8,0.059391334652900696,0.05568885803222656,0.47936585545539856,0.03934319689869881,0.3662107288837433,2,2
TCGA-C8-A134-01A-01-TSA.76591f60-9e71-495f-beca-e4b91ef3dd68,0.44394081830978394,0.044745855033397675,0.2010379135608673,0.2956801950931549,0.014595193788409233,0,0
TCGA-C8-A135-01A-01-BSA.4871792f-d00b-4541-815b-7aaa44c43f94,0.03754017502069473,0.17594370245933533,0.565256655216217,0.14228516817092896,0.07897426187992096,2,2
TCGA-C8-A135-01A-01-TSA.c03f75de-8d25-4f74-8ca4-498db35d5df9,0.03258105739951134,0.1676694005727768,0.5835054516792297,0.15187369287014008,0.06437034159898758,2,2
TCGA-C8-A137-01A-01-BSA.8e478f12-19f6-42d7-965e-ed9e973f6916,0.026197252795100212,0.1637984663248062,0.6229533553123474,0.16875898838043213,0.018291957676410675,2,2
TCGA-C8-A137-01A-01-TSA.57af3fa1-031f-4417-8f9f-8a4fbc484d91,0.02812451310455799,0.19625899195671082,0.5815088152885437,0.17698818445205688,0.0171195100992918,2,2
TCGA-C8-A138-01A-01-BSA.27aba9f8-6a6e-41b5-b15d-89206cc475a6,0.04624131694436073,0.1775437295436859,0.6205758452415466,0.13052664697170258,0.025112396106123924,2,2
TCGA-C8-A138-01A-01-TSA.51e98f1b-b02a-4c46-92d4-73bc15a006d0,0.04197612404823303,0.18835119903087616,0.598861813545227,0.15061673521995544,0.020194092765450478,2,2
TCGA-C8-A1HE-01A-01-TSA.486b54ee-a535-4aca-a6b9-8dbc37181882,0.002995115239173174,0.008534388616681099,0.9690394401550293,0.015950391069054604,0.0034807620104402304,2,2
TCGA-C8-A1HF-01A-01-TSA.d56d3e29-1711-49c8-8628-9210d1ddb71c,0.14823411405086517,0.2390667200088501,0.2112504243850708,0.3834112882614136,0.01803746446967125,3,3
TCGA-C8-A1HG-01A-01-TSA.6acb2e7b-9d83-424a-ba81-73c02863eaa4,0.1843271255493164,0.08529222011566162,0.3863332271575928,0.3333069086074829,0.010740535333752632,2,2
TCGA-C8-A1HI-01A-01-TSA.79037eed-779c-449d-8fb7-f2487fabadee,0.042982909828424454,0.08990101516246796,0.7436689734458923,0.08109094947576523,0.04235619306564331,2,2
TCGA-C8-A1HJ-01A-01-TSA.64084e7d-ec1b-43d9-8770-7635f716512f,0.6648762226104736,0.0626777708530426,0.1017250195145607,0.1367284655570984,0.03399255499243736,0,0
TCGA-C8-A1HK-01A-02-TSB.f5919eb9-e65f-4fbb-940a-f2c6af01c56f,0.03633347898721695,0.1364976316690445,0.5844210386276245,0.22859732806682587,0.01415055152028799,2,2
TCGA-C8-A1HL-01A-01-TSA.81110654-fbdb-4b73-8393-1e738b63160b,0.02710372768342495,0.061171598732471466,0.6779304146766663,0.19733063876628876,0.03646367788314819,2,2
TCGA-C8-A1HM-01A-01-TSA.8a4cc75b-80ec-45e3-8b1a-a5e66aea10b5,0.2609097957611084,0.05695364624261856,0.236866295337677,0.4196724593639374,0.02559780329465866,3,3
TCGA-C8-A1HN-01A-01-TSA.496482be-a830-4ae0-97d7-db2902ff3ac2,0.14199160039424896,0.14462174475193024,0.2972401976585388,0.3916262984275818,0.024520134553313255,3,3
TCGA-C8-A1HO-01A-01-TSA.5331126c-9810-4054-9020-e5ff802166b5,0.11665330827236176,0.05729065462946892,0.6726536750793457,0.12924005091190338,0.024162299931049347,2,2
TCGA-C8-A26V-01A-01-TSA.6f7b2a1a-a487-4abb-af3b-ae0fe016d832,0.12213057279586792,0.031977854669094086,0.6951714158058167,0.13686391711235046,0.013856234960258007,2,2
TCGA-C8-A26W-01A-01-TSA.5870b3d4-a81e-423e-bb93-5897ebc922a3,0.009636733680963516,0.01814434491097927,0.9230703711509705,0.03630608320236206,0.012842454947531223,2,2
TCGA-C8-A26X-01A-03-TSC.d9c6926f-687a-47a1-9427-a00b7040d661,0.22239871323108673,0.13056334853172302,0.4966772794723511,0.11298716068267822,0.03737347573041916,2,2
TCGA-C8-A26Y-01A-01-TSA.a0e88f2c-0f97-4661-b349-0b5317a34be5,0.30545538663864136,0.08569730073213577,0.4359237551689148,0.14167025685310364,0.03125336021184921,2,2
TCGA-C8-A26Z-01A-01-TSA.68f0f7f3-6f70-4188-84f7-b264dbbb4616,0.007570385001599789,0.009021377190947533,0.9451897144317627,0.024584028869867325,0.013634479604661465,2,2
TCGA-C8-A273-01A-01-TSA.0eb8a7f8-c3c4-4843-a395-9fffd8b1cc4a,0.02268374152481556,0.05390804633498192,0.8328367471694946,0.07578392326831818,0.01478763297200203,2,2
TCGA-C8-A274-01A-01-TSA.1091ef66-2f28-4b94-adec-53db69f894b3,0.06489773094654083,0.1391165554523468,0.2756359577178955,0.4852713346481323,0.03507842496037483,3,3
TCGA-C8-A275-01A-02-TSB.b15cf752-5b2f-4f2a-9a03-7519bea81732,0.10875826328992844,0.17896443605422974,0.3764178454875946,0.32136842608451843,0.014491030015051365,2,2
TCGA-C8-A278-01A-01-TSA.f617a0ab-8b9f-4c15-9bf1-76f9dc0df366,0.1289559155702591,0.2692567706108093,0.3819411098957062,0.20296458899974823,0.016881555318832397,2,2
TCGA-C8-A27A-01A-01-TSA.42984a4b-670c-4649-9c2d-f830da9f838f,0.05871029570698738,0.06057176738977432,0.47344186902046204,0.3981375992298126,0.009138493798673153,2,2
TCGA-C8-A27B-01A-01-TSA.b93af347-1b83-4284-afaf-b3c14d8e038b,0.6819474101066589,0.035275451838970184,0.12911976873874664,0.13118818402290344,0.022469112649559975,0,0
TCGA-C8-A3M7-01A-01-TS1.677A5F7E-ED18-477D-9CB7-315A4C0E2672,0.023562585934996605,0.021433956921100616,0.7754524350166321,0.008545764721930027,0.17100532352924347,2,2
TCGA-C8-A3M8-01A-01-TSA.F27E2918-AAA7-41F0-90D3-56322773E678,0.027662066742777824,0.022758904844522476,0.8700529932975769,0.06534740328788757,0.01417865976691246,2,2
TCGA-C8-A8HP-01A-01-TSA.C1048607-5CC7-4798-AA55-55C78B31C10D,0.17036911845207214,0.43268975615501404,0.22545628249645233,0.1539609283208847,0.017523864284157753,1,1
TCGA-C8-A8HQ-01A-01-TS1.899C4AC8-28EB-4E8D-9810-A860E89AE54F,0.03843516483902931,0.1595640480518341,0.5116721391677856,0.2722648084163666,0.018063833937048912,2,2
TCGA-C8-A8HR-01A-01-TSA.92C2A1B2-9408-4E42-A95C-BF2473D37D2A,0.021237986162304878,0.05207129567861557,0.7278823256492615,0.05420985445380211,0.1445985734462738,2,2
TCGA-D8-A13Y-01A-01-BSA.e5ebf2b4-7022-45da-8001-e499964080fd,0.025845378637313843,0.0320655032992363,0.5136396288871765,0.42375069856643677,0.004698790609836578,2,2
TCGA-D8-A13Y-01A-01-TSA.3b97c805-0681-4e8d-9dd9-f24a9c2bb4cd,0.04099862650036812,0.11702780425548553,0.36781173944473267,0.46208927035331726,0.012072570621967316,3,3
TCGA-D8-A13Z-01A-01-BS1.164d43d3-bb10-423b-8eca-99abc75e8397,0.37608805298805237,0.0958721786737442,0.2986186444759369,0.21228823065757751,0.017132923007011414,0,0
TCGA-D8-A13Z-01A-01-TS1.8bb8b644-ea28-468d-b88a-e6fc1df726fc,0.11918333172798157,0.10704521089792252,0.517752468585968,0.23740480840206146,0.01861412636935711,2,2
TCGA-D8-A140-01A-01-BSA.43fe6a6c-2b93-4af4-bec0-83966e419094,0.03743638098239899,0.0934862270951271,0.6927570700645447,0.15140312910079956,0.024917244911193848,2,2
TCGA-D8-A140-01A-01-TSA.6755e653-4d52-4514-b646-a942f729fad5,0.08591419458389282,0.07414311170578003,0.6114984154701233,0.2131350338459015,0.015309236012399197,2,2
TCGA-D8-A141-01A-01-BS1.c8a355a1-af5d-4dd8-a592-bdf4e5627aeb,0.026413174346089363,0.06550169736146927,0.7661299109458923,0.1271517425775528,0.014803435653448105,2,2
TCGA-D8-A141-01A-01-TS1.c28f136e-972a-4911-9330-26d122161009,0.029724758118391037,0.10262592136859894,0.718522310256958,0.13635589182376862,0.01277108583599329,2,2
TCGA-D8-A142-01A-01-BS1.82a62b94-698c-4047-a13d-083bf49170ed,0.2566736936569214,0.13768069446086884,0.34018778800964355,0.24998612701892853,0.015471701510250568,2,2
TCGA-D8-A142-01A-01-TS1.c9a5ce5f-59a8-4e02-8168-269ec044dbd9,0.16347923874855042,0.13132411241531372,0.5599464178085327,0.12694311141967773,0.018307125195860863,2,2
TCGA-D8-A143-01A-01-BSA.0b346101-acfa-429f-a30d-3ed544719c7a,0.8997857570648193,0.028087953105568886,0.013146629557013512,0.049156464636325836,0.009823091328144073,0,0
TCGA-D8-A143-01A-01-TSA.0bf921d5-0022-4a59-a409-bae0771291b9,0.2923230826854706,0.07646313309669495,0.4853646755218506,0.11758986860513687,0.028259331360459328,2,2
TCGA-D8-A145-01A-01-BS1.bc6b3e0e-0e5c-4da0-bd27-832602d9b4a7,0.013680584728717804,0.0163202416151762,0.8384410738945007,0.016552982851862907,0.11500507593154907,2,2
TCGA-D8-A145-01A-01-TS1.83d825eb-20f2-410b-a33e-258c5414dccf,0.011272037401795387,0.021081116050481796,0.8628332614898682,0.020853418856859207,0.08396019786596298,2,2
TCGA-D8-A146-01A-03-TSC.b6b31df5-0bf0-47fb-9806-b99e1357af43,0.01929459162056446,0.04551752284169197,0.8705130815505981,0.052955739200115204,0.011719095520675182,2,2
TCGA-D8-A147-01A-01-BSA.43927f61-3f8f-4e8d-bd52-2ec699dbdc37,0.24813617765903473,0.15412548184394836,0.25814294815063477,0.32840609550476074,0.011189342476427555,3,3
TCGA-D8-A147-01A-01-TSA.8c6e7351-307e-4196-9f62-b733c7206e14,0.45973047614097595,0.17041386663913727,0.10324627161026001,0.25609591603279114,0.010513441637158394,0,0
TCGA-D8-A1J8-01A-01-TS1.d19d049f-abcc-4cb8-bf9d-223d6bd1c113,0.07302551716566086,0.10820835083723068,0.4884999990463257,0.31794461607933044,0.012321478687226772,2,2
TCGA-D8-A1J9-01A-01-TSA.a7772c0a-357e-4d4c-b74c-1c14d13ab744,0.05992916226387024,0.24107658863067627,0.3029094636440277,0.3818769156932831,0.014207804575562477,3,3
TCGA-D8-A1JA-01A-01-TSA.6c3ded8c-755f-4f80-82b8-3a5eb476cdda,0.3233575224876404,0.32149550318717957,0.15253609418869019,0.1794523000717163,0.023158645257353783,0,0
TCGA-D8-A1JB-01A-01-TS1.dbe1aadb-8200-4711-9e1b-bb73187c807e,0.01812332309782505,0.03256228193640709,0.8088175058364868,0.038614701479673386,0.101882204413414,2,2
TCGA-D8-A1JC-01A-01-TS1.63e9532c-494d-4a40-8cef-866e7aadf245,0.01085503026843071,0.06467999517917633,0.8229949474334717,0.08506210148334503,0.016407880932092667,2,2
TCGA-D8-A1JD-01A-01-TS1.f554d3f0-7483-4cc6-88a1-82ad5a127b15,0.05808354541659355,0.112591452896595,0.44520822167396545,0.37731829285621643,0.00679842010140419,2,2
TCGA-D8-A1JE-01A-01-TSA.97962bb4-8aea-4093-aeba-76fef07d5eb9,0.02355273999273777,0.07131905108690262,0.6152585744857788,0.2803542912006378,0.009515407495200634,2,2
TCGA-D8-A1JF-01A-01-TS1.717683b4-e835-445c-9878-9d3f319792ff,0.4928523302078247,0.185754656791687,0.14632272720336914,0.14226894080638885,0.03280136361718178,0,0
TCGA-D8-A1JH-01A-01-TS1.8d0ed250-b310-4fa4-9ae2-23677c281393,0.0142828905954957,0.057354263961315155,0.8321143388748169,0.05538109317421913,0.04086735472083092,2,2
TCGA-D8-A1JI-01A-01-TS1.8f40c380-6de5-4352-9dc5-62a75d9ca763,0.08680209517478943,0.029243072494864464,0.24781084060668945,0.612359881401062,0.02378406561911106,3,3
TCGA-D8-A1JJ-01A-03-TS3.c2c43436-663a-4b07-953c-24b3da2d27f0,0.03873370960354805,0.10696317255496979,0.1888195127248764,0.645571768283844,0.019911762326955795,3,3
TCGA-D8-A1JK-01A-01-TS1.38e6e213-bd48-4c7e-a2e6-7a35d24698fd,0.09474995732307434,0.16444562375545502,0.3250434398651123,0.4058501720428467,0.009910847060382366,3,3
TCGA-D8-A1JL-01A-01-TS1.9f253479-0b59-42c5-a7d9-00724cd03439,0.46565142273902893,0.239516019821167,0.10577592998743057,0.17677843570709229,0.012278182432055473,0,0
TCGA-D8-A1JM-01A-01-TSA.911b3a0e-2531-43c9-949d-00be87b44329,0.8888826966285706,0.03558368608355522,0.023880915716290474,0.03341221436858177,0.018240470439195633,0,0
TCGA-D8-A1JN-01A-01-TS1.d8e7d0ee-6285-4633-a790-6a746980ba73,0.022449791431427002,0.07549867033958435,0.7404744029045105,0.14455144107341766,0.017025595530867577,2,2
TCGA-D8-A1JP-01A-01-TSA.17850ecb-c049-47fa-8b12-63bc8815e520,0.020562583580613136,0.052652209997177124,0.7783366441726685,0.13913199305534363,0.009316588751971722,2,2
TCGA-D8-A1JS-01A-01-TS1.983584f2-54bc-4cfa-bbef-81c98b1e4def,0.03831254690885544,0.028519820421934128,0.8265844583511353,0.09580473601818085,0.010778493247926235,2,2
TCGA-D8-A1JT-01A-03-TS3.c5694ea0-1941-4b90-bbaf-714cb2bc83ef,0.12291231006383896,0.04404926672577858,0.5639721751213074,0.2440481334924698,0.02501809597015381,2,2
TCGA-D8-A1JU-01A-01-TS1.0bc60489-a3e6-42b4-8488-4958451696f8,0.00556023558601737,0.017481232061982155,0.9368413686752319,0.01614832691848278,0.02396882325410843,2,2
TCGA-D8-A1X5-01A-01-TS1.e4f88a16-b740-4abe-adbc-a7f937612512,0.06753037869930267,0.24946992099285126,0.18820743262767792,0.47967734932899475,0.01511490996927023,3,3
TCGA-D8-A1X6-01A-01-TS1.a7878d66-8147-4d0b-ad0c-99ebb7831cea,0.07816960662603378,0.022218815982341766,0.5784903168678284,0.3026873469352722,0.018433887511491776,2,2
TCGA-D8-A1X7-01A-01-TS1.79381377-01d0-4296-abec-b522c078559c,0.027959857136011124,0.03596770390868187,0.851146399974823,0.06390607357025146,0.02101990208029747,2,2
TCGA-D8-A1X8-01A-01-TS1.782592a4-a9aa-4f61-b544-68c54aa78a7f,0.01844079978764057,0.021930472925305367,0.8674360513687134,0.0596223846077919,0.03257029503583908,2,2
TCGA-D8-A1X9-01A-01-TS1.5e0a9a6f-7590-4912-be93-23dac19f12f0,0.040478091686964035,0.10893464833498001,0.6400525569915771,0.2023198902606964,0.008214839734137058,2,2
TCGA-D8-A1XA-01A-01-TS1.c45c6afa-5fa6-4605-acfb-decde138754f,0.0763358473777771,0.0899759978055954,0.49175795912742615,0.3170072138309479,0.024922922253608704,2,2
TCGA-D8-A1XB-01A-01-TS1.ef5ac532-0ea5-49cb-b959-4f7463fd9d97,0.004990766290575266,0.032941799610853195,0.9185703992843628,0.03282145783305168,0.01067556906491518,2,2
TCGA-D8-A1XC-01A-01-TS1.6b48662f-60e9-4692-8ada-1fb19089d5db,0.05139565095305443,0.05314558371901512,0.821294367313385,0.04749785363674164,0.02666654996573925,2,2
TCGA-D8-A1XD-01A-01-TS1.c21dde19-2c65-4c17-ae8f-27371c2413d1,0.016301384195685387,0.05124950408935547,0.8332291841506958,0.09215745329856873,0.007062539923936129,2,2
TCGA-D8-A1XF-01A-01-TS1.2debd2a3-fb89-43d6-94a9-145f831aa282,0.05737745389342308,0.037735264748334885,0.7403490543365479,0.15356484055519104,0.010973406955599785,2,2
TCGA-D8-A1XG-01A-01-TS1.aad14db1-a4b7-46df-ab4b-c4c4e827599b,0.04680667445063591,0.06232084333896637,0.6086570620536804,0.2732202708721161,0.008995136246085167,2,2
TCGA-D8-A1XJ-01A-01-TS1.f386575c-0fc4-41cd-8b4c-834ef6d3a515,0.13916003704071045,0.09934971481561661,0.6145422458648682,0.12609343230724335,0.020854579284787178,2,2
TCGA-D8-A1XK-01A-02-TS2.a5dac3f6-e3e1-481b-9157-f66a8cba327d,0.34602195024490356,0.06562155485153198,0.2653581202030182,0.2913130819797516,0.03168528527021408,0,0
TCGA-D8-A1XL-01A-01-TS1.9842f79c-5785-4961-81fe-d1639b1560a6,0.04900796711444855,0.1887769103050232,0.43219897150993347,0.31766000390052795,0.012356145307421684,2,2
TCGA-D8-A1XM-01A-02-TS2.3863ab4d-f89c-4a1c-8965-ff12b9c8dc4b,0.016531197354197502,0.0452614352107048,0.8689704537391663,0.0527060441672802,0.01653088815510273,2,2
TCGA-D8-A1XO-01A-01-TS1.aedcf4d8-d516-478d-a39a-88cf094d580e,0.004803688731044531,0.02550699934363365,0.9130433797836304,0.04352068156003952,0.013125230558216572,2,2
TCGA-D8-A1XQ-01A-01-TS1.a7c4604a-05c3-4555-b660-d83912152d7d,0.2604949176311493,0.06884372979402542,0.21387013792991638,0.44621166586875916,0.010579485446214676,3,3
TCGA-D8-A1XR-01A-01-TS1.087d05ee-9a03-4433-9060-98a80832867a,0.036406099796295166,0.03688027709722519,0.6103497743606567,0.2948314845561981,0.021532317623496056,2,2
TCGA-D8-A1XS-01A-01-TS1.0bbe79f5-903c-4ef1-a9fe-7479a1141316,0.04897845536470413,0.07101812213659286,0.6358616352081299,0.22423507273197174,0.019906729459762573,2,2
TCGA-D8-A1XT-01A-01-TS1.2499c545-c182-419e-b537-889e2b580f4f,0.25791558623313904,0.19110172986984253,0.18240982294082642,0.3470437228679657,0.021529123187065125,3,3
TCGA-D8-A1XU-01A-01-TS1.608d30cd-fb83-4e0c-a164-a9d99044681c,0.006804068107157946,0.036620792001485825,0.9304357767105103,0.01764923520386219,0.008490056730806828,2,2
TCGA-D8-A1XV-01A-01-TS1.21f6af08-36d4-41a1-8ad1-1175d352a26d,0.14124798774719238,0.07444965839385986,0.42256566882133484,0.33430764079093933,0.02742904983460903,2,2
TCGA-D8-A1XW-01A-01-TS1.87a1c453-d388-4144-9123-a8d87de55710,0.19929805397987366,0.03732072561979294,0.4867181181907654,0.2532677948474884,0.023395298048853874,2,2
TCGA-D8-A1XY-01A-01-TS1.2e8a6af7-420f-4738-a8e8-0aa5befddff5,0.008553735911846161,0.05193963274359703,0.8648859262466431,0.05337362363934517,0.021247128024697304,2,2
TCGA-D8-A1XZ-01A-01-TS1.6a844522-1eda-4597-a3dc-bbde9c0835ef,0.006651084870100021,0.023778053000569344,0.7987036108970642,0.16744670271873474,0.0034205846022814512,2,2
TCGA-D8-A1Y0-01A-01-TS1.c38fad63-fb38-482d-b9ad-62de484bfdac,0.005515581462532282,0.04317845031619072,0.8350894451141357,0.08730895817279816,0.028907544910907745,2,2
TCGA-D8-A1Y1-01A-02-TS2.218a98c4-7528-4eb6-83d1-9866a80969d2,0.02840643934905529,0.05908777192234993,0.614517867565155,0.28891944885253906,0.009068440645933151,2,2
TCGA-D8-A1Y2-01A-01-TS1.9210964e-1f00-4cde-99b2-97662455f1a1,0.18612153828144073,0.09896220266819,0.3145156800746918,0.3410986065864563,0.05930197983980179,3,3
TCGA-D8-A1Y3-01A-01-TS1.a7b0b267-a323-4f17-ba7c-34ccfcf936e4,0.014133140444755554,0.07171434909105301,0.5860828757286072,0.3169945776462555,0.011075052432715893,2,2
TCGA-D8-A27E-01A-01-TSA.48a9ccf5-588d-4f44-a026-2ba63d43c5fd,0.03258876875042915,0.021178845316171646,0.8816452026367188,0.054097872227430344,0.01048936415463686,2,2
TCGA-D8-A27F-01A-01-TS1.2e0f4ed4-dfe1-4f68-bd82-8b02f809d00c,0.08784731477499008,0.07618008553981781,0.45065972208976746,0.37428873777389526,0.011024123057723045,2,2
TCGA-D8-A27G-01A-01-TS1.59dc5ba9-df66-4674-82ba-c791b36adfe9,0.044866692274808884,0.09847287833690643,0.6674116253852844,0.15663228929042816,0.03261654078960419,2,2
TCGA-D8-A27H-01A-01-TS1.4e0e757d-3ec9-4137-86f6-ac46e2f83bcb,0.014923805370926857,0.0540815070271492,0.8094481229782104,0.08301789313554764,0.03852871060371399,2,2
TCGA-D8-A27I-01A-01-TS1.853e903d-d155-404c-8546-19fe9464a04f,0.010507533326745033,0.025371380150318146,0.8786677122116089,0.039006493985652924,0.04644690826535225,2,2
TCGA-D8-A27K-01A-01-TS1.b8d6df65-efe5-4317-b903-b93ec05aaa5f,0.013340046629309654,0.03896423056721687,0.8144243955612183,0.11913355439901352,0.01413778867572546,2,2
TCGA-D8-A27L-01A-01-TS1.55e3d05f-c91d-4b63-b265-5e4bda1779ce,0.004585448186844587,0.014874176122248173,0.9539302587509155,0.015124642290174961,0.011485423892736435,2,2
TCGA-D8-A27M-01A-01-TSA.67f12b28-f756-49c8-a7f2-d15263d7a122,0.05206814780831337,0.10879578441381454,0.6977841854095459,0.12672832608222961,0.01462358608841896,2,2
TCGA-D8-A27N-01A-01-TS1.f4371b61-6f8f-48c6-9493-d9c96402634f,0.039664242416620255,0.11449465900659561,0.5142150521278381,0.3173692524433136,0.014256834983825684,2,2
TCGA-D8-A27P-01A-01-TSA.df327c6c-1fde-4c29-ad33-de4b8420170f,0.0020906550344079733,0.006072171498090029,0.9717435240745544,0.00465403962880373,0.015439683571457863,2,2
TCGA-D8-A27R-01A-01-TS1.b39b1443-6a3f-46c4-b7ec-18dab2223450,0.04783637076616287,0.0648660659790039,0.7008160352706909,0.16503041982650757,0.021451104432344437,2,2
TCGA-D8-A27T-01A-01-TS1.5f603af5-e50c-456a-b79a-a42fd63cd65a,0.011548220179975033,0.025097740814089775,0.8996122479438782,0.03332972526550293,0.03041212633252144,2,2
TCGA-D8-A27V-01A-01-TS1.4F3FB63F-C45A-4C28-95F3-C2C8682993DA,0.010087747126817703,0.007925824262201786,0.8096272349357605,0.010020030662417412,0.16233913600444794,2,2
TCGA-D8-A27W-01A-01-TSA.73251955-9d38-4c32-bce3-567a50db25a4,0.03843633085489273,0.0710635632276535,0.5485718846321106,0.3110728859901428,0.03085528127849102,2,2
TCGA-D8-A3Z5-01A-04-TS4.DC4D412A-3D6F-485F-A0CC-D01C8F8C1387,0.0071875229477882385,0.007034209091216326,0.6646560430526733,0.006401216145604849,0.314721018075943,2,2
TCGA-D8-A3Z6-01A-01-TS1.9CC3D75E-69D3-4DC0-B541-753EE41AEB22,0.008882146328687668,0.03149685636162758,0.9095616936683655,0.019840668886899948,0.030218660831451416,2,2
TCGA-D8-A4Z1-01A-02-TS2.8713DF53-D04B-41D2-B9BB-3B1D31B1738E,0.008162825368344784,0.01169660035520792,0.8448439836502075,0.006831299513578415,0.12846523523330688,2,2
TCGA-D8-A73U-01A-01-TS1.112044FF-39FE-4588-9517-31F7821746D0,0.015991607680916786,0.057126376777887344,0.8053095936775208,0.06071489676833153,0.06085760146379471,2,2
TCGA-D8-A73W-01A-02-TS2.A9875DA2-4BD8-4A07-BFDE-D71336E02072,0.01551651582121849,0.019914578646421432,0.8791506290435791,0.06018250063061714,0.025235764682292938,2,2
TCGA-D8-A73X-01A-01-TS1.297FED03-D11A-4804-B42A-1E50C0110C6E,0.0017370787682011724,0.008012272417545319,0.9718807339668274,0.009085861966013908,0.009284121915698051,2,2
TCGA-E2-A105-01A-01-BS1.74732b85-b95a-41cb-b5e2-7564737a1d36,0.046186309307813644,0.027222558856010437,0.7865961194038391,0.13017937541007996,0.009815569035708904,2,2
TCGA-E2-A105-01A-01-TS1.570c883f-9b64-47a3-9bf6-32dfd9404a9e,0.039582882076501846,0.035070162266492844,0.7660258412361145,0.14950858056545258,0.009812557138502598,2,2
TCGA-E2-A106-01A-01-BS1.89dbd8ba-27ae-49d1-9bb1-e60fa13060f9,0.07730529457330704,0.05147470906376839,0.6805537939071655,0.1389196813106537,0.051746491342782974,2,2
TCGA-E2-A106-01A-01-TS1.c5fe7052-cb83-49bd-8c1d-a82067606921,0.02545313350856304,0.04530907794833183,0.8408565521240234,0.058067191392183304,0.03031398169696331,2,2
TCGA-E2-A107-01A-01-BS1.93a8f306-c647-4578-bbfb-a3dbdaa3df8d,0.05701916292309761,0.042895637452602386,0.7084605097770691,0.156927689909935,0.034697022289037704,2,2
TCGA-E2-A107-01A-01-TS1.1cf3251a-34c4-410f-902f-17c042aab01a,0.0337119996547699,0.06337045133113861,0.6992385983467102,0.1539965271949768,0.049682434648275375,2,2
TCGA-E2-A108-01A-01-BSA.285fd0a0-82be-4775-bce9-85cd5497e382,0.0610080324113369,0.05787155032157898,0.6930374503135681,0.08422116190195084,0.10386182367801666,2,2
TCGA-E2-A108-01A-01-TSA.0c7e7368-5625-4542-a1a0-c98f17f540bb,0.0638875663280487,0.028722891584038734,0.7642076015472412,0.0703996866941452,0.07278221845626831,2,2
TCGA-E2-A109-01A-01-BSA.ff981360-4e73-4cbd-bb96-540c7f6bd0ed,0.08373016864061356,0.06407191604375839,0.3224097192287445,0.5187361240386963,0.011052059940993786,3,3
TCGA-E2-A109-01A-01-TSA.21eaebd6-c736-452d-96ea-60ecdbd07764,0.2957630157470703,0.029741842299699783,0.16569115221500397,0.4972572922706604,0.011546666733920574,3,3
TCGA-E2-A10A-01A-02-BSB.79389df7-59f1-427f-80d4-3a959407407e,0.03587156534194946,0.03126998990774155,0.8054623603820801,0.10770802199840546,0.01968803070485592,2,2
TCGA-E2-A10A-01A-02-TSB.36e0494e-10c5-4b95-a77c-d8dbe2532135,0.01244500931352377,0.018771562725305557,0.7886876463890076,0.17170867323875427,0.008387149311602116,2,2
TCGA-E2-A10B-01A-01-MS1.0d808566-0f2e-4a22-b3fd-87d3f2db95b3,0.03743280470371246,0.039891552180051804,0.8183097839355469,0.08880090713500977,0.015565021894872189,2,2
TCGA-E2-A10B-01A-01-TS1.3bfc66da-c6c4-4246-8794-4b477deba098,0.03194001689553261,0.036681827157735825,0.7516852617263794,0.16951215267181396,0.010180770419538021,2,2
TCGA-E2-A10C-01A-02-BSB.98829461-a7d3-4e6d-a172-e7c17335c6e2,0.06066345050930977,0.17152129113674164,0.4260432720184326,0.3113825023174286,0.03038954734802246,2,2
TCGA-E2-A10C-01A-02-TSB.4d05f801-0494-42ad-9365-9b59bf957f4a,0.1526782363653183,0.22646433115005493,0.28471049666404724,0.2838245630264282,0.05232241004705429,2,2
TCGA-E2-A10E-01A-01-BS1.17e4f40d-9b13-4a81-99f1-1dddbc4c313f,0.009267746470868587,0.020432284101843834,0.9001851677894592,0.06250850111246109,0.007606251165270805,2,2
TCGA-E2-A10E-01A-02-BS2.57c5e128-a2b8-4d9c-81d9-03daabb2e7bf,0.01526800449937582,0.02569926157593727,0.8513409495353699,0.0960528776049614,0.011638909578323364,2,2
TCGA-E2-A10F-01A-01-BS1.f98984f5-85ff-4ca5-bcb6-cc6d2e375bc5,0.036843664944171906,0.07345696538686752,0.720510721206665,0.14391887187957764,0.025269780308008194,2,2
TCGA-E2-A10F-01A-01-TS1.2e848f27-cde2-4da2-baaf-f4de637f891c,0.024104267358779907,0.020507587119936943,0.8437839150428772,0.1034838929772377,0.008120372891426086,2,2
TCGA-E2-A14N-01A-03-TSC.f25db7f7-db83-4011-9198-683dbc592da6,0.4963369071483612,0.07805212587118149,0.2775191366672516,0.12357775121927261,0.024514103308320045,0,0
TCGA-E2-A14O-01A-03-TSC.710a66c3-f0a8-4c93-85e9-6fd9906ae5f9,0.036043137311935425,0.07431183010339737,0.7770553827285767,0.09124518185853958,0.021344486624002457,2,2
TCGA-E2-A14P-01A-03-TSC.e301fe1e-c75b-4ed2-b304-16a9d63fd835,0.08724178373813629,0.14923739433288574,0.5825022459030151,0.1663551777601242,0.014663372188806534,2,2
TCGA-E2-A14Q-01A-01-TS1.3bcfc8aa-a2e5-433b-8102-66cc26c9d69a,0.03916407749056816,0.06302259117364883,0.714778482913971,0.13302373886108398,0.05001109465956688,2,2
TCGA-E2-A14R-01A-01-TSA.743927ec-2d43-4242-aa8b-c56a0fc83352,0.3131868243217468,0.0979829728603363,0.4101223945617676,0.1407375931739807,0.037970200181007385,2,2
TCGA-E2-A14S-01A-01-TSA.34b0dc8d-f4f4-4f51-ad17-794e6a10fedc,0.27760350704193115,0.03278041258454323,0.4231491982936859,0.2412424087524414,0.02522442676126957,2,2
TCGA-E2-A14T-01A-01-TSA.3e947c63-817a-4b85-8065-30adf00015b5,0.06282082200050354,0.03693891689181328,0.8128294348716736,0.05079969763755798,0.03661108762025833,2,2
TCGA-E2-A14U-01A-01-MS1.A0A0BD05-6F9F-49F8-B2A9-39A9F10F5947,0.015293949283659458,0.014167655259370804,0.8435773253440857,0.010685066692531109,0.11627593636512756,2,2
TCGA-E2-A14V-01A-01-TSA.97141a78-1272-4533-ab86-d787c86baf4b,0.02369053103029728,0.07304497808218002,0.7927418351173401,0.0725281685590744,0.03799444064497948,2,2
TCGA-E2-A14W-01A-01-TSA.292e68b2-d49a-46e0-aca5-a587709df55a,0.14471647143363953,0.13913115859031677,0.47307443618774414,0.17770065367221832,0.06537727266550064,2,2
TCGA-E2-A14X-01A-01-TSA.8d861810-a681-4877-bccd-aa0f83074a2a,0.06307599693536758,0.08008221536874771,0.721379816532135,0.11755801737308502,0.017903966829180717,2,2
TCGA-E2-A14Y-01A-02-TSB.57b8ab8a-d0b6-419a-8363-edbb7aab4bff,0.2619190216064453,0.22718797624111176,0.21687836945056915,0.2726508677005768,0.02136378549039364,3,3
TCGA-E2-A14Z-01A-01-TS1.d497c151-5df1-45c7-b712-75533a6ef412,0.04413396120071411,0.06656650453805923,0.7562799453735352,0.08399646729230881,0.049023136496543884,2,2
TCGA-E2-A150-01A-01-TSA.c32feae0-434d-4e04-9cfa-5b0d89547711,0.3385236859321594,0.11836130917072296,0.34331774711608887,0.1751452535390854,0.02465203031897545,2,2
TCGA-E2-A152-01A-01-TS1.33593446-31ba-4b2c-8f4f-80fbc535c592,0.0522356778383255,0.10877328366041183,0.6352763175964355,0.18763622641563416,0.016078488901257515,2,2
TCGA-E2-A153-01A-01-TSA.06c28a4f-dd0d-460d-9ee3-086f99e73724,0.06077380105853081,0.03659379482269287,0.7817311882972717,0.08568312227725983,0.03521813452243805,2,2
TCGA-E2-A154-01A-01-TS1.49b5b0d1-36eb-486f-bcf2-e575ac4764bd,0.01843978464603424,0.03405946493148804,0.8714144229888916,0.0660361722111702,0.010050173848867416,2,2
TCGA-E2-A155-01A-01-TSA.555fff50-3656-4fe1-bd55-867efffc6ae0,0.050536882132291794,0.035673052072525024,0.5504163503646851,0.35642746090888977,0.006946206092834473,2,2
TCGA-E2-A156-01A-01-TSA.eb7847c8-dd23-48c3-886f-25d30b21aa27,0.03290268033742905,0.020686689764261246,0.8627659678459167,0.07043935358524323,0.013205241411924362,2,2
TCGA-E2-A158-01A-01-TS1.7dc3c147-bcdb-4e14-83ef-71e24102846a,0.526192307472229,0.05940372869372368,0.2423839569091797,0.15650811791419983,0.015511885285377502,0,0
TCGA-E2-A159-01A-01-TSA.257b9eec-d799-4545-bae4-b279258bba63,0.8465442061424255,0.06262962520122528,0.018455618992447853,0.06221892312169075,0.010151644237339497,0,0
TCGA-E2-A15A-01A-01-TS1.12b3eabe-32d3-4772-8337-e4ae024911bb,0.05305533856153488,0.1405741274356842,0.5442104339599609,0.23825421929359436,0.023905841633677483,2,2
TCGA-E2-A15A-06A-01-TS1.bc17c613-409e-4308-beae-d7dea1493c10,0.06807210296392441,0.07922650128602982,0.37147700786590576,0.452921599149704,0.028302768245339394,3,3
TCGA-E2-A15C-01A-03-TSC.19c1b196-81cc-46f9-8e36-59e833b6e369,0.013781215064227581,0.007402108516544104,0.9490348100662231,0.016203997656702995,0.013577808625996113,2,2
TCGA-E2-A15D-01A-01-TS1.3079ed1e-0fe7-45b1-9ec1-c19c5d0b4df8,0.008913787081837654,0.022187547758221626,0.9239554405212402,0.022492842748761177,0.022450445219874382,2,2
TCGA-E2-A15E-01A-01-TSA.2b86c3d9-2b3d-4d2b-9f8f-dfef08275677,0.01503971591591835,0.02428383007645607,0.8749775290489197,0.0273401141166687,0.05835884436964989,2,2
TCGA-E2-A15E-06A-01-TS1.e5b7bb2d-5cf3-4bd6-a36b-9b7c69ca56de,0.039608150720596313,0.05479853227734566,0.39745768904685974,0.47903314232826233,0.029102427884936333,3,3
TCGA-E2-A15F-01A-01-TS1.ec2c2158-f027-40b9-945e-e081c7b80e46,0.015305591747164726,0.04727192595601082,0.8701183199882507,0.053733061999082565,0.013571077026426792,2,2
TCGA-E2-A15G-01A-01-TSA.ddb91e88-5cdd-4f96-868d-7c6e7c533be6,0.0050413948483765125,0.014925169758498669,0.956750214099884,0.012953875586390495,0.010329418815672398,2,2
TCGA-E2-A15H-01A-01-TSA.6ba57309-1e15-4a84-98ad-5e8f02688a96,0.019442882388830185,0.06701288372278214,0.7671313881874084,0.11474233865737915,0.03167056664824486,2,2
TCGA-E2-A15I-01A-02-TSB.961e62b4-3906-4076-a261-5b33f151c664,0.005800170358270407,0.016979901120066643,0.9336127042770386,0.030740754678845406,0.012866473756730556,2,2
TCGA-E2-A15J-01A-01-TS1.31bb6cae-5ebb-4a35-b6e8-9467f34bc4a8,0.025723418220877647,0.052430421113967896,0.6275647878646851,0.2878984212875366,0.006382996682077646,2,2
TCGA-E2-A15K-01A-01-TS1.097d2dde-b4e2-42fb-ac84-9556f0531d72,0.013464728370308876,0.0494537316262722,0.7855629920959473,0.1335366815328598,0.01798182725906372,2,2
TCGA-E2-A15K-06A-01-TS1.c2f7ed54-0f5a-4f43-b130-77a7dcceb9db,0.028839293867349625,0.038406096398830414,0.49783697724342346,0.40569809079170227,0.02921956405043602,2,2
TCGA-E2-A15L-01A-01-TSA.35ecb9b4-790d-4411-9cfa-fc2ee0f7c25c,0.06109422445297241,0.0783645510673523,0.6501900553703308,0.19966042041778564,0.010690674185752869,2,2
TCGA-E2-A15M-01A-01-TSA.41d14b10-8567-4f43-a5a8-b952d859c70f,0.06259039044380188,0.08377163857221603,0.6438938975334167,0.17964616417884827,0.030097918584942818,2,2
TCGA-E2-A15O-01A-01-TSA.d73d6e37-7450-4a96-9e21-014f78b2e02a,0.008536918088793755,0.035172782838344574,0.8455697298049927,0.07522106915712357,0.03549942746758461,2,2
TCGA-E2-A15P-01A-01-TSA.e7932941-750c-4fcc-8520-0d7773912874,0.014210937544703484,0.019181987270712852,0.8434048295021057,0.04251934960484505,0.08068294823169708,2,2
TCGA-E2-A15R-01A-01-TSA.710a5229-c19b-42ea-87fb-1e8293fbcfd9,0.09298340231180191,0.02736230567097664,0.6824508309364319,0.18478728830814362,0.012416227720677853,2,2
TCGA-E2-A15S-01A-01-TSA.99332ce7-e3ab-4891-a612-fa51b84869f8,0.4139297306537628,0.031406331807374954,0.28792789578437805,0.23951534926891327,0.027220692485570908,0,0
TCGA-E2-A15T-01A-01-TS1.8fb07554-d184-4354-bfb5-c08ad658aac1,0.016840266063809395,0.021730029955506325,0.9095417261123657,0.03683255612850189,0.01505532581359148,2,2
TCGA-E2-A1AZ-01A-01-TS1.4941221b-33e9-4b2a-8165-cc2221732f78,0.3118788003921509,0.11418654769659042,0.3541974723339081,0.19750581681728363,0.02223135530948639,2,2
TCGA-E2-A1B0-01A-01-TSA.728f0954-4ed3-4d7a-932d-fc250ba11b61,0.10140109062194824,0.15854713320732117,0.5846667289733887,0.11768034100532532,0.0377047061920166,2,2
TCGA-E2-A1B1-01A-02-TSB.8d1372de-544d-4c67-9e8f-09bcd33db672,0.01052994653582573,0.029825372621417046,0.8794953227043152,0.056501682847738266,0.023647641763091087,2,2
TCGA-E2-A1B4-01A-01-TSA.4a536aa0-47af-4c66-a151-a5d5db65a566,0.0015042597660794854,0.004115899559110403,0.9831164479255676,0.004079932346940041,0.007183563895523548,2,2
TCGA-E2-A1B5-01A-02-TSB.a87d1830-610f-4571-9604-cb92a60e33fb,0.04492434114217758,0.04540328308939934,0.7178882956504822,0.04210904240608215,0.14967501163482666,2,2
TCGA-E2-A1B6-01A-03-TSC.f0917d61-c963-42cf-86c7-48b1e70c662d,0.32101714611053467,0.09485892951488495,0.3139157295227051,0.16888242959976196,0.10132573544979095,0,0
TCGA-E2-A1BC-01A-01-TSA.b06fa884-bde3-4b4f-9832-f162e7a82cfa,0.005821706727147102,0.02274143323302269,0.9329177737236023,0.026644783094525337,0.01187429390847683,2,2
TCGA-E2-A1BD-01A-01-TSA.240c5cd9-3dad-40fe-82a9-f81214203302,0.015249792486429214,0.024386141449213028,0.8645596504211426,0.06942682713270187,0.026377564296126366,2,2
TCGA-E2-A1IE-01A-01-TSA.fe9a2e4e-1c11-45f6-89e8-ee618922dfe9,0.045680150389671326,0.03270747512578964,0.8087465763092041,0.09619618952274323,0.016669636592268944,2,2
TCGA-E2-A1IF-01A-01-TSA.8138f5af-7c4f-4c44-9ffc-1616dcf21b64,0.10410454869270325,0.03227316215634346,0.8058605790138245,0.04408077895641327,0.013680879957973957,2,2
TCGA-E2-A1IG-01A-01-TSA.acb89b9b-84e6-4d43-9bb4-9dadb9a4bded,0.03459048271179199,0.043389786034822464,0.7998682856559753,0.10802220553159714,0.014129268005490303,2,2
TCGA-E2-A1IH-01A-01-TSA.99bfdaa7-707e-408e-b285-d5bc61291557,0.05190508812665939,0.03604581579566002,0.7911170721054077,0.042416032403707504,0.07851604372262955,2,2
TCGA-E2-A1II-01A-01-TSA.b8bb5828-b6a3-45e3-bd16-27722e9fa705,0.7743727564811707,0.09350178390741348,0.028456762433052063,0.08746305108070374,0.01620558649301529,0,0
TCGA-E2-A1IJ-01A-01-TSA.6ffa624e-548f-4a25-af52-febc0cb8a31f,0.060488320887088776,0.0906863585114479,0.6831163167953491,0.10957659780979156,0.05613238364458084,2,2
TCGA-E2-A1IK-01A-01-TSA.60c8e8ac-399e-4682-b889-a5b4e4ab1c1a,0.07055976241827011,0.0399240180850029,0.7904541492462158,0.07949429750442505,0.019567715004086494,2,2
TCGA-E2-A1IL-01A-01-TSA.c02803fb-e85a-468b-9f69-bde8122f7056,0.008746204897761345,0.007233053911477327,0.9363178014755249,0.024250049144029617,0.023452870547771454,2,2
TCGA-E2-A1IN-01A-01-TSA.d8b99a48-e9a4-4bc0-8ecd-0eecf195803e,0.12181669473648071,0.11272279918193817,0.5208881497383118,0.20009660720825195,0.0444757454097271,2,2
TCGA-E2-A1IO-01A-01-TSA.6a2315ed-3e00-4784-8b0f-aa93e6d770d0,0.017176099121570587,0.02521488629281521,0.9231932163238525,0.02413937821984291,0.010276482440531254,2,2
TCGA-E2-A1IU-01A-01-TSA.ba60c639-0f0b-4ccf-8990-d561c67794a8,0.022897904738783836,0.02080382965505123,0.9082913994789124,0.02715650387108326,0.02085030823945999,2,2
TCGA-E2-A1L6-01A-01-TSA.6ca116b8-0363-4196-bbc8-232608f87384,0.08365990966558456,0.02639690414071083,0.8352245688438416,0.024057654663920403,0.030661005526781082,2,2
TCGA-E2-A1L7-01A-01-TSA.d812be09-0f0b-4172-a039-18e2d89f3e9d,0.16433954238891602,0.07474208623170853,0.5138493180274963,0.2339005023241043,0.013168505392968655,2,2
TCGA-E2-A1L8-01A-01-TSA.2b88c3e8-d202-4b83-8390-126f33606d7a,0.0541410855948925,0.07054518163204193,0.7418932914733887,0.09914442896842957,0.03427604213356972,2,2
TCGA-E2-A1L9-01A-01-TS1.2d977c38-3f65-4898-b817-e30c041167bf,0.06409920752048492,0.1772894710302353,0.5655918121337891,0.1668691337108612,0.026150360703468323,2,2
TCGA-E2-A1LA-01A-01-TS1.f300df8b-2423-47e1-8a95-24048aaeac80,0.14880608022212982,0.10949317365884781,0.5457761883735657,0.18372447788715363,0.012200056575238705,2,2
TCGA-E2-A1LB-01A-01-TSA.421ba6bf-0e55-4fa7-81f3-3cf0fde480ed,0.05053156241774559,0.5986528992652893,0.05998631566762924,0.2660379707813263,0.024791283532977104,1,1
TCGA-E2-A1LE-01A-01-TSA.3D0F1C87-1DDC-4BF0-A586-401299A7286D,0.03668932989239693,0.19359935820102692,0.47121694684028625,0.2700759768486023,0.028418343514204025,2,2
TCGA-E2-A1LG-01A-02-TSB.23e175ad-93af-41f1-a8be-c37cc3ee5d47,0.14144521951675415,0.035976823419332504,0.7038273811340332,0.0982518121600151,0.02049877680838108,2,2
TCGA-E2-A1LH-01A-01-TS1.e49c714b-f97e-4643-805a-9fad366d64bf,0.20831936597824097,0.08405189961194992,0.5497561097145081,0.1344631314277649,0.023409519344568253,2,2
TCGA-E2-A1LI-01A-01-TS1.fbca9d73-aac9-43ba-82cc-7eb527c4904e,0.3078708052635193,0.1542680412530899,0.31697559356689453,0.16652080416679382,0.054364804178476334,2,2
TCGA-E2-A1LK-01A-02-TSB.5f4a6e3e-8c5c-43b3-9053-44a4d0f9f954,0.3146330416202545,0.23040837049484253,0.17214882373809814,0.21170344948768616,0.07110635191202164,0,0
TCGA-E2-A1LL-01A-01-TSA.1d9c8e71-3608-4122-8a5d-ede57403c3b1,0.10574128478765488,0.23287567496299744,0.3341376781463623,0.2994670569896698,0.02777831070125103,2,2
TCGA-E2-A1LS-01A-01-TSA.ab745fbc-dd5a-47f7-b60e-9533e52465e6,0.029517849907279015,0.06499648839235306,0.7565639019012451,0.13493458926677704,0.013987158425152302,2,2
TCGA-E2-A2P5-01A-01-TS1.881A6B1B-6825-4D7A-828C-D4A0FCC5BAE1,0.029247397556900978,0.04253378510475159,0.8176984190940857,0.09661722928285599,0.013903125189244747,2,2
TCGA-E2-A2P6-01A-01-TS1.C2E6256C-D82D-4370-A97E-DD16E57888E5,0.031066473573446274,0.024628205224871635,0.8692211508750916,0.045372914522886276,0.029711244627833366,2,2
TCGA-E2-A3DX-01A-02-TSB.4BD3DC88-03E9-426A-A7D4-033DD742279C,0.011629240587353706,0.014607729390263557,0.9180708527565002,0.014920053072273731,0.04077208414673805,2,2
TCGA-E2-A56Z-01A-01-TSA.279A5A74-8C88-4520-8117-70FDBB0951E5,0.3466600179672241,0.15486373007297516,0.1816023588180542,0.2461148351430893,0.0707591101527214,0,0
TCGA-E2-A570-01A-01-TSA.3BF71DC2-AF5C-400D-BF49-A6A7483481BB,0.029372455552220345,0.04333832114934921,0.8625564575195312,0.04555331543087959,0.019179387018084526,2,2
TCGA-E2-A572-01A-01-TSA.58C737CB-AF59-4664-9E55-2097E80A35FA,0.015162942931056023,0.02768489345908165,0.8424749374389648,0.026295850053429604,0.08838137984275818,2,2
TCGA-E2-A573-01A-01-TS1.E5F5ABA4-595A-41C0-B686-A96DA9901AED,0.5561867952346802,0.12218226492404938,0.14835619926452637,0.15222294628620148,0.021051842719316483,0,0
TCGA-E2-A574-01A-01-TSA.EE331433-5ED0-495C-8704-E7D8C73DA803,0.13515189290046692,0.157511368393898,0.4827284514904022,0.20649272203445435,0.01811554655432701,2,2
TCGA-E2-A576-01A-01-TSA.B5BE3814-145D-4236-8152-BA39A1B7D0D7,0.041397955268621445,0.0710592120885849,0.6144900918006897,0.20301297307014465,0.07003982365131378,2,2
TCGA-E2-A9RU-01A-01-TS1.F050312C-0677-416B-9100-AA70F267140A,0.1505347639322281,0.19393885135650635,0.27312859892845154,0.36056452989578247,0.021833224222064018,3,3
TCGA-E9-A1N3-01A-01-TSA.16d2d1ec-d6ab-4fec-98ca-42e0ee333be4,0.013257676735520363,0.0630117878317833,0.8429233431816101,0.07600661367177963,0.004800574388355017,2,2
TCGA-E9-A1N4-01A-01-TSA.c0e20e54-baab-4dd4-98c8-3e450a41ea86,0.02472199872136116,0.050235264003276825,0.7710690498352051,0.1166982427239418,0.03727540001273155,2,2
TCGA-E9-A1N5-01A-01-TSA.7b19a9b7-d896-4277-b8cc-bde9b8aefc9d,0.023525990545749664,0.07209175825119019,0.7990068793296814,0.08541332185268402,0.019962027668952942,2,2
TCGA-E9-A1N9-01A-01-TSA.dec56c61-13f3-4eda-898b-1f2e40b6f54a,0.04766691103577614,0.04508987069129944,0.7937375903129578,0.07990721613168716,0.03359830752015114,2,2
TCGA-E9-A1NA-01A-01-TSA.54bbd049-8dd8-432e-b015-9325819ba587,0.16363142430782318,0.12283182889223099,0.22883984446525574,0.474973201751709,0.009723708033561707,3,3
TCGA-E9-A1NC-01A-01-TSA.9b7d0568-bc04-4e9f-9487-d020f177e077,0.2922491729259491,0.10900219529867172,0.43077707290649414,0.11291375011205673,0.055057816207408905,2,2
TCGA-E9-A1NC-01A-02-TSB.45067FA5-9305-45D9-A343-FCCECF9BABF4,0.10235632956027985,0.05164293199777603,0.7190398573875427,0.10368216037750244,0.023278703913092613,2,2
TCGA-E9-A1ND-01A-01-TSA.602c0689-b15d-4d0c-a76c-13f97b713b4d,0.7124019265174866,0.12101306021213531,0.08409080654382706,0.06778092682361603,0.014713350683450699,0,0
TCGA-E9-A1NE-01A-02-TSB.f07c5332-4933-4459-a1cc-7fbdff4cf75d,0.07319550961256027,0.15018783509731293,0.5655810832977295,0.18856972455978394,0.02246587537229061,2,2
TCGA-E9-A1NF-01A-01-TSA.c5078c11-f3d8-47d5-b02a-466663322fd2,0.16997551918029785,0.1474379599094391,0.23333263397216797,0.438129723072052,0.011124140582978725,3,3
TCGA-E9-A1NG-01A-02-TSB.b717018b-f4d3-4b8c-8057-4db7173faa83,0.0903133749961853,0.10675591230392456,0.4273056983947754,0.340756893157959,0.03486815467476845,2,2
TCGA-E9-A1NH-01A-01-TSA.c377b9a0-f87e-419b-9b59-13809c8b5855,0.014647804200649261,0.09355071932077408,0.7771782875061035,0.10538209229707718,0.009241132065653801,2,2
TCGA-E9-A1NI-01A-01-TSA.367a994d-fa68-46ea-84e0-19288a39c79e,0.05474965646862984,0.08739924430847168,0.5992312431335449,0.24949809908866882,0.00912179984152317,2,2
TCGA-E9-A1QZ-01A-02-TSB.e65e68ce-e93a-45c1-8bbb-7cc1cc975b25,0.04814597964286804,0.03757273033261299,0.7978969812393188,0.061226364225149155,0.055157944560050964,2,2
TCGA-E9-A1R0-01A-02-TSB.76d55fb8-5518-496c-9a80-de81a3073232,0.005773400887846947,0.01765107363462448,0.938512921333313,0.03380955010652542,0.004252965096384287,2,2
TCGA-E9-A1R2-01A-01-TSA.08bc6aef-5b96-48e7-81fe-b745374d3946,0.017902931198477745,0.05089068412780762,0.8186595439910889,0.08401039987802505,0.028536463156342506,2,2
TCGA-E9-A1R3-01A-03-TSC.d045fde9-4cb4-42ff-883c-ecf520e93a60,0.023003101348876953,0.05100710690021515,0.7890010476112366,0.12919725477695465,0.007791435811668634,2,2
TCGA-E9-A1R4-01A-02-TSB.ba1d4e07-3128-48a3-81c6-b3b3b4b961c3,0.03947921842336655,0.1553526371717453,0.6198445558547974,0.1546269953250885,0.030696609988808632,2,2
TCGA-E9-A1R5-01A-01-TSA.df4a519c-fbd8-443a-96ec-df4eab8a7f8d,0.02210690826177597,0.05778411775827408,0.7779263257980347,0.129410520195961,0.01277212891727686,2,2
TCGA-E9-A1R6-01A-01-TSA.30cf6e30-ff99-4945-81aa-71aa59106098,0.058726049959659576,0.059818245470523834,0.5422672629356384,0.3157230019569397,0.023465409874916077,2,2
TCGA-E9-A1R7-01A-01-TSA.0298ed96-b287-42a0-93ba-89932a36da4c,0.05730792135000229,0.07498586922883987,0.6481300592422485,0.15914949774742126,0.06042662635445595,2,2
TCGA-E9-A1RA-01A-01-TSA.b2e935c7-c2cc-4ef8-9f40-4a80a625cc89,0.07691177725791931,0.07264717668294907,0.678184449672699,0.13040339946746826,0.041853167116642,2,2
TCGA-E9-A1RB-01A-01-TSA.a64d4330-5a0f-4cbe-bd5b-e761af3234dd,0.0908529981970787,0.0901271179318428,0.31708770990371704,0.48815250396728516,0.013779712840914726,3,3
TCGA-E9-A1RC-01A-01-TSA.be1da272-f6f7-4d62-b69d-e813c60bac7a,0.13454212248325348,0.1278856098651886,0.4449857175350189,0.24068406224250793,0.051902513951063156,2,2
TCGA-E9-A1RD-01A-01-TSA.ae983d1c-4737-46f7-8f0d-22934555867d,0.010214376263320446,0.033142056316137314,0.899166464805603,0.051860250532627106,0.005616907496005297,2,2
TCGA-E9-A1RE-01A-01-TSA.a7672cd5-758c-4580-9390-26607eb98d7b,0.019665664061903954,0.03466267138719559,0.5087797045707703,0.4236040711402893,0.01328791119158268,2,2
TCGA-E9-A1RF-01A-01-TSA.a825bc36-5e7d-4166-9177-e79ee6382097,0.03834269568324089,0.1043887510895729,0.4596269726753235,0.3852193057537079,0.012422177940607071,2,2
TCGA-E9-A1RG-01A-01-TSA.a9a21b11-8455-4582-a0f4-041d0637f1f1,0.09443920105695724,0.043180711567401886,0.6980408430099487,0.1461806744337082,0.01815856620669365,2,2
TCGA-E9-A1RH-01A-02-TSB.03b969da-c200-48e2-bed2-ec2830daf487,0.11044739931821823,0.21180935204029083,0.2818651497364044,0.3826851546764374,0.013192936778068542,3,3
TCGA-E9-A1RI-01A-01-TSA.e3a82cb0-3009-4cc3-be34-d41aa917e742,0.057918697595596313,0.08367608487606049,0.7247264981269836,0.1164730042219162,0.017205704003572464,2,2
TCGA-E9-A226-01A-02-TSB.794150b5-08d4-4a83-82e4-6c8a812bd236,0.06040918454527855,0.0841013640165329,0.5862895846366882,0.23087848722934723,0.03832140192389488,2,2
TCGA-E9-A227-01A-01-TSA.2785cdb8-95a8-4bf8-b479-13b5436983ed,0.019099891185760498,0.044363927096128464,0.8313226699829102,0.0928560197353363,0.012357515282928944,2,2
TCGA-E9-A228-01A-03-TSC.30af8551-b712-4cf0-aa26-f9913d60f879,0.1391403079032898,0.04897807911038399,0.42599672079086304,0.3680725395679474,0.017812350764870644,2,2
TCGA-E9-A229-01A-03-TSC.99c99fe1-cfaf-4ee1-8992-a71adb774d14,0.015346492640674114,0.040589090436697006,0.8445459604263306,0.08081278949975967,0.018705610185861588,2,2
TCGA-E9-A22A-01A-01-TSA.cb4979a2-8b33-4983-9f84-53307fb392ad,0.054750923067331314,0.20031343400478363,0.19627970457077026,0.5284100770950317,0.020245922729372978,3,3
TCGA-E9-A22B-01A-01-TSA.c56b2348-5c2c-4212-98f9-fbdcc444963b,0.03185759112238884,0.05203516036272049,0.8139751553535461,0.07618484646081924,0.025947237387299538,2,2
TCGA-E9-A22D-01A-01-TSA.1d806ebb-4c31-45ae-898e-139903e04c43,0.14248672127723694,0.207250714302063,0.2954672574996948,0.32610461115837097,0.028690678998827934,3,3
TCGA-E9-A22E-01A-01-TSA.a51a3c5a-7bb6-48b6-a88c-57627566799e,0.05861729383468628,0.10086606442928314,0.7007579207420349,0.11555113643407822,0.0242075864225626,2,2
TCGA-E9-A22G-01A-01-TSA.825b13d3-0415-42cc-820c-a2ea524d25a9,0.8155308961868286,0.07251293212175369,0.04713774845004082,0.05239851772785187,0.01241992972791195,0,0
TCGA-E9-A22H-01A-01-TSA.7fc6358e-8ffd-4967-bb2b-b5fa45a9c66e,0.024072326719760895,0.05534621328115463,0.6568524241447449,0.1063036322593689,0.1574253886938095,2,2
TCGA-E9-A243-01A-02-TSB.b22d68b2-c6fd-42d9-96a7-416b2e09ddbe,0.43357089161872864,0.13775962591171265,0.1786242127418518,0.2340114712715149,0.016033779829740524,0,0
TCGA-E9-A244-01A-01-TSA.9b78641c-e9bb-4c08-8f05-690a88efd758,0.10295536369085312,0.08269170671701431,0.6724160313606262,0.11509519070386887,0.026841675862669945,2,2
TCGA-E9-A245-01A-02-TSB.3d29009f-2d36-44d8-8b9e-325b72946d66,0.006470689550042152,0.011711129918694496,0.9552891254425049,0.016654612496495247,0.009874468669295311,2,2
TCGA-E9-A247-01A-01-TSA.e3ce5a37-5825-4589-bfd5-85b0adcdcf54,0.03339483588933945,0.0669008195400238,0.7008123993873596,0.18680110573768616,0.012090858072042465,2,2
TCGA-E9-A248-01A-01-TSA.380e7173-408d-4d01-bcd0-cb74177448fc,0.2916052043437958,0.18558518588542938,0.29368218779563904,0.2131252884864807,0.016002167016267776,2,2
TCGA-E9-A249-01A-01-TSA.b0659a1b-2892-4680-9045-23445b67763f,0.025150761008262634,0.047266390174627304,0.7384325265884399,0.17555923759937286,0.013591066934168339,2,2
TCGA-E9-A24A-01A-01-TSA.5cb875e4-dfee-4764-a3f4-e79c343b7f29,0.05438139662146568,0.07350822538137436,0.6252763867378235,0.20658691227436066,0.0402471162378788,2,2
TCGA-E9-A295-01A-01-TSA.14a39b7e-5d34-43ea-971c-09a8db7694e8,0.045394059270620346,0.02078457921743393,0.7544800043106079,0.022526243701577187,0.1568150818347931,2,2
TCGA-E9-A2JS-01A-01-TSA.8C89FED2-C22D-4C19-990B-22FD44EC8AEB,0.03505227342247963,0.10231327265501022,0.5851872563362122,0.2674374282360077,0.01000981219112873,2,2
TCGA-E9-A2JT-01A-02-TSB.7607FF14-463C-439C-AB91-0691679D0045,0.051260482519865036,0.015982238575816154,0.7585895657539368,0.02478254958987236,0.14938506484031677,2,2
TCGA-E9-A3HO-01A-01-TSA.0158BAA4-4E64-4235-95B0-28EF4F494A06,0.40488535165786743,0.0547911673784256,0.29203546047210693,0.19535964727401733,0.05292841047048569,0,0
TCGA-E9-A3Q9-01A-01-TSA.664B1192-F5B9-456E-B51A-65081BB0138F,0.02238563634455204,0.004851171746850014,0.9007337093353271,0.03479486703872681,0.03723454847931862,2,2
TCGA-E9-A3QA-01A-06-TSF.F55E055A-2F25-4C59-88CF-BD574F7A6192,0.5688087940216064,0.1449323445558548,0.0998961478471756,0.1724334955215454,0.013929151929914951,0,0
TCGA-E9-A3X8-01A-03-TSC.D9965DD3-EB24-4914-9756-AF1230349DC6,0.009914626367390156,0.029980679973959923,0.8994783759117126,0.03516322746872902,0.025463122874498367,2,2
TCGA-E9-A54X-01A-01-TSA.6FDFF7F9-3D49-48CF-96FE-ED6E9D6A1014,0.08262434601783752,0.04451338201761246,0.7057351469993591,0.12348761409521103,0.043639492243528366,2,2
TCGA-E9-A54Y-01A-01-TSA.7EF6FC52-B788-4ACD-B92A-A59BE4F11BDD,0.08419317752122879,0.04713206738233566,0.5826181769371033,0.2600652873516083,0.025991249829530716,2,2
TCGA-E9-A5FK-01A-01-TSA.B94B10DB-28F9-434E-9BE2-F2B84C3ED73F,0.02321982942521572,0.024031566455960274,0.8045965433120728,0.03333501145243645,0.11481700837612152,2,2
TCGA-E9-A5FL-01A-01-TSA.4543A1A7-CE9F-4038-88DA-F7869AF4B8FD,0.18032413721084595,0.18722102046012878,0.2815447747707367,0.32315170764923096,0.027758345007896423,3,3
TCGA-E9-A5UO-01A-01-TSA.8DD0A003-C13A-41FD-B59B-16DD205C5003,0.07895123213529587,0.05170140042901039,0.6754164695739746,0.1233041062951088,0.07062683254480362,2,2
TCGA-E9-A5UP-01A-01-TSA.65C0249E-06FC-4496-87A9-F5A37CF6CC25,0.4287152588367462,0.07622461020946503,0.40545302629470825,0.03461676463484764,0.05499032884836197,0,0
TCGA-E9-A6HE-01A-01-TSA.0EC4715E-A5F7-48BF-B95E-8532C3F101D6,0.04878006502985954,0.07829423248767853,0.620160698890686,0.23938238620758057,0.013382628560066223,2,2
TCGA-EW-A1IW-01A-01-TSA.23f64e8b-95c5-42b3-919e-65d43275d804,0.009095896035432816,0.025088565424084663,0.9067216515541077,0.029235145077109337,0.029858754947781563,2,2
TCGA-EW-A1IX-01A-01-TSA.14c3dbaf-c377-426c-96a7-9c087b2f577a,0.003608202561736107,0.0062483553774654865,0.9628809094429016,0.0058080884627997875,0.02145436778664589,2,2
TCGA-EW-A1IY-01A-01-TSA.2f6f198d-844c-442d-9569-ddf88cd38642,0.03431174159049988,0.08114916831254959,0.782730221748352,0.08527380228042603,0.016535092145204544,2,2
TCGA-EW-A1IZ-01A-01-TSA.a52af132-ed54-40a0-931b-913928cf057f,0.05429661273956299,0.03881101682782173,0.6469869017601013,0.10982682555913925,0.15007859468460083,2,2
TCGA-EW-A1J1-01A-01-TSA.153bc6b7-16b6-4c43-b9ac-46a7ed05d0db,0.15713660418987274,0.04474397748708725,0.469439297914505,0.3086646497249603,0.020015446469187737,2,2
TCGA-EW-A1J2-01A-02-TSB.99b2d68c-e3e5-4e89-ba30-158409bf8430,0.026597367599606514,0.03549448028206825,0.8661786913871765,0.04197244718670845,0.029757032170891762,2,2
TCGA-EW-A1J3-01A-01-TSA.fdb88562-3185-43d4-ab9a-3d5a8f4a9edb,0.07901369780302048,0.10627362132072449,0.6074864864349365,0.19160299003124237,0.015623190440237522,2,2
TCGA-EW-A1J5-01A-01-TSA.e6a343d8-808e-49ba-8ccd-a9237523f59b,0.0179721899330616,0.03387906774878502,0.8200456500053406,0.11215412616729736,0.015948966145515442,2,2
TCGA-EW-A1J6-01A-01-TS1.cbeda021-a81c-4a79-a505-f8f0b4cb6620,0.11505873501300812,0.0809566006064415,0.39069536328315735,0.40030667185783386,0.012982657179236412,3,3
TCGA-EW-A1OV-01A-01-TSA.9ccd6a13-34e4-4d98-9a18-3e7136ec0a13,0.24708686769008636,0.11573566496372223,0.24628910422325134,0.3751975893974304,0.015690745785832405,3,3
TCGA-EW-A1OW-01A-02-TSB.fa679090-1580-4a00-88b9-b218030a0e09,0.5641588568687439,0.07521846890449524,0.12998364865779877,0.2111888974905014,0.01945006474852562,0,0
TCGA-EW-A1OX-01A-01-TSA.74283185-7c47-44ce-8904-1a121870104e,0.05147653445601463,0.05041853338479996,0.7918103337287903,0.08496326208114624,0.02133130468428135,2,2
TCGA-EW-A1OY-01A-01-TSA.fbfe2eb7-225f-451f-8554-a2001180f142,0.07628803700208664,0.04705258831381798,0.5385870337486267,0.31946638226509094,0.018605953082442284,2,2
TCGA-EW-A1OZ-01A-01-TSA.5b179149-f5d2-4b79-8988-5c2fc2268cdc,0.05415743216872215,0.07583718001842499,0.4904102087020874,0.3744449317455292,0.00515020452439785,2,2
TCGA-EW-A1P0-01A-01-TSA.01b86041-ac17-4bcf-884e-b7d48240bbe2,0.03201351314783096,0.058228716254234314,0.7756370902061462,0.12448829412460327,0.009632364846765995,2,2
TCGA-EW-A1P1-01A-03-TSC.8fd02727-ac5a-449b-9cd7-628e3dda1c3c,0.06933052092790604,0.1369943469762802,0.6128108501434326,0.11553583294153214,0.06532841920852661,2,2
TCGA-EW-A1P3-01A-01-TSA.bc5f0d8f-aa52-42b7-abe1-f729c2bc5dff,0.028392907232046127,0.0472533218562603,0.8530513048171997,0.05946818366646767,0.011834265664219856,2,2
TCGA-EW-A1P4-01A-02-TSB.4e509c5d-75a2-4996-a202-32910c7b745a,0.5665936470031738,0.22470301389694214,0.07371442764997482,0.11324544250965118,0.021743429824709892,0,0
TCGA-EW-A1P5-01A-01-TSA.0fdc58ed-1cbd-4f60-839e-c12e1450e431,0.03376094251871109,0.10550421476364136,0.5267317891120911,0.3260206878185272,0.007982317358255386,2,2
TCGA-EW-A1P6-01A-01-TSA.1cb89d56-47a8-47e8-8726-4ad5190cae9f,0.022204484790563583,0.0412779375910759,0.8293841481208801,0.07960935682058334,0.02752402052283287,2,2
TCGA-EW-A1P7-01A-02-TSB.5628be59-b3f9-493a-9e68-053187bbb7d3,0.07836972922086716,0.04313789680600166,0.7288044095039368,0.07156085968017578,0.07812705636024475,2,2
TCGA-EW-A1P8-01A-01-TSA.56d3d7c4-7386-4e5b-9ee0-630a70032b5a,0.20471972227096558,0.07437927275896072,0.27637234330177307,0.43243128061294556,0.012097315862774849,3,3
TCGA-EW-A1PA-01A-01-TSA.b6516a72-91fb-4dd8-8da0-2a9989a48e14,0.03654050827026367,0.051187772303819656,0.765072762966156,0.11831111460924149,0.028887884691357613,2,2
TCGA-EW-A1PB-01A-01-TSA.9f19b5e5-46d1-448b-b528-a431ba527adb,0.1569465845823288,0.45920538902282715,0.13164153695106506,0.22582809627056122,0.026378411799669266,1,1
TCGA-EW-A1PD-01A-01-TSA.fc5cdd95-913b-4466-bcbb-6f482bfb0764,0.018252477049827576,0.0270756296813488,0.8912518620491028,0.03859476000070572,0.024825308471918106,2,2
TCGA-EW-A1PE-01A-01-TSA.e016b643-b0f1-4281-bc1d-2cf850716603,0.03971032053232193,0.03654884174466133,0.8008531332015991,0.08050166070461273,0.04238605871796608,2,2
TCGA-EW-A1PF-01A-01-TSA.580b69ef-3776-4444-9361-e85f183b5b57,0.01585649885237217,0.07640933245420456,0.8396927118301392,0.05823498219251633,0.009806502610445023,2,2
TCGA-EW-A1PG-01A-01-TSA.2e6d10d1-ae2a-4ca4-9f75-e9fe64e32b70,0.02834060974419117,0.03665553033351898,0.7900300025939941,0.03880495950579643,0.10616886615753174,2,2
TCGA-EW-A1PH-01A-01-TS1.2f389a6d-0faa-49c5-bb7d-ff0eaf2adb69,0.31100985407829285,0.05887245759367943,0.40649932622909546,0.1994296908378601,0.02418861724436283,2,2
TCGA-EW-A2FR-01A-01-TSA.516FAE11-477F-423F-82CB-9041FA0D8111,0.08408579230308533,0.14179649949073792,0.5408923029899597,0.21076980233192444,0.022455589845776558,2,2
TCGA-EW-A2FS-01A-01-TSA.028A6732-BBAA-403F-8897-9C74202A01DD,0.04962477087974548,0.032551541924476624,0.7975642085075378,0.06641209125518799,0.05384739488363266,2,2
TCGA-EW-A2FV-01A-01-TSA.B2C1CC4E-D5BD-4BCC-8D31-4D7B12145C24,0.02550470642745495,0.02949499897658825,0.8449245095252991,0.030203958973288536,0.06987182796001434,2,2
TCGA-EW-A2FW-01A-01-TSA.93F3FA5A-4797-489A-B863-4C30CC923B90,0.0709538385272026,0.01213710568845272,0.7676083445549011,0.1321363002061844,0.017164381220936775,2,2
TCGA-EW-A3U0-01A-01-TSA.28E10343-61CE-416D-92FF-9763AE47C3F2,0.23970915377140045,0.023829786106944084,0.6651825904846191,0.0505940318107605,0.02068443037569523,2,2
TCGA-EW-A423-01A-01-TS1.268BA465-DA2E-48D1-B9D7-C0C706499D09,0.06714951246976852,0.03351033478975296,0.6805587410926819,0.2090541124343872,0.00972728244960308,2,2
TCGA-EW-A424-01A-01-TSA.0D664105-6E7A-4799-8E76-27D720666494,0.005470778327435255,0.008101720362901688,0.9525125026702881,0.012988626025617123,0.020926417782902718,2,2
TCGA-EW-A6S9-01A-02-TS2.C421885C-98C3-45B9-B01B-49779B87922C,0.03450396656990051,0.08942119777202606,0.6729656457901001,0.17054882645606995,0.03256041556596756,2,2
TCGA-EW-A6SA-01A-02-TS2.F8EDBB12-CB23-4661-A860-0AFEA6760BEF,0.2200709879398346,0.09491465240716934,0.2818833887577057,0.3806016743183136,0.022529229521751404,3,3
TCGA-EW-A6SB-01A-01-TS1.A3AF72E9-5C7A-467B-A0BB-B02CEBDC5B76,0.8346941471099854,0.07210328429937363,0.006978244986385107,0.05987188592553139,0.026352329179644585,0,0
TCGA-EW-A6SC-01A-01-TS1.CE729044-526A-43D5-BF00-8A0D393E1FAB,0.04294414073228836,0.07376012951135635,0.7209773659706116,0.14565512537956238,0.01666327379643917,2,2
TCGA-EW-A6SD-01A-01-TS1.7DCEC4B4-086D-4694-AB4F-9091A8A20205,0.28586485981941223,0.16598652303218842,0.24419628083705902,0.2895296812057495,0.014422678388655186,3,3
TCGA-GI-A2C8-01A-01-TSA.3b6ee8f0-86dc-47bc-b5ab-fa0b1c6e8a59,0.0516214519739151,0.11859772354364395,0.5750287175178528,0.22379688918590546,0.030955176800489426,2,2
TCGA-GI-A2C9-01A-01-TS1.01FAE5C6-F81E-4FD6-A5E1-560AC898857F,0.18889376521110535,0.05512009933590889,0.6040828824043274,0.13762691617012024,0.014276329427957535,2,2
TCGA-GM-A2D9-01A-01-TS1.640CA05F-D91E-406B-BFD4-B04441C9C811,0.0065969363786280155,0.021307695657014847,0.9176833033561707,0.04197147861123085,0.01244064699858427,2,2
TCGA-GM-A2DA-01A-01-TS1.ACA772B5-EF8F-4E5E-8AFE-EDD6CD676884,0.023371240124106407,0.019388409331440926,0.8312829732894897,0.02901109680533409,0.09694623202085495,2,2
TCGA-GM-A2DB-01A-03-TSC.C17D5A0E-AF3D-49D8-8604-C0E1DA70926D,0.6757206916809082,0.10356644541025162,0.13213619589805603,0.06127157434821129,0.027305135503411293,0,0
TCGA-GM-A2DC-01A-01-TSA.BAB3B2AC-4C10-4D6E-8556-5F6B81DD7A31,0.011957673355937004,0.030695468187332153,0.8805603384971619,0.06963461637496948,0.007151861675083637,2,2
TCGA-GM-A2DD-01A-01-TSA.A6FD944E-FDD8-4D2F-8304-FFD1617F4C8D,0.10726874321699142,0.16734832525253296,0.5081549286842346,0.1966617852449417,0.02056622877717018,2,2
TCGA-GM-A2DF-01A-01-TSA.92173C4D-78C6-4213-BE01-673760EF899C,0.3936747908592224,0.12702931463718414,0.30427122116088867,0.15564551949501038,0.01937916688621044,0,0
TCGA-GM-A2DH-01A-01-TSA.E3F030AF-39E8-4725-A338-9E93F9E6F79C,0.12234274297952652,0.08827312290668488,0.5937615633010864,0.13694964349269867,0.0586729422211647,2,2
TCGA-GM-A2DI-01A-03-TSC.DB9E24D8-2B07-483E-A490-2B64240EFCEE,0.05359437316656113,0.05316576361656189,0.7758711576461792,0.09036776423454285,0.027000904083251953,2,2
TCGA-GM-A2DK-01A-02-TSB.67FCA9F8-03FF-4737-8833-EAC61B44B8E5,0.08787596225738525,0.043843235820531845,0.7210480570793152,0.048152707517147064,0.09908007830381393,2,2
TCGA-GM-A2DL-01A-01-TSA.B952C740-284C-458B-A72A-34DDC22B623E,0.04951493814587593,0.05131921172142029,0.7871105074882507,0.07982877641916275,0.03222661465406418,2,2
TCGA-GM-A2DM-01A-01-TSA.CE8A6B68-BA97-48F1-A44D-023730B752E7,0.14597800374031067,0.17529867589473724,0.5446895360946655,0.09686081856489182,0.03717293217778206,2,2
TCGA-GM-A2DN-01A-01-TSA.76E09F3B-7A96-4261-9E3D-37099778B391,0.07615821808576584,0.09841009229421616,0.6583485007286072,0.10919108241796494,0.05789216607809067,2,2
TCGA-GM-A2DO-01A-01-TSA.7DC927D1-16BB-4AE0-91A6-B73CD8F64C53,0.0632234588265419,0.09671863913536072,0.5716687440872192,0.2550213038921356,0.013367785140872002,2,2
TCGA-GM-A3NW-01A-02-MSB.18C875E2-C15C-4B47-8AC5-6125F93B9334,0.02898472361266613,0.020416121929883957,0.7845016717910767,0.040829796344041824,0.12526775896549225,2,2
TCGA-GM-A3NY-01A-01-TSA.9FF1CA73-C6D7-4B3A-8E99-91A69E0CE164,0.021407475695014,0.05027209222316742,0.8258246779441833,0.044658634811639786,0.05783707648515701,2,2
TCGA-GM-A3XG-01A-03-TSC.ADDD6BD4-A2A0-450B-9728-E5E00F17191B,0.06510882079601288,0.055727358907461166,0.5326482653617859,0.08338714390993118,0.2631284296512604,2,2
TCGA-GM-A3XL-01A-01-TSA.F83E6727-0539-4E34-99EE-ED3322F4A72C,0.6509402394294739,0.032223671674728394,0.2501450181007385,0.05226937681436539,0.014421653002500534,0,0
TCGA-GM-A3XN-01A-01-TS1.C388AECE-6C86-45CF-B9D3-12FC451B8A4D,0.010984905995428562,0.034574151039123535,0.876437246799469,0.034966953098773956,0.043036721646785736,2,2
TCGA-GM-A4E0-01A-01-TS1.43B57619-CB29-46C6-BAEA-5064872B4EE7,0.05770589038729668,0.054708562791347504,0.7745558619499207,0.04133098945021629,0.07169871032238007,2,2
TCGA-GM-A5PV-01A-01-TS1.108695F7-6C19-41C9-9A63-ABD78088F235,0.028080059215426445,0.028027106076478958,0.8521464467048645,0.04676669090986252,0.04497970640659332,2,2
TCGA-GM-A5PX-01A-01-TS1.B6353D86-B0CD-464C-B976-752100D5CAE8,0.016571933403611183,0.027781952172517776,0.8639036417007446,0.031045151874423027,0.06069735065102577,2,2
TCGA-HN-A2NL-01A-01-TSA.0959AC56-81B8-4CB8-AA50-C2D480F8E584,0.3988516628742218,0.03118758276104927,0.3711964786052704,0.16618937253952026,0.03257496654987335,0,0
TCGA-HN-A2OB-01A-02-TSB.4938ED50-8E55-4CCB-ABF7-A86E1BCFBA1A,0.0038564198184758425,0.011836943216621876,0.9519150853157043,0.010140875354409218,0.022250715643167496,2,2
TCGA-JL-A3YW-01A-01-TS1.6306EE8C-C37B-4673-B4A1-D0531686C217,0.2341376543045044,0.3610289394855499,0.21201640367507935,0.169853076338768,0.02296387404203415,1,1
TCGA-JL-A3YX-01A-01-TS1.B78AA02B-6BBE-4E77-A30C-9D98F2AA11B9,0.006680643185973167,0.03407667949795723,0.826957643032074,0.12706173956394196,0.005223316606134176,2,2
TCGA-LD-A66U-01A-01-TS1.A7BDD6E8-BEE1-4F56-B1BF-4100706FC690,0.009379114955663681,0.027895867824554443,0.805967390537262,0.04464668035507202,0.11211088299751282,2,2
TCGA-LD-A74U-01A-01-TSA.39E23EF1-2100-4985-AD3B-A261A1FE47C3,0.012285368517041206,0.026580268517136574,0.8021818995475769,0.031785912811756134,0.12716655433177948,2,2
TCGA-LD-A7W5-01A-02-TSB.9D98EC5D-6842-440B-95E9-4F91DDB9DCA0,0.012153777293860912,0.05254582315683365,0.8181853294372559,0.07443462312221527,0.04268047958612442,2,2
TCGA-LD-A7W6-01A-08-TSH.8F554835-5E24-482E-9F5E-0572C197F938,0.014463820494711399,0.019031880423426628,0.8770526051521301,0.0549609512090683,0.03449072316288948,2,2
TCGA-LD-A9QF-01A-03-TSC.0AFA2BBA-FB74-4AE8-84AD-AE65522E5EC9,0.04428684711456299,0.11830781400203705,0.6716392636299133,0.08339892327785492,0.08236711472272873,2,2
TCGA-LL-A440-01A-01-TSA.7F50766F-CBFA-40A8-8B9D-3F8CFE42210C,0.026015952229499817,0.050804462283849716,0.7457392811775208,0.0736190602183342,0.10382122546434402,2,2
TCGA-LL-A441-01A-01-TS1.52D3F3E0-9C68-4C47-891F-D1CB5C461077,0.1852906048297882,0.06475985050201416,0.5460134148597717,0.16985589265823364,0.03408028930425644,2,2
TCGA-LL-A442-01A-01-TSA.EB28ADD6-530F-423A-B6C4-998490972A34,0.22540897130966187,0.10648521035909653,0.36174243688583374,0.263595312833786,0.042768098413944244,2,2
TCGA-LL-A50Y-01A-01-TSA.8145CD98-EA4C-477D-81F9-02E019291CF6,0.03261551260948181,0.0269455648958683,0.8337805867195129,0.0995778739452362,0.007080450188368559,2,2
TCGA-LL-A5YL-01A-01-TS1.FC54A71A-76C6-4C15-BBD2-5BDC859BA356,0.011951817199587822,0.019373174756765366,0.8668876886367798,0.03342356160283089,0.06836375594139099,2,2
TCGA-LL-A5YM-01A-01-TS1.F40B66C9-4C42-4139-98EC-C5799B2D86F5,0.02112428843975067,0.024576768279075623,0.7640413045883179,0.18270258605480194,0.007555036805570126,2,2
TCGA-LL-A5YN-01A-01-TS1.232C3E59-9085-4003-BA8E-10D7A5BB4E6A,0.031811073422431946,0.034784913063049316,0.8444252014160156,0.07404100149869919,0.014937824569642544,2,2
TCGA-LL-A5YO-01A-02-TS2.5819C502-EEA4-4D98-B4EC-E184B374ECFB,0.15468646585941315,0.4810437262058258,0.17938606441020966,0.17164327204227448,0.01324048824608326,1,1
TCGA-LL-A5YP-01A-02-TS2.C03716AC-F6CE-4982-9C7B-75688D7C463D,0.28432896733283997,0.05778814107179642,0.2513415813446045,0.39535143971443176,0.011189902201294899,3,3
TCGA-LL-A6FP-01A-01-TS1.E618EA84-C425-4B27-BCCA-E1BE93873F0D,0.004856714513152838,0.018763219937682152,0.9072569012641907,0.06589402258396149,0.0032291507814079523,2,2
TCGA-LL-A6FQ-01A-01-TS1.D2E1CF23-7EC9-4BDF-9C1A-4C3342EA23C4,0.0416436642408371,0.05086755380034447,0.5602760314941406,0.3365638256072998,0.010648895986378193,2,2
TCGA-LL-A6FR-01A-01-TS1.D3973C8B-51A5-4729-8257-4A4BEAAF8B85,0.0891212597489357,0.14461615681648254,0.4809880256652832,0.2660013735294342,0.019273241981863976,2,2
TCGA-LL-A73Y-01A-01-TS1.367F9DD6-DA45-488A-B2CF-9252BCF50251,0.06675232946872711,0.07662874460220337,0.7198162078857422,0.10533306747674942,0.03146963194012642,2,2
TCGA-LL-A73Z-01A-01-TSA.5F018F2D-A50F-4670-B99A-9C691EF49FA1,0.046417489647865295,0.05867752432823181,0.7916377782821655,0.03931684046983719,0.06395033746957779,2,2
TCGA-LL-A740-01A-02-TSB.AA89991A-E10F-48FB-BC4F-F65F0F2B51FD,0.033625420182943344,0.058159440755844116,0.8316266536712646,0.055101074278354645,0.021487364545464516,2,2
TCGA-LL-A7SZ-01A-03-TS3.78056052-E9C1-4D16-9080-44FE17A91DFE,0.07071586698293686,0.049119193106889725,0.7241349220275879,0.09629320353269577,0.059736836701631546,2,2
TCGA-LL-A7T0-01A-03-TS3.07761D74-57D6-4859-AD0B-BD2F8C68D905,0.043778885155916214,0.10593906044960022,0.5409995913505554,0.2978212833404541,0.011461169458925724,2,2
TCGA-LL-A8F5-01A-01-TS1.B5357CA4-8C24-4F27-9054-06B801C3D8DF,0.5504055619239807,0.10039281100034714,0.1005323976278305,0.23062478005886078,0.01804446056485176,0,0
TCGA-LL-A9Q3-01A-01-TS1.14764858-8E95-4E6C-8D97-0DA3C8C5D925,0.05598412826657295,0.20935721695423126,0.47736960649490356,0.23045878112316132,0.026830168440937996,2,2
TCGA-LQ-A4E4-01A-01-TSA.5A2B4B62-4AD7-48F1-AF47-3CC66305AE3B,0.023460019379854202,0.0531904473900795,0.6975030303001404,0.18306614458560944,0.042780425399541855,2,2
TCGA-MS-A51U-01A-03-TSC.F21253C2-5C95-4070-8A96-7A0DEA9EF563,0.027567755430936813,0.04816456884145737,0.6758649349212646,0.06010417267680168,0.1882985383272171,2,2
TCGA-OK-A5Q2-01A-01-TS1.CD793FD1-91E9-4BEC-889E-5DCD966DC18B,0.01588161662220955,0.004558905493468046,0.9155413508415222,0.0015527262585237622,0.06246534734964371,2,2
TCGA-OL-A5D6-01A-02-TSB.9E12E9C6-91FD-4CED-B469-37D7A88026D1,0.05396898090839386,0.3037891685962677,0.36775293946266174,0.25588172674179077,0.018607180565595627,2,2
TCGA-OL-A5D7-01A-01-TS1.7E18BE03-E64D-4030-8352-5F90731999C6,0.6002032160758972,0.08850710839033127,0.07810615003108978,0.21892406046390533,0.014259413816034794,0,0
TCGA-OL-A5D8-01A-01-TSA.1E7DCF18-0783-4A4E-B82E-3712F9E78A3F,0.09806506335735321,0.1616152673959732,0.18951544165611267,0.5275920629501343,0.02321217954158783,3,3
TCGA-OL-A5DA-01A-01-TSA.CA041E3A-7E06-4872-B706-C7471CFFDA55,0.01360190287232399,0.008888475596904755,0.9207441210746765,0.023470064625144005,0.03329542651772499,2,2
TCGA-OL-A5RU-01A-01-TSA.EADD3E6A-8614-4BE9-B061-66E57EDD1781,0.0278911255300045,0.015612278133630753,0.8690775632858276,0.053992778062820435,0.03342616558074951,2,2
TCGA-OL-A5RV-01A-01-TSA.001D9539-9344-444C-BD29-85B5B0224201,0.028603801503777504,0.02625430002808571,0.8395015001296997,0.06036956235766411,0.04527079313993454,2,2
TCGA-OL-A5RW-01A-01-TS1.4A172D57-5F02-4680-8106-81459FC20B26,0.1131475493311882,0.036774903535842896,0.46089357137680054,0.3776549994945526,0.011529003269970417,2,2
TCGA-OL-A5RX-01A-01-TSA.A2D25C2C-D7C5-4D31-8663-3345DB03780A,0.006902397610247135,0.018964217975735664,0.920048177242279,0.03733402118086815,0.016751287505030632,2,2
TCGA-OL-A5RY-01A-02-TSB.ECCBB7B0-DFC6-4068-9D45-07B1E0C9EF16,0.09372697025537491,0.1440509706735611,0.5221700072288513,0.21563667058944702,0.024415399879217148,2,2
TCGA-OL-A5RZ-01A-01-TSA.58A5566D-6342-4BCB-B22E-426DA68338A7,0.08804677426815033,0.15606853365898132,0.2829505205154419,0.45871883630752563,0.01421530544757843,3,3
TCGA-OL-A5S0-01A-01-TSA.3BA4D96B-18A7-4262-8D13-88C8D98B14A6,0.15714241564273834,0.06581471860408783,0.49969321489334106,0.25873568654060364,0.018613995984196663,2,2
TCGA-OL-A66H-01A-01-TS1.192101A6-CFBF-432F-935B-049CE2816476,0.01874617114663124,0.041155826300382614,0.7921009659767151,0.13482612371444702,0.013170947320759296,2,2
TCGA-OL-A66I-01A-02-TS2.E1A6C9D3-79DB-4585-9879-1AB340415E37,0.12303920090198517,0.09808861464262009,0.4723520576953888,0.29256659746170044,0.01395344827324152,2,2
TCGA-OL-A66J-01A-01-TSA.E4BF378D-1355-4CA2-B0A5-B6C2290EBFCE,0.0072933086194098,0.0307770986109972,0.9193880558013916,0.030496293678879738,0.012045166455209255,2,2
TCGA-OL-A66K-01A-01-TS1.B088994F-5660-4401-B5AD-A6C8493172BC,0.011192496865987778,0.01925675943493843,0.9033463597297668,0.028282728046178818,0.03792162239551544,2,2
TCGA-OL-A66L-01A-01-TSA.1A607901-B225-4E1B-B6F1-449FA90EE9B8,0.021469468250870705,0.01447788905352354,0.8441303968429565,0.022161059081554413,0.09776123613119125,2,2
TCGA-OL-A66N-01A-01-TS1.8F8FAEAF-59E9-499D-90AC-B8EA03D3252F,0.014881683513522148,0.03320028632879257,0.8364787697792053,0.024848133325576782,0.09059111028909683,2,2
TCGA-OL-A66O-01A-01-TS1.33A92C45-789F-493B-8D67-26EFB0169A95,0.0021639596670866013,0.01489963661879301,0.9586912393569946,0.018450604751706123,0.005794547963887453,2,2
TCGA-OL-A66P-01A-01-TS1.239F863A-670C-45FC-ACD9-B38395FC2383,0.06922685354948044,0.09870681166648865,0.6702185273170471,0.1131175085902214,0.04873029515147209,2,2
TCGA-OL-A6VO-01A-01-TSA.1654A5EF-A6C0-47C6-BD01-56A52F368F2A,0.680400013923645,0.07131008058786392,0.06724196672439575,0.16967231035232544,0.011375559493899345,0,0
TCGA-OL-A6VQ-01A-01-TSA.0CD11145-841A-4FE3-BACB-C014D4782C9E,0.007341926451772451,0.04677283391356468,0.8548340797424316,0.058353129774332047,0.03269807994365692,2,2
TCGA-OL-A6VR-01A-03-TSC.4CD184CF-7F28-4878-AC5B-6F3E03ED660A,0.015677640214562416,0.02215592749416828,0.8938279151916504,0.02129293791949749,0.047045573592185974,2,2
TCGA-OL-A97C-01A-03-TSC.4E4F341F-99D6-4033-BA91-48954441006C,0.10369578003883362,0.07886417955160141,0.6377832889556885,0.09350913763046265,0.08614766597747803,2,2
TCGA-PE-A5DC-01A-01-TS1.025C5684-F580-4622-877A-B7E9EC383E0F,0.02919803559780121,0.022121474146842957,0.7737550139427185,0.07555749267339706,0.09936800599098206,2,2
TCGA-PE-A5DD-01A-01-TSA.B71D5B6B-7526-4C1F-B656-2F5A8B8F3086,0.043418727815151215,0.022364085540175438,0.8178150057792664,0.04835977032780647,0.06804237514734268,2,2
TCGA-PE-A5DE-01A-01-TS1.D7DDDA9C-3BC4-4311-AB13-C6E7F51EC8E9,0.01754032075405121,0.022519107908010483,0.765678346157074,0.04325851425528526,0.1510036736726761,2,2
TCGA-PL-A8LV-01A-01-DX1.88F3D934-96C2-4652-9450-90F2E302FF6D,0.04329753294587135,0.03439859673380852,0.6872869729995728,0.020841289311647415,0.21417556703090668,2,2
TCGA-PL-A8LV-01A-02-DX2.346FF42B-2363-4B37-8884-12D5F841842C,0.4481162428855896,0.10326391458511353,0.2787865996360779,0.14686061441898346,0.02297261357307434,0,0
TCGA-PL-A8LX-01A-01-DX1.9646D69F-A764-4246-9243-67A63006DE96,0.5166437029838562,0.08128015697002411,0.20947782695293427,0.17898955941200256,0.013608697801828384,0,0
TCGA-PL-A8LX-01A-02-DX2.84DA8B75-1196-4704-B6B2-C5E7BF645E95,0.30323144793510437,0.06635337322950363,0.3219318687915802,0.2818526029586792,0.026630757376551628,2,2
TCGA-PL-A8LY-01A-01-DX1.32047D5E-8A42-480A-B2B8-A56B47B949FD,0.04480336979031563,0.030139219015836716,0.7020247578620911,0.025143619626760483,0.19788900017738342,2,2
TCGA-PL-A8LY-01A-02-DX2.6F9520F1-3210-4A96-81C2-A14424F650D1,0.10793808102607727,0.04566594958305359,0.774537205696106,0.04070398956537247,0.031154807657003403,2,2
TCGA-PL-A8LZ-01A-01-DX1.B9F233EE-06DD-4C14-A392-D2937C7C0868,0.9032571911811829,0.018019339069724083,0.034537069499492645,0.030952153727412224,0.013234353624284267,0,0
TCGA-PL-A8LZ-01A-02-DX2.E2697718-12E1-4D7C-9ED8-0A71C6D855B8,0.8331902027130127,0.0325329415500164,0.03548192232847214,0.08672163635492325,0.012073365971446037,0,0
TCGA-PL-A8LZ-01A-03-DX3.E5D16DBF-CABD-4C96-A794-5F27BC305055,0.37374430894851685,0.21319112181663513,0.11379148811101913,0.2864808738231659,0.012792187742888927,0,0
TCGA-S3-A6ZF-01A-03-TS3.2DE8CF7F-0109-42C3-8C05-4D708BBE19F6,0.039188187569379807,0.051003336906433105,0.6828930377960205,0.20306962728500366,0.023845771327614784,2,2
TCGA-S3-A6ZG-01A-02-TS2.D4625D56-1C91-4CE7-9710-F6FE67C2DF37,0.006896806415170431,0.02969254180788994,0.8767440319061279,0.07622028887271881,0.010446423664689064,2,2
TCGA-S3-A6ZH-01A-02-TS2.DCF28540-6410-41AD-8345-1061DF1956FF,0.007206827402114868,0.031359098851680756,0.8430529832839966,0.10952387750148773,0.008857247419655323,2,2
TCGA-S3-AA0Z-01A-01-TS1.4DDD6F71-DF24-4B70-A863-9A1163321BBC,0.10037744790315628,0.11281401664018631,0.4982684254646301,0.27255120873451233,0.015988944098353386,2,2
TCGA-S3-AA10-01A-02-TS2.84A28F62-0621-44F8-88A1-E224FC17D6BB,0.3018686771392822,0.08205229043960571,0.15118932723999023,0.44763699173927307,0.017252760007977486,3,3
TCGA-S3-AA11-01A-03-TS3.8C92F642-024A-482C-A5D0-A49910FE31C6,0.01435359101742506,0.023470710963010788,0.9263602495193481,0.03034394048154354,0.005471512209624052,2,2
TCGA-S3-AA12-01A-01-TS1.6A103732-2660-4950-AF2A-D56E107B02D3,0.03768882900476456,0.011223012581467628,0.7351202964782715,0.20516443252563477,0.010803424753248692,2,2
TCGA-S3-AA14-01A-01-TS1.8A693383-EEAF-4F83-9FA1-8F59AB8B619B,0.0037775717210024595,0.03591451793909073,0.906850278377533,0.04660824313759804,0.006849342491477728,2,2
TCGA-S3-AA15-01A-01-TS1.395D6B62-E484-472A-9283-DA4CD6CB4E79,0.1131417453289032,0.1368449479341507,0.5422202944755554,0.14129619300365448,0.0664968267083168,2,2
TCGA-S3-AA17-01A-01-TS1.E8CCA5B9-9FB4-4A1B-AE41-8745D4FAFD8B,0.042816027998924255,0.08585204929113388,0.48703834414482117,0.373885840177536,0.010407708585262299,2,2
TCGA-UL-AAZ6-01A-01-TSA.9B3C23C9-6286-48A3-B084-78E7A7CCE9E1,0.01597272790968418,0.058778066188097,0.6873992681503296,0.23076902329921722,0.007080909796059132,2,2
TCGA-UU-A93S-01A-02-TSB.B831443D-9BE6-43E0-941D-3881CBC80A78,0.08865313977003098,0.20005305111408234,0.46812447905540466,0.2326512336730957,0.010518086142838001,2,2
TCGA-V7-A7HQ-01A-01-TS1.C4700F73-F50C-4E8C-8C2E-909A914A9413,0.015954885631799698,0.05614441633224487,0.7999166250228882,0.11365839093923569,0.014325673691928387,2,2
TCGA-W8-A86G-01A-02-TS2.9B16125F-3F55-4059-98AB-AC9F91DD1FC7,0.044342465698719025,0.05238007754087448,0.7662978768348694,0.09166090190410614,0.045318685472011566,2,2
TCGA-WT-AB41-01A-01-TSA.5F428890-8827-4EC6-A2F4-666075E1C6B7,0.02190050482749939,0.043172214180231094,0.8033290505409241,0.11817001551389694,0.013428221456706524,2,2
TCGA-WT-AB44-01A-01-TS1.B6C0EEDB-E5B9-4B0D-8599-23879A0419EB,0.004884395282715559,0.003494373755529523,0.9731815457344055,0.009711511433124542,0.00872811023145914,2,2
TCGA-XX-A899-01A-01-TS1.2DDFDCB0-BA90-4AFD-BF9A-A7B956B581FE,0.013503753580152988,0.026835108175873756,0.8815842866897583,0.03511106222867966,0.04296576604247093,2,2
TCGA-XX-A89A-01A-01-TS1.AC9C9633-E894-4F0B-B4D5-A9C701A20414,0.048496026545763016,0.03983648121356964,0.7932330965995789,0.05470311641693115,0.06373127549886703,2,2
TCGA-Z7-A8R5-01A-04-TSD.501DD6C7-E797-4D69-B315-FBFFEC297120,0.037005700170993805,0.02518247440457344,0.870583713054657,0.030773289501667023,0.03645477071404457,2,2
TCGA-Z7-A8R6-01A-01-TSA.EED1E5D4-7C9A-45C8-9F11-13F71190A1B1,0.021778276190161705,0.04710586741566658,0.7619155645370483,0.15668407082557678,0.012516231276094913,2,2
