slide,y_pred0,y_pred1,y_pred2,y_pred3,y_pred4,y_pred_class,y_pred_label
01BR001-0684a407-f446-486d-9160-b483cb,0.27243438363075256,0.15381759405136108,0.08603771775960922,0.42500391602516174,0.06270644813776016,3,3
01BR001-09b84012-cb83-4c2e-a33b-ebdb1b,0.3551122546195984,0.15800364315509796,0.04978862404823303,0.4184451997280121,0.018650207668542862,3,3
01BR001-17d55745-4ab3-4a80-a182-af938b,0.24373410642147064,0.1947469562292099,0.06242267042398453,0.4426673352718353,0.05642896890640259,3,3
01BR001-45196bfe-2f9f-41ff-beea-df78b6,0.3438263237476349,0.15797536075115204,0.051279883831739426,0.3574563264846802,0.08946212381124496,3,3
01BR001-4ffefc66-d0ba-4a36-b4fa-35bd91,0.023593347519636154,0.03928336501121521,0.3079104423522949,0.06700995564460754,0.5622028708457947,4,4
01BR001-52216745-06b5-4ac9-b8a8-a6924d,0.17751657962799072,0.1942639946937561,0.1419181376695633,0.370176762342453,0.1161244660615921,3,3
01BR001-fe90ef44-d17c-4ff7-877d-2c7fcb,0.39554980397224426,0.14383235573768616,0.0913613885641098,0.3281936049461365,0.04106283187866211,0,0
01BR008-32269c0c-3ca2-4de1-b314-e9b07c,0.10680559277534485,0.03578280657529831,0.1892947554588318,0.08418653160333633,0.583930253982544,4,4
01BR008-352b41b1-f229-45ff-8a6f-fc1e83,0.3902994394302368,0.15112963318824768,0.09463714808225632,0.24449142813682556,0.11944238096475601,0,0
01BR008-6c59aee1-e310-476f-a15f-d42cb0,0.11719072610139847,0.12071508914232254,0.22889910638332367,0.19416005909442902,0.3390350937843323,4,4
01BR008-cfa2809f-5468-4457-870c-467c39,0.46867889165878296,0.06554064154624939,0.020038355141878128,0.39734673500061035,0.04839527979493141,0,0
01BR008-f8dad8a9-2787-4940-804b-17d53e,0.040733207017183304,0.05033326894044876,0.3742814362049103,0.05932730436325073,0.47532474994659424,4,4
01BR009-0ecabbfa-8095-4875-acdb-051582,0.39699116349220276,0.10351718962192535,0.09781740605831146,0.33335885405540466,0.06831545382738113,0,0
01BR009-91dc9191-3581-483a-819d-090a8b,0.3266325294971466,0.0835019201040268,0.12438751012086868,0.19333799183368683,0.2721400558948517,0,0
01BR009-be7b98ff-aced-4197-9295-245469,0.2195015549659729,0.20837262272834778,0.12217797338962555,0.3077598512172699,0.1421879529953003,3,3
01BR010-26ecef2d-fcf3-4b85-9647-5e5d29,0.3898546099662781,0.1350603550672531,0.10695290565490723,0.23427078127861023,0.13386130332946777,0,0
01BR010-6a7b1cca-d727-4f7e-b4cf-b1dc68,0.09211204200983047,0.22098103165626526,0.07837007194757462,0.4197695851325989,0.1887671947479248,3,3
01BR010-756e7cd6-ecc6-4f07-9b66-080b95,0.08049581944942474,0.3153466284275055,0.21485446393489838,0.297954797744751,0.09134828299283981,1,1
01BR015-3746a6f5-1f2d-40f8-890e-bbec91,0.02053295262157917,0.03229379653930664,0.3412359356880188,0.05219119414687157,0.5537461638450623,4,4
01BR015-42cc89e1-a896-4f57-b8d9-e7fe56,0.15282396972179413,0.15327876806259155,0.153488427400589,0.36011579632759094,0.18029306828975677,3,3
01BR015-ab0986a3-3894-4b82-90de-77df10,0.10463117808103561,0.20184648036956787,0.15866678953170776,0.2770490348339081,0.2578065097332001,3,3
01BR015-cbc186aa-f67c-4c0b-a011-7cfe3a,0.03181187063455582,0.05423039570450783,0.3539736866950989,0.08173169195652008,0.4782523810863495,4,4
01BR015-d2f462c3-78f9-4e62-896e-feeb89,0.035897936671972275,0.06429148465394974,0.31648892164230347,0.07762063294649124,0.505700945854187,4,4
01BR015-f5e22727-85d9-44c4-8143-141fa7,0.07372292131185532,0.24315953254699707,0.157583549618721,0.3616296052932739,0.16390441358089447,3,3
01BR017-09659708-7747-4d59-a3b9-e221e0,0.464375764131546,0.14852914214134216,0.07464069128036499,0.19323375821113586,0.11922067403793335,0,0
01BR017-0c7c8dfb-ef95-4fee-a695-63b786,0.33127108216285706,0.2458648830652237,0.03997814282774925,0.3122287690639496,0.07065713405609131,0,0
01BR018-372816b0-b5d0-437a-bad7-4720f4,0.4839017987251282,0.09989500045776367,0.07927388697862625,0.2866705656051636,0.050258785486221313,0,0
01BR018-b617ca44-7efc-44b7-8198-177cf0,0.5596681237220764,0.06764043867588043,0.03518488630652428,0.30620720982551575,0.03129933029413223,0,0
01BR018-d154d194-2b08-46d4-a199-84cfb8,0.3422399163246155,0.15195097029209137,0.04357093200087547,0.3524625301361084,0.1097756177186966,3,3
01BR018-ff622e7e-eaaa-4118-98a8-888e03,0.1832786202430725,0.25455108284950256,0.06451036781072617,0.4205629229545593,0.07709699869155884,3,3
01BR020-3fd68501-514a-4a30-9ce1-2fca26,0.23817481100559235,0.1829923540353775,0.057928603142499924,0.4815284013748169,0.039375800639390945,3,3
01BR020-7fb8fff9-3bad-4380-9cd8-87424a,0.11281081289052963,0.21947726607322693,0.20932726562023163,0.2782672941684723,0.18011730909347534,3,3
01BR020-ae39e0b3-ea37-47e0-a0bc-94be4e,0.156496062874794,0.12000398337841034,0.2854956388473511,0.23370565474033356,0.20429861545562744,2,2
01BR020-f13b2dff-9f46-4c80-aaad-611a77,0.1601998656988144,0.15743710100650787,0.09801298379898071,0.511124312877655,0.07322575151920319,3,3
01BR020-f594968c-3bc6-4d05-9499-99a6ad,0.05767618864774704,0.1313111037015915,0.3018472492694855,0.1186438575387001,0.3905216455459595,4,4
01BR023-7aa930f5-4933-4cea-9f24-a132f7,0.22880353033542633,0.13552378118038177,0.17998969554901123,0.3412458002567291,0.11443720757961273,3,3
01BR023-87192ab5-9b6a-405d-8dbd-9daf7e,0.283324271440506,0.07459316402673721,0.13793103396892548,0.41085147857666016,0.093299999833107,3,3
01BR023-c875a9a4-035f-425a-9348-26129c,0.08487959206104279,0.0620877742767334,0.2635174095630646,0.47688183188438416,0.11263339966535568,3,3
01BR023-d57e2812-f7df-454f-b392-5dd75f,0.15938210487365723,0.10057853907346725,0.24292291700839996,0.3894045948982239,0.10771193355321884,3,3
01BR023-ff090d2c-4e0e-4d86-8412-f5e392,0.12838543951511383,0.08140277117490768,0.298077255487442,0.24409568309783936,0.2480388879776001,2,2
01BR025-6bff7669-f33e-49b3-9567-0c397e,0.05816325917840004,0.10795220732688904,0.30230069160461426,0.23266959190368652,0.2989143133163452,2,2
01BR025-8592b456-77df-4bb5-989a-304771,0.17259635031223297,0.22758759558200836,0.06794607639312744,0.48762544989585876,0.044244490563869476,3,3
01BR025-8d33866a-54b1-4fba-ae84-ef4324,0.027514535933732986,0.05563398078083992,0.30842262506484985,0.18179285526275635,0.4266359508037567,4,4
01BR025-a93bcee2-8d3b-4665-90c7-0119aa,0.17603662610054016,0.14214962720870972,0.16784003376960754,0.23356886208057404,0.28040486574172974,4,4
01BR025-bc811591-bfa9-424d-bb69-895fdd,0.04224703088402748,0.06221286207437515,0.32535868883132935,0.19713763892650604,0.3730437457561493,4,4
01BR025-d6d42051-ad8e-4fb2-8cfc-829353,0.2105773389339447,0.14368756115436554,0.09590256214141846,0.46370741724967957,0.08612509071826935,3,3
01BR026-0f9b1f0c-742d-453d-9232-c7cc0c,0.24170039594173431,0.32964298129081726,0.06385733932256699,0.2698499858379364,0.09494925290346146,1,1
01BR026-58a48d14-52ae-42b3-9d12-6bc844,0.1125267744064331,0.24487042427062988,0.1310970038175583,0.3988507390022278,0.11265505105257034,3,3
01BR026-884659ef-cce7-4b4a-b28b-0e1f49,0.15451517701148987,0.1642913818359375,0.11382107436656952,0.249258354306221,0.3181140124797821,4,4
01BR027-0ad3c4d2-928f-435e-aca3-b5587a,0.14972640573978424,0.06473904848098755,0.35389041900634766,0.14630602300167084,0.2853381037712097,2,2
01BR027-1990853a-0e82-40b3-a025-91cdc1,0.4001312553882599,0.10604401677846909,0.028004636988043785,0.4499104917049408,0.015909608453512192,3,3
01BR027-1ee8127a-ff87-49fe-a2f4-398d08,0.2370682805776596,0.0821843147277832,0.22880810499191284,0.17232614755630493,0.2796132564544678,4,4
01BR027-64ee175f-f3ce-446e-bbf4-9b6fa8,0.052688516676425934,0.038055699318647385,0.2548906207084656,0.0399281270802021,0.6144369840621948,4,4
01BR027-ba7369f0-13fd-47be-b680-ecc260,0.5083377361297607,0.1774723380804062,0.04533467814326286,0.23520119488239288,0.033654022961854935,0,0
01BR027-be05f040-6265-45bf-98bd-c93df2,0.28097811341285706,0.23082001507282257,0.05838124826550484,0.3868785798549652,0.042942095547914505,3,3
01BR027-c8c553f4-d32e-4363-b3b4-754b8e,0.6317138671875,0.09017995744943619,0.030110564082860947,0.22383184731006622,0.024163778871297836,0,0
01BR030-1f5a9aad-61a1-4a64-a9b0-38cd2b,0.1284937858581543,0.16529762744903564,0.08428525179624557,0.4683118164539337,0.15361154079437256,3,3
01BR030-6e598525-34d9-4355-af70-e56f92,0.30790117383003235,0.1811506301164627,0.0664285197854042,0.36477014422416687,0.07974950969219208,3,3
01BR030-cd28e2a2-dfc4-4176-a77c-388162,0.14688608050346375,0.15169978141784668,0.12821273505687714,0.32801976799964905,0.24518166482448578,3,3
01BR030-e9ac0447-658b-4d4f-a6b5-f0e546,0.06821822375059128,0.21121226251125336,0.2013237327337265,0.3969862759113312,0.12225952744483948,3,3
01BR030-f3cf4b6c-c7bc-42cb-a005-99e924,0.07541276514530182,0.18934477865695953,0.20710159838199615,0.36195018887519836,0.16619066894054413,3,3
01BR031-223a7222-d281-4bc3-865b-f774e2,0.38363349437713623,0.15011651813983917,0.050037942826747894,0.27561500668525696,0.14059700071811676,0,0
01BR031-88b01079-a734-48dc-beb6-a7e01e,0.2743160128593445,0.1631537675857544,0.13538849353790283,0.30800697207450867,0.11913471668958664,3,3
01BR031-96c52a27-3d9a-49e7-8ae8-a71e7c,0.43028581142425537,0.12901708483695984,0.03560960665345192,0.3190590441226959,0.08602835237979889,0,0
01BR031-9a7a5a9a-f268-4cb6-bf68-73ee90,0.33817794919013977,0.164730966091156,0.05961916595697403,0.28557029366493225,0.15190163254737854,0,0
01BR032-05415eac-9d5b-4778-844d-10e87a,0.3966885507106781,0.08352477103471756,0.07881362736225128,0.3248533606529236,0.1161196380853653,0,0
01BR032-08cd7236-e3b2-4ff8-a0e4-a29025,0.8096297383308411,0.013204717077314854,0.028008654713630676,0.10079102218151093,0.04836582392454147,0,0
01BR032-26375bc1-4b1c-4156-a5cb-aa50f4,0.504115641117096,0.07804171741008759,0.06930370628833771,0.22765156626701355,0.1208874061703682,0,0
01BR032-424a92f6-54f7-407c-99e8-5e3396,0.5260448455810547,0.06251640617847443,0.07865799963474274,0.22033873200416565,0.1124420240521431,0,0
01BR032-e5e1306b-719e-4c3e-b85b-fd1231,0.4894556403160095,0.06817177683115005,0.06053102761507034,0.31335127353668213,0.06849034130573273,0,0
01BR033-3329b802-e49f-4494-b645-868a25,0.14965812861919403,0.1503598839044571,0.23381970822811127,0.14916656911373138,0.3169957101345062,4,4
01BR033-51169051-52ff-4b66-96a0-86f3f4,0.05295566841959953,0.1889704167842865,0.2971247434616089,0.20415440201759338,0.2567947804927826,2,2
01BR033-95c7fa7b-05b5-4b37-be5f-cf882e,0.0813116505742073,0.24949823319911957,0.14630162715911865,0.18665248155593872,0.33623605966567993,4,4
01BR033-c646b902-e1e0-4e3e-a4c5-daca71,0.05851559713482857,0.19853635132312775,0.21731449663639069,0.17363078892230988,0.3520027995109558,4,4
01BR040-4a25e3da-2226-4e23-a595-c11709,0.6109818816184998,0.04777432233095169,0.028327932581305504,0.28282541036605835,0.03009047545492649,0,0
01BR040-4d95198c-ff9e-493d-8c10-106457,0.04393274709582329,0.09182661026716232,0.2941983640193939,0.15266144275665283,0.41738080978393555,4,4
01BR040-7a6b801c-3099-43ac-bd2b-d2f1c3,0.05280134081840515,0.10015460848808289,0.26081493496894836,0.1301375925540924,0.45609158277511597,4,4
01BR040-f9a0cd33-c76c-42ab-8876-c6d26a,0.47532543540000916,0.11866123974323273,0.04939543083310127,0.31533384323120117,0.041284020990133286,0,0
01BR042-078b1b83-8390-47aa-a591-ced590,0.31569045782089233,0.17993736267089844,0.015930300578475,0.4589337706565857,0.02950809709727764,3,3
01BR042-1528969,0.13494035601615906,0.1937057077884674,0.0489455908536911,0.5603602528572083,0.06204809620976448,3,3
01BR042-4df35993-eab6-4289-822c-d77da9,0.2172928899526596,0.17771585285663605,0.023343458771705627,0.5668911337852478,0.014756628312170506,3,3
01BR042-7878626f-34a4-44c1-886c-bcf853,0.013007055036723614,0.03681665658950806,0.32786649465560913,0.05422304943203926,0.5680868029594421,4,4
01BR042-7a601630-de0b-4ebd-83e4-8b27b3,0.030713431537151337,0.052793245762586594,0.30204933881759644,0.09019006788730621,0.5242539048194885,4,4
01BR042-8030facb-2100-4349-9120-3c84a3,0.2470887154340744,0.12441013753414154,0.02897713892161846,0.582161009311676,0.017363063991069794,3,3
01BR042-8e8f8e44-d8ef-49de-9d4e-da6e3f,0.025189727544784546,0.03241478279232979,0.3364446759223938,0.09212411195039749,0.5138267278671265,4,4
01BR042-c42470e1-a0c6-418a-9c8f-4f6e4e,0.12166372686624527,0.2781647741794586,0.03785838931798935,0.42043793201446533,0.14187516272068024,3,3
01BR042-c8cecb9a-3c9f-4fe9-97a4-00400f,0.32997819781303406,0.30394649505615234,0.015521401539444923,0.24601493775844574,0.10453897714614868,0,0
01BR042-de60c13a-d8b5-4476-ac87-ea1e05,0.0828615128993988,0.13451772928237915,0.19659049808979034,0.08885688334703445,0.4971732795238495,4,4
01BR043-a51548ca-b056-4218-bf6e-53cf5a,0.35478299856185913,0.17298609018325806,0.10840430855751038,0.27071714401245117,0.09310939162969589,0,0
01BR043-c4015b28-269b-4dc4-8b2e-1b83f7,0.3344373106956482,0.15399491786956787,0.10676462203264236,0.30882537364959717,0.0959777757525444,0,0
01BR043-fcb8ec43-9ac0-44d6-a9af-d5affd,0.2983231842517853,0.237913116812706,0.08423556387424469,0.1709691882133484,0.20855891704559326,0,0
03BR002-5043d744-7068-49a5-bab0-bf3524,0.01998244598507881,0.06446713954210281,0.27422821521759033,0.446548193693161,0.19477395713329315,3,3
03BR002-837e179b-3840-4aed-a62f-e3073a,0.0361073799431324,0.09655854105949402,0.21063581109046936,0.45998629927635193,0.19671191275119781,3,3
03BR002-ca576d30-be91-4bf5-a31d-80f7eb,0.03536059334874153,0.13101628422737122,0.2650647461414337,0.40562596917152405,0.16293245553970337,3,3
03BR004-4683de9c-49ca-4ddd-9d1a-be8121,0.08655733615159988,0.16158613562583923,0.18532708287239075,0.4678364098072052,0.09869304299354553,3,3
03BR004-6de0c179-e588-4cfc-9f37-04ae93,0.04922441393136978,0.13604497909545898,0.11942590773105621,0.6300175189971924,0.06528717279434204,3,3
03BR004-fb43e8d5-50ba-48ec-b2cd-808796,0.05739083141088486,0.11515799909830093,0.13898113369941711,0.6358999013900757,0.05257011950016022,3,3
03BR005-7bd93924-407e-4d65-b595-b9b8f2,0.011017530225217342,0.023513998836278915,0.35345879197120667,0.03947209194302559,0.5725375413894653,4,4
03BR005-96c95de1-514b-44a5-b487-dc390b,0.020694175735116005,0.024099431931972504,0.30551889538764954,0.053368743509054184,0.596318781375885,4,4
03BR006-071be0fb-b7fd-4165-b3c5-348352,0.5261849761009216,0.07705310732126236,0.04205657169222832,0.33202478289604187,0.022680582478642464,0,0
03BR006-b3160d68-1004-43fb-a2d6-d114a3,0.39614567160606384,0.11608163267374039,0.07441069185733795,0.3791487514972687,0.03421333432197571,0,0
03BR006-beaecafd-0aa8-40bb-8696-eb6ad8,0.5056769847869873,0.04045041278004646,0.029693689197301865,0.4018159508705139,0.022362979128956795,0,0
03BR010-49f55bd6-a89a-4d18-b732-139c3d,0.10944639891386032,0.06429028511047363,0.21880418062210083,0.4434511661529541,0.1640079915523529,3,3
03BR010-75d60147-1986-49da-a10a-d459e3,0.09665833413600922,0.06874196976423264,0.22319915890693665,0.4731259346008301,0.13827461004257202,3,3
03BR010-cc240346-44dd-4d54-baf7-aa97eb,0.08746640384197235,0.06891021132469177,0.20537693798542023,0.30772241950035095,0.33052393794059753,4,4
03BR010-cdde7b93-8293-48a9-9c70-7935c5,0.06460350006818771,0.05937442183494568,0.2508808970451355,0.28457215428352356,0.34056898951530457,4,4
03BR011-3a210a6b-bdf1-4407-94c8-7bb085,0.040969811379909515,0.1060929149389267,0.2946663498878479,0.314389705657959,0.2438812404870987,3,3
03BR011-60c8c914-f53d-4f72-a1ce-5fb803,0.06423670798540115,0.08420919626951218,0.2087135761976242,0.37771788239479065,0.2651227116584778,3,3
03BR011-b974c340-0da5-49b2-a12e-c2928c,0.05757274106144905,0.09699242562055588,0.2883946895599365,0.31979724764823914,0.2372428923845291,3,3
03BR011-c21c52d9-2a66-4c6d-aa1b-f950ef,0.052337341010570526,0.10488656163215637,0.2619296908378601,0.3538491129875183,0.22699731588363647,3,3
03BR013-01f203fd-e664-4d78-bea0-7c40cf,0.07943391799926758,0.16395530104637146,0.18082499504089355,0.4896606206893921,0.08612518757581711,3,3
03BR013-1a268199-96e4-486b-a7ec-95344c,0.044719062745571136,0.08468765765428543,0.36349692940711975,0.23897035419940948,0.2681260406970978,2,2
03BR013-bf51b8a5-c19d-48b7-9bd6-371258,0.059326980262994766,0.10355708748102188,0.24923871457576752,0.45277300477027893,0.1351042091846466,3,3
03BR013-d0dd0347-9b0f-46fe-8d62-bf17f3,0.045825663954019547,0.07352327555418015,0.29482582211494446,0.2211303859949112,0.36469486355781555,4,4
05BR001-55d3d4bb-0bf5-4b4e-8ef8-d77a5d,0.14977087080478668,0.18246252834796906,0.04063069820404053,0.5769413113594055,0.050194624811410904,3,3
05BR001-8169ff83-1e64-4ad7-9e09-f4d0a4,0.11817952245473862,0.16409382224082947,0.030011381953954697,0.6442153453826904,0.04349992424249649,3,3
05BR001-e8d558c5-1384-4f8e-92c6-7f9703,0.16178561747074127,0.12447575479745865,0.03500645235180855,0.6232037544250488,0.05552840977907181,3,3
05BR003-3b10c68f-43af-4570-9eb7-651fe8,0.04449072852730751,0.047559332102537155,0.27475476264953613,0.3829641044139862,0.2502310872077942,3,3
05BR003-c068f33d-49db-4e73-b31d-0efc93,0.05386202409863472,0.06303366273641586,0.1938813328742981,0.5791036486625671,0.11011933535337448,3,3
05BR003-ffc76bfb-61f6-4492-a782-c23321,0.13528870046138763,0.07378272712230682,0.2651355564594269,0.205230250954628,0.32056280970573425,4,4
05BR004-4802f557-421b-450e-a033-8b6747,0.039813410490751266,0.0774858146905899,0.30525365471839905,0.3227376341819763,0.25470951199531555,3,3
05BR004-71e07184-b085-4d3d-aabf-6e1420,0.042659372091293335,0.04555562883615494,0.225301593542099,0.3394603729248047,0.34702298045158386,4,4
05BR004-87256be4-f6a5-43ba-8030-c5666f,0.03271905705332756,0.07670903950929642,0.23320302367210388,0.32218050956726074,0.3351883888244629,4,4
05BR005-6838157f-361d-4e95-b933-35bd46,0.04738111421465874,0.16370800137519836,0.3264692425727844,0.365786075592041,0.09665557742118835,3,3
05BR005-c6e0280a-f739-474e-9bcd-821221,0.045278120785951614,0.1388317197561264,0.24596719443798065,0.48184558749198914,0.08807740360498428,3,3
05BR009-48d1b543-dbf6-4594-b34a-d0e30a,0.036413852125406265,0.04754762351512909,0.2348884493112564,0.14165467023849487,0.5394953489303589,4,4
05BR009-5a868e78-9af2-4d4c-93dd-5d06d1,0.02265981025993824,0.027429839596152306,0.2562244236469269,0.0641152635216713,0.6295706629753113,4,4
05BR009-c653d9c8-16fe-4dae-b6a5-c3cb8e,0.022226694971323013,0.03391077741980553,0.3007999062538147,0.07603120058774948,0.5670313835144043,4,4
05BR016-1861980b-16cc-40f8-be01-1aacc7,0.060256458818912506,0.09082740545272827,0.07792316377162933,0.7293247580528259,0.041668254882097244,3,3
05BR016-3f957017-d081-45f4-b458-ec3f8d,0.13297607004642487,0.09964025765657425,0.08298557251691818,0.6322768330574036,0.05212129279971123,3,3
05BR026-129482fa-fd38-4502-902a-96a2bd,0.0859636664390564,0.05228590592741966,0.26985394954681396,0.15239709615707397,0.4394993484020233,4,4
05BR026-300eb95c-71ac-433f-bd06-e0c486,0.029177872464060783,0.07242418825626373,0.30604150891304016,0.31057167053222656,0.2817848026752472,3,3
05BR026-c19af02c-8e00-4169-9d43-c60995,0.0181356742978096,0.03592372685670853,0.38107454776763916,0.171962708234787,0.39290332794189453,4,4
05BR029-1dbc76a2-76bf-44fb-8663-923093,0.5220656991004944,0.012995139695703983,0.008584503084421158,0.4427999258041382,0.013554764911532402,0,0
05BR029-6f654835-8546-4ec0-abfb-437f8a,0.6627990007400513,0.018683653324842453,0.009019353426992893,0.2940041124820709,0.01549393031746149,0,0
05BR029-7ac27de9-0932-4ff5-aab8-29c527,0.08886692672967911,0.10366646200418472,0.25514745712280273,0.10862518846988678,0.44369399547576904,4,4
05BR029-7f876327-3976-4cc5-a07b-3a469d,0.09018207341432571,0.08720941841602325,0.1823856383562088,0.14375923573970795,0.49646368622779846,4,4
05BR029-afd16022-38d1-4e61-8519-80e355_1,0.747921347618103,0.023375751450657845,0.006546138785779476,0.20562811195850372,0.016528679057955742,0,0
05BR029-afd16022-38d1-4e61-8519-80e355_2,0.6721235513687134,0.029698915779590607,0.007370921783149242,0.26761582493782043,0.023190783336758614,0,0
05BR029-afd16022-38d1-4e61-8519-80e355_3,0.587130606174469,0.03609851747751236,0.012882261537015438,0.3354419767856598,0.028446635231375694,0,0
05BR029-c5c7be2d-0a92-46c9-adf5-1c2fff,0.09858081489801407,0.12654545903205872,0.2041286826133728,0.16618748009204865,0.4045575261116028,4,4
05BR029-d0ce3c06-9c4c-41bd-b583-9254b0,0.5871302485466003,0.03609846904873848,0.012882259674370289,0.33544236421585083,0.02844664454460144,0,0
05BR038-4a5ceb1e-4c30-4386-86ff-8f49a8,0.07201996445655823,0.08574765920639038,0.3523314893245697,0.2635619640350342,0.2263389676809311,2,2
05BR038-b27211b5-7ee1-4e3a-af73-e227b1,0.05521634221076965,0.13636231422424316,0.10445288568735123,0.6401088833808899,0.06385961920022964,3,3
05BR042-03b1dd0a-cf2b-4d30-a959-824dd7,0.06141835078597069,0.11965812742710114,0.27420446276664734,0.2742491662502289,0.27046990394592285,3,3
05BR042-812f981e-342b-428f-833b-088213,0.1765129566192627,0.1003815233707428,0.09037236869335175,0.5768648982048035,0.055868301540613174,3,3
05BR042-9992e6a0-ccce-4cb6-8efa-d53c8e,0.09557995945215225,0.17160460352897644,0.23360693454742432,0.2798369228839874,0.21937157213687897,3,3
05BR042-9dae1c88-5ae9-45b3-9464-c9c6a9,0.3292272090911865,0.11923395842313766,0.09703492373228073,0.40181753039360046,0.05268634855747223,3,3
05BR042-eacd6ed1-4902-4460-831a-08ca2b,0.07930166274309158,0.1131187230348587,0.3539840579032898,0.2904028296470642,0.16319280862808228,2,2
05BR043-053822ad-fb86-41a4-b481-186232,0.01744956709444523,0.025769708678126335,0.34018516540527344,0.06375784426927567,0.5528377294540405,4,4
05BR043-3e60e5e5-7d0a-464f-9b27-1179bd,0.10879490524530411,0.2224031388759613,0.07122033089399338,0.522096574306488,0.07548503577709198,3,3
05BR043-51237920-ce43-4667-888e-ab5f70,0.02045224793255329,0.04797966778278351,0.4806002974510193,0.09800981730222702,0.35295793414115906,2,2
05BR043-6eaf19bf-dd93-4b0b-93c5-e2bca3,0.2837150990962982,0.18142299354076385,0.04578792303800583,0.45280298590660095,0.036271024495363235,3,3
05BR043-8427fcfa-5148-4443-9dd3-15fbf2,0.06837132573127747,0.18749460577964783,0.10665906965732574,0.542504608631134,0.09497043490409851,3,3
05BR044-75cc14b4-295b-4385-b8b6-b05fa5,0.05091946944594383,0.05209347978234291,0.39330723881721497,0.10393867641687393,0.39974114298820496,4,4
05BR044-d14f8327-a44a-4162-8f82-c70b0f,0.07472430169582367,0.06437573581933975,0.4619148373603821,0.09851043671369553,0.3004746735095978,2,2
05BR044-ee1ff4e2-97d8-4db3-8c48-ca72da,0.062284067273139954,0.18580493330955505,0.17718276381492615,0.46568116545677185,0.10904710739850998,3,3
05BR045-0c729022-9c7d-4094-b2f7-6be7fa,0.07993103563785553,0.12067102640867233,0.12785980105400085,0.6092923879623413,0.06224571913480759,3,3
05BR045-43ee71f4-d891-49ae-b88d-c535cb,0.057461194694042206,0.03828248009085655,0.3119810223579407,0.05834703892469406,0.5339282751083374,4,4
05BR045-6f596915-7781-4d67-b012-bedcd5,0.03854966163635254,0.027737392112612724,0.32253366708755493,0.058087315410375595,0.5530920028686523,4,4
05BR045-c9f7d90d-93b6-47bc-8dc5-274004,0.04772316291928291,0.14008700847625732,0.12381765246391296,0.6332025527954102,0.05516952648758888,3,3
05BR045-fd2d8d66-5c72-4660-b95a-718ae1,0.053342707455158234,0.07515677064657211,0.09418902546167374,0.7442435026168823,0.03306799381971359,3,3
06BR003-31b13596-554e-452f-91a4-7e67a8,0.14079846441745758,0.17230601608753204,0.13325269520282745,0.49904802441596985,0.054594796150922775,3,3
06BR003-4f6b74fb-8b2e-40e2-87a5-02817e,0.10853832215070724,0.14783453941345215,0.08400377631187439,0.6048452258110046,0.05477811023592949,3,3
06BR003-eaead850-f98d-4156-9c06-2fc217,0.12205023318529129,0.18807335197925568,0.14337125420570374,0.4197685718536377,0.12673652172088623,3,3
06BR005-25db2586-55b0-4456-9bba-c24e06,0.0514683723449707,0.14625215530395508,0.09012525528669357,0.6552715301513672,0.056882672011852264,3,3
06BR005-985f9f08-31c0-4427-a669-d3cd08,0.05573050677776337,0.13165715336799622,0.058188386261463165,0.7171685695648193,0.0372554250061512,3,3
06BR005-a2d93c28-156a-43dc-a587-5edcbf,0.11238836497068405,0.1460762917995453,0.2875671684741974,0.2283865362405777,0.22558164596557617,2,2
06BR005-f8057e73-15c4-4e87-89c6-b2bf98,0.11356620490550995,0.10126113891601562,0.11271067708730698,0.6082960367202759,0.06416597962379456,3,3
06BR006-3799eeb5-c966-4059-a78f-ace269,0.07088237255811691,0.09810895472764969,0.3972092568874359,0.11540418118238449,0.3183952271938324,2,2
06BR006-dac22a3e-dafb-4fe0-bdb5-a64555,0.02458340674638748,0.04626956582069397,0.45589661598205566,0.07690650969743729,0.3963439166545868,2,2
06BR006-e184441b-c087-4c93-94b3-1357ce,0.031737927347421646,0.04505867883563042,0.4330759644508362,0.06868243962526321,0.42144501209259033,2,2
06BR014-394bb538-0618-46ed-b807-983fb7,0.06188352778553963,0.07902895659208298,0.27840298414230347,0.4050385653972626,0.17564594745635986,3,3
06BR014-b2d62dca-3741-4d59-92b8-bdcfed,0.04178069904446602,0.04594859108328819,0.42749685049057007,0.36714813113212585,0.11762580275535583,2,2
09BR001-20506075-36a7-4754-8e5e-628918,0.18576975166797638,0.15365368127822876,0.06242186576128006,0.5627652406692505,0.035389408469200134,3,3
09BR001-4794b0ee-a3b1-44d2-affd-e545d7,0.11287367343902588,0.14310213923454285,0.08578161895275116,0.6333604454994202,0.02488209493458271,3,3
09BR001-e98de274-31fa-4a29-8c19-07e840,0.22051721811294556,0.11412333697080612,0.0827212929725647,0.5518131852149963,0.03082496114075184,3,3
09BR004-8a5b1a0a-b30e-47e8-a498-d0d85b,0.15522362291812897,0.19177523255348206,0.053386662155389786,0.5499133467674255,0.04970111697912216,3,3
09BR004-b111fe47-a1f1-4e86-93f0-f91dae,0.18690745532512665,0.1663535088300705,0.0410054475069046,0.5639459490776062,0.04178763926029205,3,3
09BR004-cfc121b5-9562-4a6d-b792-3cd6d5,0.22960223257541656,0.17409858107566833,0.03823770955204964,0.49028560519218445,0.0677759051322937,3,3
09BR005-150c2086-1815-40d2-bc5d-8eeb48,0.08891239762306213,0.1428575962781906,0.1161130741238594,0.5955331325531006,0.056583814322948456,3,3
09BR005-8dc13656-a9c0-4b99-b02d-650893,0.1157693862915039,0.1407453715801239,0.09002269804477692,0.6250004172325134,0.02846212312579155,3,3
09BR005-db4c7d25-8920-4968-983a-d5b11e,0.09402608871459961,0.16887712478637695,0.12390295416116714,0.5759897828102112,0.0372040793299675,3,3
09BR007-6cb5d29a-9437-430d-b91c-57ee3d,0.12847383320331573,0.0920288935303688,0.24745124578475952,0.17497757077217102,0.35706838965415955,4,4
09BR007-ab2112ce-3ad3-4549-9089-8eeec2,0.10379081219434738,0.20830018818378448,0.10681135952472687,0.4089660346508026,0.17213158309459686,3,3
09BR007-ee80e8bb-0d9e-4682-9b5b-4d31a2,0.10594332218170166,0.15397384762763977,0.16670233011245728,0.4803910553455353,0.09298936277627945,3,3
11BR003-2dc74c29-2e89-4600-80bf-1e3637,0.2268371433019638,0.11964505165815353,0.053282443434000015,0.4969991445541382,0.10323624312877655,3,3
11BR003-944793e9-96c2-4820-abb8-8f72f6,0.26454317569732666,0.10163335502147675,0.039892155677080154,0.5165399312973022,0.0773913562297821,3,3
11BR004-f33d08f0-f15c-4f34-90ba-7cbe75,0.0599452368915081,0.20695073902606964,0.07241744548082352,0.619551956653595,0.04113468900322914,3,3
11BR006-3208e021-1dae-42fd-bd36-0f3c3d,0.020014213398098946,0.04857977107167244,0.31900468468666077,0.10071778297424316,0.5116835236549377,4,4
11BR006-a3e2ab4d-ef4a-497e-b0d2-e8d1cf,0.03536764532327652,0.06065007299184799,0.29902178049087524,0.1717812865972519,0.43317916989326477,4,4
11BR006-d13b451c-a4c0-4987-b1e9-31538f,0.07303127646446228,0.10404974967241287,0.3451704978942871,0.2358839213848114,0.24186453223228455,2,2
11BR009-3324361b-df55-4e53-a2ef-4f8df2,0.3441731929779053,0.060381341725587845,0.08579224348068237,0.44466665387153625,0.06498653441667557,3,3
11BR009-b5e2b61c-e6bb-4f4e-aa7f-e5ce4c,0.1937035620212555,0.044861964881420135,0.08366328477859497,0.6375652551651001,0.04020589590072632,3,3
11BR010-436db08d-c316-44b5-b0de-62617d,0.06250350177288055,0.12446524947881699,0.09726768732070923,0.6617696285247803,0.05399392172694206,3,3
11BR010-b636e07f-36aa-4030-a5a9-41976d,0.04539010301232338,0.15541823208332062,0.18410006165504456,0.5287540555000305,0.08633753657341003,3,3
11BR011-bc9fe67f-c4a2-43ba-87bd-438bda,0.12237881124019623,0.11374182254076004,0.06404422968626022,0.6573278903961182,0.042507272213697433,3,3
11BR011-e8e402da-3ff0-40b4-aa4b-c33c7f,0.12378072738647461,0.09921179711818695,0.06395260989665985,0.662368893623352,0.05068594589829445,3,3
11BR012-98225215-ff21-4893-8b6d-d9b7e7,0.10620427131652832,0.08323036879301071,0.08611500263214111,0.6479231715202332,0.07652714848518372,3,3
11BR012-a64c0739-cb8c-4b5c-ac5a-6ddd81,0.08108528703451157,0.08486848324537277,0.10058926045894623,0.6426274180412292,0.09082958102226257,3,3
11BR013-f6b4600e-5fa0-468c-ace3-b570f2,0.04413546249270439,0.04119759798049927,0.3071061968803406,0.27768340706825256,0.3298773169517517,4,4
11BR013-faadb553-9437-42cb-b469-498d67,0.1439959704875946,0.06787431240081787,0.2006470113992691,0.2628202438354492,0.3246625065803528,4,4
11BR014-ddc680ad-63cf-4807-b535-9ccc88,0.054345231503248215,0.1291959285736084,0.22536127269268036,0.40282443165779114,0.18827304244041443,3,3
11BR014-e42ecbe9-4b55-472c-88fc-95caf2,0.05163585767149925,0.13808579742908478,0.23214979469776154,0.40850552916526794,0.169623002409935,3,3
11BR015-22603671-d3ac-493b-ae2a-11c781,0.07832765579223633,0.07426298409700394,0.27647167444229126,0.42932602763175964,0.14161169528961182,3,3
11BR015-cab796c6-0129-43cf-bd27-7da395,0.10601213574409485,0.11947551369667053,0.1649491935968399,0.5184730291366577,0.0910901352763176,3,3
11BR016-a7d58d61-5049-488f-9d0a-0a4411,0.2623846232891083,0.10494503378868103,0.060174666345119476,0.4869256913661957,0.08556991070508957,3,3
11BR016-f289a06c-b64b-4bf9-8469-645f32,0.10215174406766891,0.09758985787630081,0.09094128012657166,0.6103001832962036,0.099016934633255,3,3
11BR017-241c8dec-b317-4794-8cc2-07c14c,0.31141236424446106,0.14646358788013458,0.06343967467546463,0.3956656754016876,0.08301866054534912,3,3
11BR017-628e6c0e-f7cc-4acc-9d1d-f78b6b,0.04397469386458397,0.059320855885744095,0.2673340141773224,0.11346447467803955,0.515906035900116,4,4
11BR017-82999099-7e55-4fd5-ab7a-e0db03,0.2848990857601166,0.1677592396736145,0.04510454088449478,0.4404487907886505,0.06178833916783333,3,3
11BR018-2f9bd26b-9260-4ca6-8bae-42a2a3,0.027211613953113556,0.03396095335483551,0.24396468698978424,0.11166982352733612,0.5831928849220276,4,4
11BR018-401dde59-e3ac-4fe3-b747-4c718b,0.031090082600712776,0.06099643185734749,0.2835761606693268,0.11388009786605835,0.5104572772979736,4,4
11BR018-855256a7-e41e-4158-b02f-ba61a9,0.02350139431655407,0.03015103004872799,0.2413012683391571,0.09604392200708389,0.6090023517608643,4,4
11BR018-e7ee7105-8630-4f1a-9967-e47c88,0.024237511679530144,0.041330285370349884,0.3144911229610443,0.11043679714202881,0.5095042586326599,4,4
11BR019-8dd1d8be-dc7e-44f5-9f44-77ecf0,0.4549139738082886,0.06544677913188934,0.05220005288720131,0.3858194053173065,0.041619814932346344,0,0
11BR019-9bfbb0d0-3858-4672-b057-cf7b1f,0.4896925687789917,0.06186215579509735,0.05952247604727745,0.3431348204612732,0.04578804597258568,0,0
11BR020-428de0d4-7f84-4075-bae1-352af6,0.07065554708242416,0.08094728738069534,0.25810331106185913,0.1646517813205719,0.4256420433521271,4,4
11BR020-6b3094ee-73cb-48a2-8444-1fc52d,0.09302733093500137,0.07820351421833038,0.2515113949775696,0.16960708796977997,0.4076506793498993,4,4
11BR020-94176301-9658-4151-9110-5139de,0.15795423090457916,0.14801599085330963,0.11670389771461487,0.4610980749130249,0.11622782796621323,3,3
11BR020-e28fb3aa-5665-4e8e-b8f3-a00e07,0.22577834129333496,0.15739834308624268,0.1195070669054985,0.41527852416038513,0.08203769475221634,3,3
11BR022-da3d7876-ca79-4f21-a00e-27e6b6,0.10215198993682861,0.14271028339862823,0.15618354082107544,0.47242555022239685,0.12652863562107086,3,3
11BR022-faeb2336-2b6a-49de-a03e-9f8ece,0.09176992624998093,0.1557920277118683,0.14430110156536102,0.4611739218235016,0.1469629853963852,3,3
11BR023-079b5600-6afc-4785-bb22-48cfab,0.2536352872848511,0.14811158180236816,0.05484411492943764,0.4689066708087921,0.0745023638010025,3,3
11BR023-0a80d3c4-0758-447a-958c-ea868c,0.054902881383895874,0.04926546663045883,0.3361903131008148,0.09849344193935394,0.46114790439605713,4,4
11BR023-3fcdf59d-15ef-4b40-884b-168580,0.32218828797340393,0.14248104393482208,0.09778410941362381,0.37981316447257996,0.05773339048027992,3,3
11BR023-940d78ca-1ccb-47e3-9a5e-6f0ae3,0.027242319658398628,0.029656605795025826,0.27807843685150146,0.07002455741167068,0.5949980616569519,4,4
11BR024-288b55c5-f1b1-421f-ac98-c28842,0.3011215627193451,0.15882271528244019,0.056077636778354645,0.42618370056152344,0.05779437720775604,3,3
11BR024-53723086-8858-4395-93d7-0baa68,0.158922016620636,0.06342977285385132,0.14960189163684845,0.06066005304455757,0.567386269569397,4,4
11BR024-9efd41a5-3db1-445b-accb-040c2b,0.407398521900177,0.1370851993560791,0.034292299300432205,0.3509426712989807,0.0702812522649765,0,0
11BR024-e9eb8ae9-df63-448a-bca2-34d3a5,0.05913463234901428,0.04727472364902496,0.2735418677330017,0.08021025359630585,0.5398385524749756,4,4
11BR025-8d7fc1ef-a0ac-44bb-8381-1444a0,0.13641415536403656,0.10042869299650192,0.14387363195419312,0.5132920742034912,0.1059914082288742,3,3
11BR025-b93611c1-2fe4-494c-a5f3-f19e42,0.09248828142881393,0.1298733651638031,0.20527222752571106,0.4876052737236023,0.0847608894109726,3,3
11BR027-413d7d87-7b86-4b76-af93-8e8136,0.20665816962718964,0.10983602702617645,0.10618242621421814,0.4747118353843689,0.10261157900094986,3,3
11BR027-5700478d-c6c1-48d5-9ab4-3f82fb,0.1670694798231125,0.10497591644525528,0.16650785505771637,0.4583578109741211,0.10308901220560074,3,3
11BR028-10f3b034-038b-481e-b501-a28055,0.05169377475976944,0.14981313049793243,0.17393366992473602,0.5611401200294495,0.06341928988695145,3,3
11BR028-3b177fd6-e7d2-4312-bec7-4a253d,0.12190043926239014,0.16268225014209747,0.13476063311100006,0.48686471581459045,0.09379193931818008,3,3
11BR028-6698bd88-fe4f-4ffa-ac78-7e13a9,0.06555379927158356,0.042047206312417984,0.24443340301513672,0.07091125100851059,0.5770543217658997,4,4
11BR028-885fe794-a98e-4f81-a284-ac4bb8,0.05508984252810478,0.0635712668299675,0.27624353766441345,0.10547701269388199,0.4996183514595032,4,4
11BR030-4749ba99-d3b8-4ae3-b6f6-458bc7,0.058840204030275345,0.10379042476415634,0.26017671823501587,0.1765269637107849,0.4006657004356384,4,4
11BR030-52f3cbfb-f1ac-4a5a-bdbf-496c3c,0.0374014712870121,0.05690575763583183,0.28553903102874756,0.10212716460227966,0.5180265307426453,4,4
11BR030-63a05d68-f0f7-42d9-a45f-df0f7e,0.19013075530529022,0.15849502384662628,0.06516886502504349,0.5221156477928162,0.06408964842557907,3,3
11BR030-ced30fb4-9c6a-41fa-b252-21b2e0,0.09345582872629166,0.22281385958194733,0.08833607286214828,0.5151442289352417,0.08024999499320984,3,3
11BR031-3fdf0dbe-e05c-465f-8bed-4a92dd,0.050929002463817596,0.10960512608289719,0.08181432634592056,0.720767080783844,0.03688450902700424,3,3
11BR031-744399ac-9c3a-4f63-96b4-e42dbb,0.06019042432308197,0.1398690789937973,0.08829457312822342,0.6563481092453003,0.05529782548546791,3,3
11BR032-314de592-f356-4801-8ace-278173,0.05512996017932892,0.06633662432432175,0.268847793340683,0.3543594181537628,0.25532621145248413,3,3
11BR032-84332a36-52e6-41df-aa73-d9c561,0.06325549632310867,0.0869351178407669,0.2718397080898285,0.2602415978908539,0.31772804260253906,4,4
11BR036-06054037-40fe-455f-b937-56e828,0.4809645116329193,0.07046860456466675,0.042994964867830276,0.3762567937374115,0.029315179213881493,0,0
11BR036-45b99ac4-0859-4a3d-8b1e-ce5590,0.3927447497844696,0.10062173008918762,0.02417842671275139,0.4527761936187744,0.0296789463609457,3,3
11BR038-4e766d9f-ede3-4311-bf09-b1f9ba,0.11569419503211975,0.128556489944458,0.17864663898944855,0.3102725148200989,0.2668302059173584,3,3
11BR038-cc547d34-07e1-4bc8-a89b-0d8e96,0.11682701110839844,0.12447336316108704,0.13758444786071777,0.37716546654701233,0.24394965171813965,3,3
11BR040-5256498d-4ab0-4b62-a205-0d0e3e,0.023919260129332542,0.038878798484802246,0.3029399812221527,0.05422626808285713,0.5800356268882751,4,4
11BR040-7709b3d7-26ca-4408-ad9a-43119b,0.036260418593883514,0.02873225510120392,0.31698334217071533,0.04776095971465111,0.5702630877494812,4,4
11BR040-9ee809ba-dd97-4f2e-91fc-9faa50,0.09143462777137756,0.10394257307052612,0.31517550349235535,0.20211616158485413,0.28733107447624207,2,2
11BR040-d7b05dce-4362-4e8f-a77a-07dd74,0.1071767508983612,0.07642292976379395,0.27394548058509827,0.28274470567703247,0.2597101628780365,3,3
11BR042-a176fcc2-97b5-45c3-a0f3-3b2e41,0.15145112574100494,0.15321993827819824,0.07732509821653366,0.5304162502288818,0.08758755773305893,3,3
11BR042-d1d094d8-1b54-40a2-9e14-43b0d6,0.15635959804058075,0.17370839416980743,0.09071218967437744,0.44468116760253906,0.13453860580921173,3,3
11BR043-329f9379-9754-4a39-aa49-544d42,0.18527203798294067,0.1140497475862503,0.03874345123767853,0.638700544834137,0.02323424071073532,3,3
11BR043-6d34d499-167e-42aa-9790-316fca,0.10233987867832184,0.054911501705646515,0.026817040517926216,0.799852728843689,0.016078894957900047,3,3
11BR044-75adceb5-eea5-4cb1-864e-876a8f,0.2264624536037445,0.076304130256176,0.025961438193917274,0.646079421043396,0.025192581117153168,3,3
11BR044-d92a2942-dba6-4fff-b0d0-0566fb,0.2532833218574524,0.061431266367435455,0.022314857691526413,0.6403645277023315,0.0226060152053833,3,3
11BR047-7e36d35d-175c-4ff2-9a18-8dc91c,0.025071319192647934,0.12997636198997498,0.2308153212070465,0.5398327112197876,0.07430429011583328,3,3
11BR047-81116212-b7e6-454b-9579-105cf3,0.06941229104995728,0.0667610839009285,0.23621506989002228,0.12739557027816772,0.500216007232666,4,4
11BR047-ba974b39-e9f8-463e-8a38-0dcdbd,0.06465508043766022,0.09212689846754074,0.22341419756412506,0.17595174908638,0.44385212659835815,4,4
11BR047-ef52c640-13a9-4855-9ce2-0be77a,0.06303969025611877,0.11746134608983994,0.3221067190170288,0.38963747024536133,0.10775477439165115,3,3
11BR049-2e700669-85b0-43fa-a9c7-3eaf5a,0.11403215676546097,0.1617686003446579,0.19119900465011597,0.4327435791492462,0.10025663673877716,3,3
11BR049-e8cbdd4d-1d89-4e1f-b8aa-ef4ff8,0.10542672127485275,0.16741535067558289,0.22432483732700348,0.38444751501083374,0.11838547885417938,3,3
11BR050-d47473db-7a43-4cfc-9cf6-e3c6eb,0.09729534387588501,0.06815718859434128,0.24736183881759644,0.3950249254703522,0.19216066598892212,3,3
11BR050-d8a5467b-549b-48ed-9ae5-c9c39d,0.07301298528909683,0.06289120763540268,0.27195411920547485,0.3022213578224182,0.2899203300476074,3,3
11BR051-56b488cf-a189-47a8-b4e2-d976eb,0.10615953058004379,0.1822124719619751,0.10923174023628235,0.4957183301448822,0.10667797923088074,3,3
11BR051-d5187303-080a-4cec-b069-e06b6b,0.0886615514755249,0.18755857646465302,0.14644095301628113,0.4748673141002655,0.10247159004211426,3,3
11BR053-28be2eb2-1c1c-4799-b5af-e4b447,0.11419925838708878,0.12625284492969513,0.09845443814992905,0.597353458404541,0.063740074634552,3,3
11BR053-fb526979-ee2d-4edf-b41d-01074f,0.07935303449630737,0.13281042873859406,0.12833836674690247,0.5549942255020142,0.10450395196676254,3,3
11BR054-50dc6d1c-7e47-4378-b13b-f63649,0.09319445490837097,0.07672950625419617,0.14090926945209503,0.6367694139480591,0.052397407591342926,3,3
11BR054-b10c7b72-1d44-4668-a637-a536b2,0.2066451460123062,0.07343194633722305,0.12525688111782074,0.5590948462486267,0.0355711355805397,3,3
11BR055-4533a2d6-e850-43f3-9c44-621c07,0.10361506789922714,0.15799936652183533,0.1909136325120926,0.36689484119415283,0.1805770844221115,3,3
11BR055-f77e42b0-39c0-43a5-b138-9a0c8c,0.10308466851711273,0.14593929052352905,0.1417086273431778,0.4037177562713623,0.2055496722459793,3,3
11BR056-22054f60-8957-4f3f-9e69-0b2735,0.10743298381567001,0.15382064878940582,0.1346825361251831,0.504288911819458,0.09977488219738007,3,3
11BR056-e45c73a8-da96-4269-a039-d43942,0.09618499875068665,0.14031289517879486,0.1345505267381668,0.5059534311294556,0.12299817055463791,3,3
11BR058-0dbdef5f-15d0-43b2-819f-c145ab,0.029579855501651764,0.03997600078582764,0.2999311685562134,0.07503322511911392,0.5554797649383545,4,4
11BR058-14a6ef64-9a7a-4887-a486-df98d1,0.03618919476866722,0.04220818355679512,0.29143214225769043,0.06979023665189743,0.560380220413208,4,4
11BR058-1c4af263-17b3-4244-9a54-68ef91,0.05757821351289749,0.2111159712076187,0.2052810937166214,0.42908403277397156,0.09694072604179382,3,3
11BR058-80a970f7-7b36-4450-aff8-0b55dc,0.13817830383777618,0.19361622631549835,0.181207537651062,0.37798237800598145,0.10901549458503723,3,3
11BR059-fc0aa1e4-c1d8-43ed-a5cd-038f61,0.127243310213089,0.10237796604633331,0.1856537014245987,0.15660640597343445,0.4281185567378998,4,4
11BR059-fd05a7ee-951f-48de-a11a-6e4555,0.09240946173667908,0.139861062169075,0.23691517114639282,0.3174634277820587,0.2133508324623108,3,3
11BR060-97cc4d46-cf80-41f1-b99c-bc4829,0.08430790901184082,0.16488242149353027,0.17989058792591095,0.4239567220211029,0.14696235954761505,3,3
11BR060-cc162acb-2fbc-4356-a664-b6c104,0.08126266300678253,0.15216822922229767,0.19139619171619415,0.45192673802375793,0.12324616312980652,3,3
11BR072-59318d66-8b88-45b2-9b97-90e9a7,0.09152530133724213,0.08788344264030457,0.37089741230010986,0.19924326241016388,0.25045061111450195,2,2
11BR072-aedfeb46-160a-4496-8604-25e857,0.08392298221588135,0.07686896622180939,0.3088013827800751,0.22029080986976624,0.31011587381362915,4,4
11BR072-e142306b-c660-4b82-85c5-caf4fb,0.060902345925569534,0.034285884350538254,0.27152010798454285,0.05802830308675766,0.5752633213996887,4,4
11BR073-1664b920-5e60-4e3b-9aab-fe121c,0.03930414468050003,0.03522510454058647,0.2794601023197174,0.06821157783269882,0.5777990818023682,4,4
11BR073-2169ae85-751c-4578-8e98-3e2637,0.11448974907398224,0.06824485957622528,0.26873695850372314,0.15933291614055634,0.38919544219970703,4,4
11BR073-5604b659-cc91-4179-94c1-04558f,0.501736044883728,0.09621214866638184,0.04129573702812195,0.29256054759025574,0.06819554418325424,0,0
11BR073-5d27516f-58d7-4155-80b4-4c7f39,0.4290923476219177,0.10663274675607681,0.06369449943304062,0.31120970845222473,0.08937069773674011,0,0
11BR074-06e59ae3-8981-40ca-bbd6-e19060,0.06592772156000137,0.12299899756908417,0.28669995069503784,0.3899396061897278,0.13443371653556824,3,3
11BR074-12ce8313-6c54-4bee-a996-1aa7f8,0.04476649686694145,0.10153745859861374,0.23514284193515778,0.4490621089935303,0.16949109733104706,3,3
11BR074-3367406e-d39c-4641-a3e7-44e1f3,0.12169468402862549,0.06780312955379486,0.24848531186580658,0.13860054314136505,0.42341625690460205,4,4
11BR074-91104847-e243-4297-9ce9-d9cbaf,0.023951292037963867,0.01751699484884739,0.30620718002319336,0.028757384046912193,0.6235671639442444,4,4
11BR075-2b11406e-c966-4265-9ac9-548d38,0.04145365580916405,0.05402505770325661,0.2812652587890625,0.4422057569026947,0.18105025589466095,3,3
11BR075-5504c643-4a9c-4ec4-ab07-bebdaf,0.04772929847240448,0.05899980291724205,0.3075212240219116,0.4130973219871521,0.17265233397483826,3,3
11BR080-2ddefa4f-77aa-416f-93f3-904e07,0.1635591685771942,0.17020460963249207,0.061172451823949814,0.5249164700508118,0.08014731109142303,3,3
11BR080-e2c7113f-957f-4088-b57d-55d2f2,0.07933136820793152,0.11631105840206146,0.05842762812972069,0.6826313734054565,0.06329856067895889,3,3
13BR009-30e0d7c3-d191-457b-a9be-3b9d97,0.056462086737155914,0.1558988243341446,0.10589057207107544,0.620071530342102,0.06167696788907051,3,3
13BR009-3b05e59b-a88d-4601-8a92-df2750,0.031517039984464645,0.14733612537384033,0.1280612200498581,0.5621549487113953,0.13093063235282898,3,3
13BR009-3ca53fdf-e917-4e58-8f8d-866ea5,0.046408165246248245,0.10890744626522064,0.05045146867632866,0.761431097984314,0.03280181437730789,3,3
13BR009-878c2524-208e-40b2-8089-ceb820,0.04654872044920921,0.09150765091180801,0.041986141353845596,0.7976555824279785,0.02230193465948105,3,3
13BR009-abf1a289-62a4-4eaa-bed9-2be141,0.05764198303222656,0.14703220129013062,0.1525401771068573,0.5399460196495056,0.10283966362476349,3,3
14BR005-2386c36d-8d5d-4fd4-bbfa-39cc8d,0.30237653851509094,0.07972712814807892,0.1119728833436966,0.45725882053375244,0.048664640635252,3,3
14BR005-dae96969-29be-4442-b06d-9948fe,0.4083855152130127,0.05304962769150734,0.06881032884120941,0.42489105463027954,0.04486347362399101,3,3
14BR005-f26c9e17-ea65-409a-8e11-bfe75e,0.10635394603013992,0.09296734631061554,0.14273518323898315,0.6142755150794983,0.043668054044246674,3,3
14BR008-6721a812-3e25-4091-bab1-81f902,0.040833454579114914,0.06008736416697502,0.3719799816608429,0.1182149201631546,0.4088842272758484,4,4
14BR008-99df02e0-56b3-4b00-80b7-ea58ce,0.044824354350566864,0.061540041118860245,0.34178486466407776,0.1232437863945961,0.42860692739486694,4,4
14BR008-ca14c6dd-2069-4bc5-b1f2-6f2297,0.0781269371509552,0.04466491937637329,0.23713572323322296,0.15721896290779114,0.482853502035141,4,4
14BR014-24ba8f2d-d001-46e7-a11c-e6be54,0.12458416074514389,0.12025914341211319,0.20087045431137085,0.4073825180530548,0.14690367877483368,3,3
14BR014-d1034660-11ce-4e38-9ad0-8b9b72,0.13669762015342712,0.13360226154327393,0.2707722783088684,0.2980955243110657,0.16083239018917084,3,3
14BR014-db10b634-d0ca-46bf-8386-a8d0ab,0.13678503036499023,0.1363021731376648,0.10555990040302277,0.5597753524780273,0.06157752126455307,3,3
14BR014-f31e8b5d-5e7c-4686-9380-2ea1c2,0.08205625414848328,0.10744665563106537,0.17674601078033447,0.5326841473579407,0.10106692463159561,3,3
15BR003-433c2eb6-560f-4387-93af-6c2e1a,0.04567425325512886,0.07496234029531479,0.24091412127017975,0.16647997498512268,0.47196927666664124,4,4
15BR003-433c2eb6-560f-4387-93af-6c2e1a_2,0.05509890615940094,0.06941057741641998,0.3317054212093353,0.19562213122844696,0.34816300868988037,4,4
15BR003-433c2eb6-560f-4387-93af-6c2e1a_3,0.04134278744459152,0.03557983785867691,0.2153177410364151,0.1366850882768631,0.5710745453834534,4,4
15BR003-58336ed9-ea8c-468c-a23c-2daed3,0.0984763652086258,0.10338073968887329,0.23889504373073578,0.25011804699897766,0.3091297447681427,4,4
15BR003-800872f5-e088-44c4-b6c5-e5b078,0.03225041180849075,0.06069725379347801,0.269248366355896,0.20527799427509308,0.4325260818004608,4,4
15BR003-a9ab0d62-b658-423c-86f1-cbb9ad,0.04913201183080673,0.07490293681621552,0.25669270753860474,0.2684521973133087,0.3508201241493225,4,4
16BR012-7557b796-f11c-4077-a1af-b249c8,0.09691593796014786,0.18178613483905792,0.10794296860694885,0.5178702473640442,0.09548469632863998,3,3
16BR012-84d6a813-77a8-44c4-a05d-61d6ac,0.05463821813464165,0.11700545996427536,0.20026543736457825,0.4907662272453308,0.13732467591762543,3,3
16BR012-8961f004-789c-450e-9292-370729,0.07375897467136383,0.08676736056804657,0.3076719045639038,0.10263576358556747,0.4291659891605377,4,4
18BR002-fe591474-99d7-44d3-be73-c3b8ed,0.08560775220394135,0.2159101814031601,0.14019595086574554,0.41448092460632324,0.14380526542663574,3,3
18BR003-436297af-feb7-4754-96b7-c5bfb5,0.1492563933134079,0.0777803435921669,0.2744027078151703,0.28685930371284485,0.2117011994123459,3,3
18BR004-b292e992-0611-4254-872f-af8275,0.09277541935443878,0.1106351688504219,0.24411778151988983,0.47331735491752625,0.07915429770946503,3,3
18BR006-bebb15ad-03f1-4773-b3d4-2f78e3,0.11931847035884857,0.17315392196178436,0.18662439286708832,0.35854557156562805,0.1623576432466507,3,3
18BR007-1ae5772a-ba49-4c00-b890-7513d0,0.06836014240980148,0.13892225921154022,0.2836880683898926,0.30011945962905884,0.20891009271144867,3,3
18BR009-5c9ee07a-ca8f-49bf-9c03-2dc513,0.12370532751083374,0.11923597753047943,0.19111524522304535,0.2886536121368408,0.27728986740112305,3,3
18BR010-0bb9d596-774e-452b-9c89-a6643c,0.08322904258966446,0.15783528983592987,0.1916627138853073,0.386236310005188,0.18103662133216858,3,3
18BR016-3bbf4310-6a83-4d3b-8772-a5dbb6,0.08137377351522446,0.1463135927915573,0.20389747619628906,0.46916335821151733,0.09925176203250885,3,3
18BR016-473bb045-08a9-46f3-ad01-036686,0.0550236813724041,0.13866201043128967,0.23584967851638794,0.4249127209186554,0.1455518752336502,3,3
18BR017-392b8aa4-9f99-4250-b693-326260,0.12858089804649353,0.1652689129114151,0.18545737862586975,0.3960669934749603,0.1246257871389389,3,3
18BR017-6bb1d0c5-85b9-4234-951d-4248e3,0.125482439994812,0.07632657140493393,0.2927994430065155,0.11976687610149384,0.3856246769428253,4,4
18BR019-0edcba67-0714-4b04-b433-77834e,0.06376476585865021,0.06689237058162689,0.31429219245910645,0.3002144992351532,0.25483617186546326,2,2
18BR019-3a987590-ed76-44f9-b7e5-e8ea5f,0.06457793712615967,0.06506919115781784,0.3951263427734375,0.2209542691707611,0.25427234172821045,2,2
20BR001-358296ad-e2a7-40cd-849e-8590fd,0.12375420331954956,0.06407813727855682,0.15260645747184753,0.5898434519767761,0.06971780210733414,3,3
20BR001-5e9bfd9b-5151-4f85-8b7d-795df0,0.21565011143684387,0.057777225971221924,0.10774881392717361,0.5720412135124207,0.046782661229372025,3,3
20BR001-bee098dc-797a-4e05-8565-05311f,0.11244285851716995,0.04414279758930206,0.1445191651582718,0.6404674053192139,0.0584278330206871,3,3
20BR002-9462caa5-13e8-4997-a4f7-294f16,0.09728266298770905,0.1653715819120407,0.14864209294319153,0.29249995946884155,0.29620373249053955,4,4
20BR002-abee08ca-606d-4e2a-a2e6-24780f,0.10274102538824081,0.1562204658985138,0.17221815884113312,0.4189739227294922,0.14984644949436188,3,3
20BR002-d362c243-ccef-4cf5-ae72-2c124f,0.12253986299037933,0.21352580189704895,0.16635243594646454,0.3350251615047455,0.16255679726600647,3,3
20BR005-0044700f-37cc-4f2e-81d6-90b367_D1_D1,0.10464166849851608,0.16942885518074036,0.06736277788877487,0.5834171175956726,0.0751495212316513,3,3
20BR005-2f398497-d53e-4838-8006-d60f3e,0.1304737627506256,0.12870121002197266,0.07185240834951401,0.5984020233154297,0.07057062536478043,3,3
20BR005-5040c9cd-fe29-4579-a03a-b60825,0.08026891201734543,0.15784645080566406,0.08516860753297806,0.5784003734588623,0.09831565618515015,3,3
20BR006-3f52e236-1daa-4aa0-9a77-e3d043,0.347983181476593,0.19251908361911774,0.09129691123962402,0.28159892559051514,0.08660188317298889,0,0
20BR006-b2a80144-9134-4bb7-816e-42adbb,0.28632572293281555,0.1463397592306137,0.049488093703985214,0.4632508158683777,0.05459558218717575,3,3
20BR006-bc4095db-0cd3-4894-b725-9464d8,0.2118392139673233,0.15322530269622803,0.036412857472896576,0.5360855460166931,0.06243707239627838,3,3
20BR006-fae06d14-9ff3-4e06-ba5c-ff5827,0.4122178256511688,0.12117452174425125,0.03541276231408119,0.38162845373153687,0.04956648498773575,0,0
20BR007-33adae13-5dbd-4530-a5d5-3763e4,0.033966537564992905,0.04324132204055786,0.31745898723602295,0.0579264760017395,0.5474066734313965,4,4
20BR007-49e164cb-039e-4851-bce5-b2edff,0.024027053266763687,0.04421209916472435,0.27219757437705994,0.07358549535274506,0.5859777331352234,4,4
20BR007-547f521a-5851-426c-a125-d9d82c,0.19215288758277893,0.11944995820522308,0.07678552716970444,0.5669426321983337,0.0446690171957016,3,3
20BR007-682646a1-2895-4a6b-bf31-7c0df5,0.023166852071881294,0.04141269624233246,0.28935152292251587,0.08173807710409164,0.5643308758735657,4,4
20BR007-86de77de-25e4-4d82-b78b-7b700c,0.21572338044643402,0.16304995119571686,0.05642273649573326,0.5288920998573303,0.035911910235881805,3,3
20BR007-ad0e8ff9-9ef1-4f0e-bd1f-4bb144,0.2965129017829895,0.1025296226143837,0.06055254489183426,0.5104137659072876,0.029991205781698227,3,3
20BR008-76d73924-1d5a-4d75-b776-1f1b2b,0.1607028692960739,0.12624134123325348,0.23797571659088135,0.298952579498291,0.17612747848033905,3,3
20BR008-acf022b3-7f01-43b3-ac14-86f97d,0.04223611578345299,0.04043830186128616,0.3329177498817444,0.05764949694275856,0.5267583131790161,4,4
20BR008-b87e7f88-a1f2-425a-8cff-8ae4b9,0.12074896693229675,0.13801075518131256,0.23049819469451904,0.33574193716049194,0.1750001758337021,3,3
20BR008-beafe19e-9dc1-4aff-ba98-d321d9,0.058899909257888794,0.027982428669929504,0.23283743858337402,0.03835867717862129,0.6419215202331543,4,4
20BR008-f6949be3-1204-4f1f-a6b9-de4cc9,0.18254292011260986,0.11481522768735886,0.24022437632083893,0.32647058367729187,0.13594694435596466,3,3
20BR008-f8005701-9810-427e-b317-b09691,0.0439809188246727,0.04207298904657364,0.3218470513820648,0.09275811165571213,0.4993409216403961,4,4
21BR001-01fb2fbe-5d32-4ed1-abf6-6b4539,0.059813518077135086,0.1444704383611679,0.10229827463626862,0.622713565826416,0.07070417702198029,3,3
21BR001-1fb9fca2-cf63-41f2-9381-d9108c,0.15146133303642273,0.12260480970144272,0.03196894749999046,0.672104001045227,0.02186092548072338,3,3
21BR001-23eb7a7e-a907-4c07-8270-2ad823,0.059104084968566895,0.0837705209851265,0.0478665754199028,0.7899495959281921,0.01930925063788891,3,3
21BR001-474eefd8-34c2-414a-a9ed-f0508f,0.08871599286794662,0.10228604823350906,0.03602886572480202,0.7503765225410461,0.022592496126890182,3,3
21BR001-96ad607c-e8db-4390-9b9d-b5eb67,0.047839924693107605,0.12801311910152435,0.05599980801343918,0.7282583117485046,0.03988881781697273,3,3
21BR002-32944ee6-428e-44fc-97d6-22665e,0.07016447931528091,0.13136203587055206,0.1522478461265564,0.548974335193634,0.09725130349397659,3,3
21BR002-6261ab21-32e3-4967-a3aa-1e4aff,0.04432545229792595,0.16440728306770325,0.15267285704612732,0.5468355417251587,0.09175887703895569,3,3
21BR002-c9c77570-9be2-4868-844f-5119b1,0.03556632623076439,0.15659382939338684,0.08306112885475159,0.6637847423553467,0.06099402531981468,3,3
21BR010-39f81c85-1832-45eb-829a-3040ad,0.021406596526503563,0.03160083293914795,0.259832501411438,0.08836306631565094,0.5987969636917114,4,4
21BR010-623041b0-a7a0-4621-8357-9175fb,0.027608321979641914,0.035003796219825745,0.36818596720695496,0.08587818592786789,0.4833237826824188,4,4
21BR010-68ef4aa9-00b0-4528-8828-4d3e43,0.053792499005794525,0.13745719194412231,0.15985752642154694,0.5079654455184937,0.14092737436294556,3,3
21BR010-b455beec-bfee-47db-8c97-5d3fc3,0.1149732768535614,0.07779664546251297,0.23892144858837128,0.36103537678718567,0.20727330446243286,3,3
21BR010-f3eac3f6-8c8d-4051-8b02-ca529c,0.025933943688869476,0.10666757076978683,0.2980897128582001,0.45534223318099976,0.11396648734807968,3,3
22BR005-0a292de5-baaa-484d-a0a9-5dc405,0.04302056133747101,0.1663331538438797,0.14738860726356506,0.543878436088562,0.09937921911478043,3,3
22BR005-12110cb8-8da4-4461-ac1a-1af490,0.1817971020936966,0.09684804081916809,0.11095110327005386,0.5138068795204163,0.09659695625305176,3,3
22BR005-2680bcc3-fb91-4641-9a85-1e2dd2,0.0780622586607933,0.14875255525112152,0.09998210519552231,0.5255829095840454,0.14762012660503387,3,3
22BR005-f4c8a52e-e1ff-45df-8db4-7f250c,0.06473035365343094,0.1350586861371994,0.16973668336868286,0.5314193367958069,0.09905502945184708,3,3
22BR005-ff2aaf97-376a-466b-86b5-f8b3e7,0.11067919433116913,0.13814936578273773,0.08924628794193268,0.5742405652999878,0.08768454194068909,3,3
22BR006-a2637649-1fa1-4c20-a19d-5d5f11,0.12093961983919144,0.05384034663438797,0.06385546922683716,0.7339922189712524,0.02737238071858883,3,3
22BR006-af389d30-4266-4cc4-a02e-a310f7,0.08086438477039337,0.05325872078537941,0.08366614580154419,0.7324137091636658,0.04979709908366203,3,3
22BR006-cdcc4b54-fcf8-4667-a686-9abda4,0.23071108758449554,0.07060299813747406,0.2357432097196579,0.2749934792518616,0.18794921040534973,3,3
22BR006-e6cc08a2-a0a2-4623-ba04-cf11b2,0.12851832807064056,0.07114413380622864,0.08146123588085175,0.6759198904037476,0.0429563894867897,3,3
22BR006-ffa1343e-56c1-46e8-86ec-a6a50f,0.06809568405151367,0.06715616583824158,0.08803840726613998,0.7375215888023376,0.03918814659118652,3,3
TCGA-3C-AAAU-01A-01-TS1.2F52DD63-7476-4E85-B7C6-E06092DB6CC1,0.3737468123435974,0.11456143856048584,0.034653641283512115,0.4687356650829315,0.00830247811973095,3,3
TCGA-3C-AALI-01A-01-TSA.7D4960A7-247F-46EE-8D4A-B55170C23EAA,0.030685272067785263,0.3406985104084015,0.10390537232160568,0.4846973121166229,0.040013499557971954,3,3
TCGA-3C-AALJ-01A-03-TSC.272FA991-8382-409A-A00A-9A3BAA6EE041,0.18051838874816895,0.31167706847190857,0.1221020445227623,0.30682373046875,0.07887876778841019,1,1
TCGA-3C-AALK-01A-01-TSA.B64ED65E-C91A-42C9-89A5-1B099C7112C3,0.06743695586919785,0.20968925952911377,0.295538067817688,0.2388964593410492,0.1884392350912094,2,2
TCGA-4H-AAAK-01A-01-TS1.E2C90DAA-EEAF-4F0B-9495-B100AA4DC26C,0.0678727775812149,0.3319227993488312,0.2732654809951782,0.2562571167945862,0.0706818476319313,1,1
TCGA-5L-AAT0-01A-01-TS1.E7894281-DAB5-4603-B42A-A4C71FBE3D37,0.020527172833681107,0.044846776872873306,0.2165452390909195,0.09835512191057205,0.6197257041931152,4,4
TCGA-5L-AAT1-01A-01-TS1.140261A5-268A-4C22-9E3E-066B47697DCB,0.010623524896800518,0.026459258049726486,0.21893443167209625,0.0490308552980423,0.6949519515037537,4,4
TCGA-5T-A9QA-01A-01-TSA.2224E235-416C-4426-BAE4-55961186FB4E,0.41224750876426697,0.12245168536901474,0.11814767867326736,0.2913542687892914,0.05579884722828865,0,0
TCGA-A1-A0SB-01A-01-BS1.0af5f17f-e9a6-4424-8eae-728878063437,0.14062915742397308,0.16880576312541962,0.272421270608902,0.2815999984741211,0.13654382526874542,3,3
TCGA-A1-A0SB-01A-01-TS1.ed80b57e-ce46-45d6-b8cf-bb18e254488f,0.11725033074617386,0.17050661146640778,0.3798476755619049,0.1722615659236908,0.16013385355472565,2,2
TCGA-A1-A0SD-01A-01-BS1.24ae9ce9-ef51-4cef-a095-1681d4bdd2fb,0.022050004452466965,0.0648559182882309,0.4517533481121063,0.08652428537607193,0.3748164772987366,2,2
TCGA-A1-A0SD-01A-01-TS1.6a18f1d4-bee3-453c-a84f-0f82f93e95f2,0.038809634745121,0.1017175242304802,0.48285531997680664,0.2185026854276657,0.15811489522457123,2,2
TCGA-A1-A0SE-01A-01-BS1.bc41fb6d-f6a5-495c-b429-80d289f0bda1,0.02479817159473896,0.06548667699098587,0.46459364891052246,0.1103220283985138,0.33479955792427063,2,2
TCGA-A1-A0SE-01A-01-TS1.9de25aa5-6128-49b4-990b-c6bf3830489d,0.024514229968190193,0.06871022284030914,0.43136775493621826,0.07219050079584122,0.4032173156738281,2,2
TCGA-A1-A0SF-01A-01-MSA.d0f9a7bb-14fb-45a6-aedc-eddaa95ad41f,0.033191706985235214,0.07752737402915955,0.45423147082328796,0.06924105435609818,0.3658084273338318,2,2
TCGA-A1-A0SF-01A-01-TSA.76e0b1d7-e95b-4c5e-8f53-b62d2700da2e,0.037654705345630646,0.09153790026903152,0.4385981857776642,0.08685602992773056,0.34535321593284607,2,2
TCGA-A1-A0SG-01A-01-BS1.84831814-39ee-4e94-9ee0-48031507eb9a,0.02463429793715477,0.10957962274551392,0.31988605856895447,0.1622840017080307,0.38361603021621704,4,4
TCGA-A1-A0SG-01A-01-TS1.5f26a16f-7657-4383-8c5e-48c62cc2e258,0.033634334802627563,0.17115813493728638,0.3204735815525055,0.27402886748313904,0.20070511102676392,2,2
TCGA-A1-A0SH-01A-01-BSA.bc5df1ce-0c3b-45f6-bbbd-83a24316abd7,0.05078684166073799,0.3306354582309723,0.28605809807777405,0.21922186017036438,0.11329775303602219,1,1
TCGA-A1-A0SH-01A-01-TSA.79c64fec-53ef-405a-b830-da132de9149d,0.051587555557489395,0.3143634796142578,0.27009379863739014,0.2661741077899933,0.09778106957674026,1,1
TCGA-A1-A0SI-01A-01-BS1.0b6b1f20-962e-4775-a5e2-9eef9ab5e97e,0.06755200773477554,0.5352446436882019,0.13807880878448486,0.22006209194660187,0.03906241059303284,1,1
TCGA-A1-A0SI-01A-01-TS1.c9eb6742-072c-4de1-b1a1-888c39be8b90,0.09292001277208328,0.40610378980636597,0.2756173610687256,0.16228778660297394,0.06307104974985123,1,1
TCGA-A1-A0SJ-01A-01-BSA.f9a1ae6c-0cdf-4fdb-b397-17a1e2fc8b74,0.2421514093875885,0.25989535450935364,0.13705581426620483,0.3092893064022064,0.05160810798406601,3,3
TCGA-A1-A0SJ-01A-01-TSA.c61cc926-b7df-4519-a049-1a65ec97a99c,0.17740042507648468,0.20215050876140594,0.25831982493400574,0.25726890563964844,0.1048603430390358,2,2
TCGA-A1-A0SK-01A-01-BSA.29fd9144-1886-47ad-b075-7800cb57c9f5,0.27682989835739136,0.27133622765541077,0.10949042439460754,0.30487826466560364,0.037465211004018784,3,3
TCGA-A1-A0SK-01A-01-TSA.0b2432b1-5781-4725-bb85-7547c7ae9f36,0.25569307804107666,0.2265559881925583,0.08492516726255417,0.40722841024398804,0.025597384199500084,3,3
TCGA-A1-A0SM-01A-01-BS1.f31192b0-feeb-4274-bd1e-53b1a036c888,0.17199383676052094,0.39055585861206055,0.07800893485546112,0.34079575538635254,0.0186456385999918,1,1
TCGA-A1-A0SM-01A-01-TS1.cd7bf3d5-af28-4149-9aae-3bb69301bfb0,0.2367112785577774,0.3130934238433838,0.04050211235880852,0.3963756859302521,0.01331752073019743,3,3
TCGA-A1-A0SN-01A-01-BS1.aae55eae-a830-45ec-afd5-8413b7d7bb87,0.07097526639699936,0.32326540350914,0.2697552442550659,0.20615160465240479,0.12985245883464813,1,1
TCGA-A1-A0SN-01A-01-TS1.ae0aafc3-dbcf-4e93-b817-974263ade19a,0.05277485400438309,0.23282738029956818,0.38805148005485535,0.14074580371379852,0.18560047447681427,2,2
TCGA-A1-A0SO-01A-02-BSB.1e0712cc-bf2e-4c00-97a2-9fa423fdbb27,0.39644572138786316,0.3609863519668579,0.035687465220689774,0.1861935257911682,0.02068694308400154,0,0
TCGA-A1-A0SO-01A-02-TSB.e5de770e-4ff4-47ad-b5e4-04753c1a6507,0.2003091424703598,0.3862130045890808,0.06344699114561081,0.32996776700019836,0.02006308175623417,1,1
TCGA-A1-A0SP-01A-01-BS1.987709b5-3f9a-4927-aa82-3438caef59e2,0.09211862087249756,0.24773944914340973,0.2194671928882599,0.28757524490356445,0.15309947729110718,3,3
TCGA-A1-A0SP-01A-01-TS1.0cda5515-8bec-4df9-a50e-f4a649aba4bf,0.0928254947066307,0.22661377489566803,0.15098269283771515,0.3231436014175415,0.2064344435930252,3,3
TCGA-A1-A0SQ-01A-02-BSB.056c6d49-2f06-4e83-82f9-a465b230b32f,0.45828700065612793,0.14258524775505066,0.15030209720134735,0.17938312888145447,0.06944262236356735,0,0
TCGA-A1-A0SQ-01A-02-TSB.aa40d19e-8dcf-4fea-a7f1-4e2edbbd026e,0.10093382745981216,0.07586100697517395,0.2866860330104828,0.10742610692977905,0.42909300327301025,4,4
TCGA-A2-A04N-01A-01-MSA.8c234a82-e8e8-41dd-8019-58bd895f50e8,0.02537974715232849,0.0935915857553482,0.4294176995754242,0.17954084277153015,0.27207016944885254,2,2
TCGA-A2-A04N-01A-01-TSA.a50fe5fd-8966-4b48-b012-4db45bd71ff7,0.02930091693997383,0.2841760814189911,0.16005344688892365,0.4732053577899933,0.053264159709215164,3,3
TCGA-A2-A04P-01A-03-BSC.31dbf72c-2aef-4b1d-a773-3656f550acc3,0.8131508231163025,0.08803682029247284,0.009508105926215649,0.08241865038871765,0.006885639391839504,0,0
TCGA-A2-A04P-01A-03-TSC.a3d91959-eb6a-4ddd-ac83-c1e0217577cf,0.7616002559661865,0.06122222915291786,0.023559903725981712,0.14507226645946503,0.008545411750674248,0,0
TCGA-A2-A04Q-01A-02-MSB.f56f62ee-cf1d-4084-948e-652b81bbbf0f,0.09845831990242004,0.1953238546848297,0.20482657849788666,0.21584205329418182,0.28554919362068176,4,4
TCGA-A2-A04Q-01A-02-TSB.abf5f4de-662d-4479-a556-2cf0b59d4ee3,0.10941154509782791,0.29548925161361694,0.1486900895833969,0.20860984921455383,0.23779930174350739,1,1
TCGA-A2-A04R-01A-04-BSD.8ce73dd5-7124-4ff1-8a07-12b5e8aad3a9,0.07383181899785995,0.20952153205871582,0.13113345205783844,0.5147762894630432,0.07073692232370377,3,3
TCGA-A2-A04R-01A-04-TSD.f8e56971-436f-495e-a7c2-3a147059fc62,0.04848002642393112,0.2990421950817108,0.1383548378944397,0.4264537990093231,0.08766910433769226,3,3
TCGA-A2-A04T-01A-02-BSB.3bc8f196-5f7b-4207-bf6d-6430bac94fe2,0.4104805886745453,0.12767329812049866,0.017454998567700386,0.4349384903907776,0.009452653117477894,3,3
TCGA-A2-A04T-01A-02-TSB.93063466-272a-42e9-b4cb-ccf262b7e4c4,0.3547237515449524,0.1982145756483078,0.02965865284204483,0.3988178074359894,0.018585123121738434,3,3
TCGA-A2-A04U-01A-01-BSA.65a9cf7d-8f03-45b6-8751-5a535db11426,0.1706376075744629,0.3796760141849518,0.10792799293994904,0.27465376257896423,0.06710463762283325,1,1
TCGA-A2-A04U-01A-01-TSA.d9c6a9aa-23c9-43d8-a59d-d5d4b474cbb6,0.1661989539861679,0.43378669023513794,0.05576908960938454,0.2881533205509186,0.05609195679426193,1,1
TCGA-A2-A04V-01A-02-BS2.8ae4acb0-5c0d-4a98-b0d3-3342c97245a8,0.10607752948999405,0.3197137117385864,0.1106756329536438,0.40085524320602417,0.06267782300710678,3,3
TCGA-A2-A04V-01A-02-MS2.9f2d5cc6-ef65-4465-bec7-4d7151ad39f1,0.07943791151046753,0.25273871421813965,0.11700040102005005,0.4914787709712982,0.05934423953294754,3,3
TCGA-A2-A04W-01A-03-BSC.57907e35-3c5d-4b06-8732-4d5ff94b2985,0.039232105016708374,0.31751689314842224,0.17580589652061462,0.24665220081806183,0.22079288959503174,1,1
TCGA-A2-A04W-01A-03-TSC.83981bb3-9dfd-4632-91c0-00068ad599f3,0.056638821959495544,0.35355058312416077,0.12721772491931915,0.21746419370174408,0.24512861669063568,1,1
TCGA-A2-A04X-01A-01-BS1.dfc80b9d-cce5-4f91-9e2e-a5dbff049463,0.37559470534324646,0.37137076258659363,0.02389509789645672,0.20309482514858246,0.026044636964797974,0,0
TCGA-A2-A04X-01A-02-BS2.e8b8e62b-18f3-47f1-8b53-94659913afda,0.103819839656353,0.4369947016239166,0.05655966326594353,0.30488717555999756,0.0977385863661766,1,1
TCGA-A2-A04Y-01A-02-BS2.0fd3867e-c47f-471c-b946-25b244d8c0e8,0.10592753440141678,0.26673924922943115,0.15478822588920593,0.35742127895355225,0.11512373387813568,3,3
TCGA-A2-A04Y-01A-02-MS2.42e84e21-3226-4585-9865-3b624fca05bd,0.07603701204061508,0.24629157781600952,0.16706204414367676,0.4085589051246643,0.10205052047967911,3,3
TCGA-A2-A0CK-01A-01-BSA.B3E07E98-6D91-4689-BE68-83043CA49FC3,0.022815797477960587,0.04433867707848549,0.3928864598274231,0.07402843236923218,0.46593061089515686,4,4
TCGA-A2-A0CK-01A-01-TSA.0F00A193-4045-4462-B2B2-A76B40A4EFB9,0.015558113344013691,0.04550206661224365,0.414973646402359,0.0747058242559433,0.44926029443740845,4,4
TCGA-A2-A0CL-01A-01-BS1.216b597c-9d7c-448f-984e-5659006a9c40,0.12008015811443329,0.21955250203609467,0.2229270488023758,0.2583388388156891,0.17910142242908478,3,3
TCGA-A2-A0CL-01A-01-TS1.02a06b9c-8ae0-4f30-96c5-07cce9563397,0.1578567624092102,0.243347629904747,0.13962313532829285,0.3675341308116913,0.09163829684257507,3,3
TCGA-A2-A0CM-01A-03-BSC.c240a44d-0583-496e-bdef-5cdb5e0ee167,0.08000059425830841,0.42786434292793274,0.09851046651601791,0.34981220960617065,0.04381244629621506,1,1
TCGA-A2-A0CM-01A-03-TSC.7f2cc1ed-793e-4717-92fd-da1aa4424aed,0.1559937745332718,0.30843180418014526,0.04960137605667114,0.468596488237381,0.017376622185111046,3,3
TCGA-A2-A0CO-01A-01-BSA.B53F8E3C-C025-4688-890F-DBF91A034AF6,0.018289024010300636,0.028606537729501724,0.29001161456108093,0.05161614716053009,0.611476719379425,4,4
TCGA-A2-A0CO-01A-01-TSA.74EB2294-EFC4-466E-B903-8BB7803A5024,0.01773390918970108,0.029405564069747925,0.3101610839366913,0.06904768198728561,0.5736517310142517,4,4
TCGA-A2-A0CP-01A-01-BSA.2e7307b1-f88e-4570-8a33-e687088308f2,0.01657905802130699,0.057844989001750946,0.3523685336112976,0.09382057189941406,0.4793867766857147,4,4
TCGA-A2-A0CP-01A-01-TSA.0e422cec-f6cb-44b0-a386-d0e862300b90,0.02422882243990898,0.11202076822519302,0.3293974995613098,0.17227967083454132,0.36207321286201477,4,4
TCGA-A2-A0CQ-01A-02-BSB.3aff800d-8a96-4675-9be3-a77666fbf078,0.07569203525781631,0.144579216837883,0.21123404800891876,0.5294484496116638,0.039046309888362885,3,3
TCGA-A2-A0CQ-01A-02-TSB.9510458b-dc35-43ef-a4ff-684a23bf6b87,0.06122255325317383,0.15305572748184204,0.09852208942174911,0.668667733669281,0.018531877547502518,3,3
TCGA-A2-A0CR-01A-01-BSA.EEDC8A56-25C0-4348-B5CD-E91C2CC3411B,0.009821179322898388,0.02801237627863884,0.2735793888568878,0.040839310735464096,0.6477476954460144,4,4
TCGA-A2-A0CR-01A-01-TSA.192598C2-7093-4171-B779-6EDE8AD7998B,0.014773579314351082,0.05424688383936882,0.2951849400997162,0.08081960678100586,0.5549749732017517,4,4
TCGA-A2-A0CS-01A-01-BSA.a932a854-ba6f-4a29-9fdc-4f5ce63e440c,0.06961140036582947,0.4860267639160156,0.0965227335691452,0.31977343559265137,0.028065700083971024,1,1
TCGA-A2-A0CS-01A-01-TSA.1c053f5f-ca22-41a9-b815-681eb2a4ea5e,0.07195927947759628,0.37043526768684387,0.05911325663328171,0.4859473705291748,0.012544812634587288,3,3
TCGA-A2-A0CT-01A-02-BSB.0aa72ee2-8d99-4e03-8f40-7a55d0acb7ad,0.03475567325949669,0.07104253768920898,0.3760406970977783,0.13645604252815247,0.38170504570007324,4,4
TCGA-A2-A0CT-01A-03-BSC.af279bd3-085c-4035-9a0d-bb02d801636e,0.05500343069434166,0.1239503026008606,0.3995507061481476,0.14909467101097107,0.2724008858203888,2,2
TCGA-A2-A0CU-01A-01-BS1.37059615-5809-4066-992a-ec50f8c2041c,0.09890788048505783,0.18266472220420837,0.29655665159225464,0.28407081961631775,0.1377999633550644,2,2
TCGA-A2-A0CU-01A-01-TS1.332cdd40-deca-4fad-8cf6-03fb91b121c3,0.101832315325737,0.17437244951725006,0.31105419993400574,0.2915162444114685,0.1212247759103775,2,2
TCGA-A2-A0CV-01A-03-BSC.14215df5-081f-4f57-a912-da96e1f7aa24,0.019943246617913246,0.05322464182972908,0.4765010178089142,0.1276434063911438,0.3226877450942993,2,2
TCGA-A2-A0CV-01A-03-TSC.3b9baf94-f5f8-4949-a017-4cd1152f87c5,0.020837267860770226,0.08097803592681885,0.44354870915412903,0.09429541975259781,0.36034053564071655,2,2
TCGA-A2-A0CW-01A-02-BSB.e5c24b99-3704-46cf-b097-a9834d81c169,0.10843629390001297,0.4366653263568878,0.08613719046115875,0.3104681968688965,0.05829302966594696,1,1
TCGA-A2-A0CW-01A-02-TSB.8bc46f2e-400f-4de8-aa07-9c632cea132f,0.08162311464548111,0.37590140104293823,0.11648879945278168,0.374193012714386,0.051793623715639114,1,1
TCGA-A2-A0CX-01A-02-BSB.04ad0cae-1b9c-472f-8d08-ea6995e00bdd,0.12146738171577454,0.427691251039505,0.09292741864919662,0.3300522267818451,0.027861664071679115,1,1
TCGA-A2-A0CX-01A-02-TSB.eae9814e-e25c-4dfe-9564-e348c74699ba,0.06661063432693481,0.42561963200569153,0.15334303677082062,0.2665104269981384,0.0879162847995758,1,1
TCGA-A2-A0CY-01A-01-BS1.9b133694-9867-4641-af14-71e493280442,0.08831989020109177,0.23673444986343384,0.1780935525894165,0.4031618535518646,0.09369030594825745,3,3
TCGA-A2-A0CY-01A-01-TS1.ec017ab1-ed8c-494e-a8de-a8b5c8a87059,0.08448633551597595,0.21870028972625732,0.18977957963943481,0.40425628423690796,0.10277748852968216,3,3
TCGA-A2-A0CZ-01A-01-BS1.792ef70c-5f29-44df-8d18-0b54697b2cca,0.027969371527433395,0.05830781161785126,0.23287522792816162,0.09432206302881241,0.5865254402160645,4,4
TCGA-A2-A0CZ-01A-01-TS1.ad515c60-a532-4cab-ac6d-6bbdd877683b,0.023461300879716873,0.07488709688186646,0.22655752301216125,0.0973731204867363,0.5777209997177124,4,4
TCGA-A2-A0D0-01A-01-BSA.de3699b8-cd5b-4bac-af17-b63d447c55e7,0.6503652930259705,0.1441473513841629,0.014687137678265572,0.17525161802768707,0.01554866973310709,0,0
TCGA-A2-A0D0-01A-01-TSA.231084a7-765a-481e-9e40-2c9b131b38ea,0.733785092830658,0.08803305774927139,0.007912014611065388,0.1598806530237198,0.01038910448551178,0,0
TCGA-A2-A0D1-01A-01-MSA.3bc9e5b7-75ab-4eea-8c50-7f67dd11b2c7,0.1699930876493454,0.4026971161365509,0.08638805150985718,0.3053210377693176,0.035600755363702774,1,1
TCGA-A2-A0D1-01A-01-TSA.4cf43b24-cdea-4eb2-8413-677057458810,0.1307145357131958,0.3834174871444702,0.083097904920578,0.31292855739593506,0.08984149992465973,1,1
TCGA-A2-A0D2-01A-02-BSB.8b0210e1-3e64-4e14-8a7f-785bc507f7d8,0.10379261523485184,0.31053483486175537,0.20802438259124756,0.2922538220882416,0.08539427071809769,1,1
TCGA-A2-A0D2-01A-02-TSB.74de3ac3-3f96-4426-b6b0-228282978570,0.06450043618679047,0.3327644467353821,0.1638709157705307,0.35483986139297485,0.08402429521083832,3,3
TCGA-A2-A0D3-01A-01-BSA.a92d21bb-df83-4a6d-87d4-4558f0b8172f,0.025478916242718697,0.11645548045635223,0.472072958946228,0.14151906967163086,0.24447351694107056,2,2
TCGA-A2-A0D3-01A-01-TSA.55add6f4-ecd3-4228-af07-045ef5a2cbf6,0.03638160601258278,0.2095087170600891,0.36685124039649963,0.2967212498188019,0.0905371606349945,2,2
TCGA-A2-A0D4-01A-01-BSA.0665ed7a-c8e2-4b8a-bf73-8c06dab48c47,0.2296474426984787,0.18329736590385437,0.11259651184082031,0.43973812460899353,0.03472057357430458,3,3
TCGA-A2-A0D4-01A-01-TSA.471f053f-ccfd-4d9a-89d6-59eaf3d7c459,0.31824395060539246,0.1780676245689392,0.1608126014471054,0.2942112386226654,0.048664603382349014,0,0
TCGA-A2-A0EM-01A-01-BSA.aef9970e-ae41-478b-bdd1-510eec165c06,0.1263274997472763,0.3556523025035858,0.1784619390964508,0.2982211709022522,0.04133708402514458,1,1
TCGA-A2-A0EM-01A-01-TSA.c792570c-b567-47a4-8092-4f9021843df7,0.13423839211463928,0.310008704662323,0.25364258885383606,0.20830696821212769,0.09380336105823517,1,1
TCGA-A2-A0EN-01A-01-BSA.7918d788-f2ab-44cd-8c1d-14659668e34f,0.04374959319829941,0.11921348422765732,0.29469460248947144,0.11137896031141281,0.430963397026062,4,4
TCGA-A2-A0EN-01A-01-TSA.d57caa16-813c-41c9-9b9a-3e906e576bb0,0.01967182569205761,0.0721537321805954,0.45791763067245483,0.09448786079883575,0.35576891899108887,2,2
TCGA-A2-A0EO-01A-01-MSA.a8ba9ddd-967b-428f-aef6-81207cb53e35,0.03357125073671341,0.08125833421945572,0.33491167426109314,0.11097070574760437,0.43928807973861694,4,4
TCGA-A2-A0EO-01A-01-TSA.36f29540-ef11-4f71-bfa7-170e5f037a0a,0.03709098696708679,0.1725618988275528,0.2985672354698181,0.19685667753219604,0.29492318630218506,2,2
TCGA-A2-A0EP-01A-05-TSE.9746AB87-60C5-41FD-BB30-055B8085B344,0.018084298819303513,0.051090169697999954,0.3791675865650177,0.04875612258911133,0.5029017925262451,4,4
TCGA-A2-A0EQ-01A-01-BSA.fa7a323e-2939-4941-a56f-3b7352b16050,0.2113606184720993,0.1930813193321228,0.05743290111422539,0.5159968733787537,0.02212829515337944,3,3
TCGA-A2-A0EQ-01A-01-TSA.c64d0ac8-9849-47c7-86e1-2e2037b02422,0.14393889904022217,0.33245667815208435,0.10797826200723648,0.378816694021225,0.036809440702199936,3,3
TCGA-A2-A0ER-01A-02-MSB.cf3ea42a-aeda-47d6-ab60-a6d0f4b83170,0.03992928937077522,0.06792040169239044,0.3350062668323517,0.14356733858585358,0.4135766625404358,4,4
TCGA-A2-A0ER-01A-02-TSB.fc92d268-4fa2-4784-9639-ee1ace7797d3,0.03162254020571709,0.08440325409173965,0.4389115869998932,0.22509260475635529,0.21997003257274628,2,2
TCGA-A2-A0ES-01A-01-BSA.b0f78d87-bc17-441f-bb40-6028b6e64099,0.007239084225147963,0.01708412542939186,0.1972605139017105,0.02719457633793354,0.751221776008606,4,4
TCGA-A2-A0ES-01A-01-TSA.9e47cc5c-6fcd-4515-ac20-1d81d3c58100,0.013518743216991425,0.044324085116386414,0.3430297374725342,0.08893858641386032,0.51018887758255,4,4
TCGA-A2-A0ET-01A-03-BSC.a5ea8948-821d-471d-ba1c-3c36807ff5df,0.35402992367744446,0.11190754920244217,0.08616773039102554,0.43029841780662537,0.017596418038010597,3,3
TCGA-A2-A0ET-01A-03-TSC.74515b85-25d8-4c5a-9fe8-027a78238b9a,0.3271988332271576,0.08541767299175262,0.07962452620267868,0.4899543821811676,0.01780463196337223,3,3
TCGA-A2-A0EU-01A-02-MSB.44688c8e-aaff-4acd-b70e-d4c570a04317,0.08937859535217285,0.2635522484779358,0.29879698157310486,0.24529001116752625,0.10298222303390503,2,2
TCGA-A2-A0EU-01A-02-TSB.648d1299-d273-4ae2-8926-cfad39ff735a,0.047963470220565796,0.23666180670261383,0.31668809056282043,0.3088955283164978,0.08979110419750214,2,2
TCGA-A2-A0EV-01A-01-BSA.895f4272-acc0-48e5-8c91-58209e6aa849,0.02167435549199581,0.07782603800296783,0.38249072432518005,0.1281900256872177,0.38981881737709045,4,4
TCGA-A2-A0EV-01A-01-TSA.49658afd-55bd-4adb-a3c2-06a4e633efc5,0.045051056891679764,0.1617579460144043,0.2841675877571106,0.3886508047580719,0.12037263065576553,3,3
TCGA-A2-A0EW-01A-02-BSB.09a14d8c-2c79-43e9-b08c-73481d3ec01c,0.012086430564522743,0.027600664645433426,0.3635410666465759,0.06215071678161621,0.5346211194992065,4,4
TCGA-A2-A0EW-01A-02-TSB.6ebf62a3-15ec-43dd-a5de-36f0a2effb41,0.009876534342765808,0.026895424351096153,0.41671159863471985,0.052201613783836365,0.49431484937667847,4,4
TCGA-A2-A0EX-01A-02-MSB.8a884510-c00e-442d-bf13-1eb36f4ee10b,0.02183469943702221,0.06038776412606239,0.3358529806137085,0.08938068151473999,0.4925437867641449,4,4
TCGA-A2-A0EX-01A-02-TSB.8880934b-a491-492b-b6bc-32b50276ba99,0.013701912946999073,0.0446416437625885,0.2619706094264984,0.058852411806583405,0.6208333969116211,4,4
TCGA-A2-A0EY-01A-01-BSA.dbf1ad9c-0529-4b08-90fc-5b1d7da797aa,0.053850363940000534,0.23200564086437225,0.2295776605606079,0.3540894389152527,0.1304769068956375,3,3
TCGA-A2-A0EY-01A-01-TSA.b3cf2e58-b037-4496-b85e-6fefe2d42e01,0.03744173049926758,0.13365092873573303,0.2978086769580841,0.2023410201072693,0.328757643699646,4,4
TCGA-A2-A0ST-01A-01-BSA.187f1dfd-47df-4e31-883c-62534d8e0dd5,0.11707480251789093,0.0798286497592926,0.2426615208387375,0.27756860852241516,0.2828664183616638,4,4
TCGA-A2-A0ST-01A-01-TSA.8e2979c6-24f8-4dcf-8439-1da07dbc6a9b,0.07505127787590027,0.08225049823522568,0.23003995418548584,0.21190953254699707,0.4007487893104553,4,4
TCGA-A2-A0SU-01A-01-BSA.660c932a-61fb-4054-8499-2a39387bf4ab,0.07864830642938614,0.19884717464447021,0.2257521152496338,0.43986135721206665,0.05689107999205589,3,3
TCGA-A2-A0SU-01A-01-TSA.1501d762-6b57-43d8-b8bb-fe7970b750dd,0.04277747496962547,0.14552821218967438,0.33884766697883606,0.2605208158493042,0.21232585608959198,2,2
TCGA-A2-A0SV-01A-01-BSA.94a1dce7-dd72-40a0-8e19-a688d46281f5,0.30502453446388245,0.16072678565979004,0.06341376900672913,0.4445514678955078,0.02628351002931595,3,3
TCGA-A2-A0SV-01A-01-TSA.bdab1f53-b83c-494c-9a73-487ee771adf9,0.18147653341293335,0.31467023491859436,0.08731858432292938,0.3945247530937195,0.022009912878274918,3,3
TCGA-A2-A0SW-01A-01-BSA.7a710f66-502f-43fa-94eb-742243cf2aff,0.11454793810844421,0.29211604595184326,0.14431039988994598,0.3661671280860901,0.08285851031541824,3,3
TCGA-A2-A0SW-01A-01-TSA.dff06b29-6dfc-4d17-8b78-0ef50f9aa985,0.19092431664466858,0.3009922206401825,0.04033367335796356,0.4588734209537506,0.008876332081854343,3,3
TCGA-A2-A0SX-01A-01-BSA.7c3c820b-1ddc-4a92-a59d-7ac2df9a7313,0.24563691020011902,0.2204056978225708,0.15136277675628662,0.3159636855125427,0.06663092225790024,3,3
TCGA-A2-A0SX-01A-01-TSA.3830b6f0-c05a-4d09-a1bc-c7018bc5e458,0.23076437413692474,0.26822730898857117,0.09431560337543488,0.33323854207992554,0.0734541267156601,3,3
TCGA-A2-A0SY-01A-03-BSC.111f2ea3-8315-412c-807d-5582f160cb42,0.013063742779195309,0.03988959267735481,0.30272376537323,0.03951428085565567,0.6048086881637573,4,4
TCGA-A2-A0SY-01A-03-TSC.19950d5e-98f4-44b2-9f76-0552567e2c9a,0.017579926177859306,0.05854147672653198,0.38771718740463257,0.07966434210538864,0.45649710297584534,4,4
TCGA-A2-A0T0-01A-02-BSB.dc5e2a55-4bc6-4655-b86e-5aeb369f05c9,0.15194185078144073,0.353885680437088,0.08940878510475159,0.3676164746284485,0.037147149443626404,3,3
TCGA-A2-A0T0-01A-02-TSB.802f97da-e482-4c7a-aa5e-a692871ad1ea,0.26081085205078125,0.3340315520763397,0.06808523833751678,0.28953543305397034,0.04753684997558594,1,1
TCGA-A2-A0T1-01A-02-BSB.3bba2447-a52a-4ed3-88b5-c91124ecbcac,0.10427585244178772,0.41955050826072693,0.09156578034162521,0.35092902183532715,0.0336788035929203,1,1
TCGA-A2-A0T1-01A-02-TSB.63e971bf-39ec-41c9-986e-a1937437dea8,0.06518172472715378,0.17498739063739777,0.0338374488055706,0.7013576626777649,0.02463577501475811,3,3
TCGA-A2-A0T2-01A-01-BSA.3613219b-687b-419f-ac8f-33b668b72446,0.25820818543434143,0.3363673985004425,0.055206939578056335,0.3280540406703949,0.022163407877087593,1,1
TCGA-A2-A0T2-01A-01-TSA.8595967b-5bf7-447f-9310-10b53a1c1dfa,0.4125545918941498,0.21153497695922852,0.0530964657664299,0.30383121967315674,0.01898276060819626,0,0
TCGA-A2-A0T3-01A-02-BSB.19f759a7-4b0f-43f3-b1ac-bce827f93fc6,0.021870547905564308,0.057130444794893265,0.30812394618988037,0.10814572870731354,0.5047293305397034,4,4
TCGA-A2-A0T3-01A-02-TSB.5833680c-4d57-4657-acd7-879e52cfd8c4,0.05375676229596138,0.16932538151741028,0.3371737003326416,0.233323335647583,0.20642080903053284,2,2
TCGA-A2-A0T4-01A-03-BSC.c48434f7-8ef4-40e6-b115-87318032046d,0.01048505213111639,0.04009110480546951,0.44162502884864807,0.052024997770786285,0.45577380061149597,4,4
TCGA-A2-A0T4-01A-03-TSC.60866100-7f22-4c86-a99e-5e52ca53c313,0.033569756895303726,0.11442659050226212,0.4288474917411804,0.16858233511447906,0.25457385182380676,2,2
TCGA-A2-A0T5-01A-02-BSB.2bc13b46-4db4-4404-aaa0-8625e1ae7440,0.0320630744099617,0.14011897146701813,0.3334420919418335,0.34613972902297974,0.14823608100414276,3,3
TCGA-A2-A0T5-01A-02-TSB.b6a2c4da-e252-4a6f-b22f-788dec8d6ede,0.041848666965961456,0.20545490086078644,0.3713178336620331,0.3136640787124634,0.06771454215049744,2,2
TCGA-A2-A0T6-01A-01-BSA.b82fe5ae-dafc-45d6-9410-b6ef20725739,0.024938324466347694,0.11231500655412674,0.40618014335632324,0.11604632437229156,0.3405202329158783,2,2
TCGA-A2-A0T6-01A-01-TSA.a91e20c4-e88b-4f25-a691-1ed38fbca876,0.025239892303943634,0.15884724259376526,0.4076794385910034,0.2581435441970825,0.15008984506130219,2,2
TCGA-A2-A0T7-01A-02-BSB.8f69b301-dcf9-4a7f-a504-187f9a11252a,0.04102287068963051,0.16733084619045258,0.30145788192749023,0.14968428015708923,0.3405040204524994,4,4
TCGA-A2-A0T7-01A-02-TSB.d37d2184-6f53-4c98-88fd-aa854fd50700,0.052295271307229996,0.3313157558441162,0.20735375583171844,0.26699531078338623,0.1420399248600006,1,1
TCGA-A2-A0YC-01A-01-MSA.05ee8628-8199-466f-9e26-012186642f25,0.0739973932504654,0.25833821296691895,0.31840795278549194,0.2192346304655075,0.1300218403339386,2,2
TCGA-A2-A0YC-01A-01-TSA.dfb0f795-b54a-44fd-8ddd-105ac7c51d35,0.05865594744682312,0.26904359459877014,0.3237324059009552,0.23317310214042664,0.1153949648141861,2,2
TCGA-A2-A0YD-01A-01-BSA.dbbc3956-3306-4e98-904d-15ed9c0ff148,0.04001837968826294,0.1387014240026474,0.37071457505226135,0.23560449481010437,0.21496112644672394,2,2
TCGA-A2-A0YD-01A-01-TSA.7cbd1fbb-d5dd-4bc1-94fc-acff71e2b6c9,0.022654512897133827,0.06012481078505516,0.42335426807403564,0.1182529404759407,0.3756134808063507,2,2
TCGA-A2-A0YE-01A-01-BS1.7203b6fc-3a45-41e1-9104-14255fe4eb6e,0.2264210432767868,0.35142773389816284,0.11089068651199341,0.26421207189559937,0.04704844951629639,1,1
TCGA-A2-A0YE-01A-01-TS1.03c71807-b82c-4b01-8962-c6ac3d1b3445,0.20523379743099213,0.3624727129936218,0.11721505224704742,0.27413901686668396,0.04093938320875168,1,1
TCGA-A2-A0YF-01A-02-MSB.2e4e34a9-4701-4b96-b3d6-22d46c792fa9,0.14955320954322815,0.16109582781791687,0.2832297384738922,0.3383150100708008,0.06780621409416199,3,3
TCGA-A2-A0YF-01A-02-TSB.65b05e09-46e2-47f8-8ef6-ccc5914752c5,0.08405940234661102,0.11323241889476776,0.276918888092041,0.4331251382827759,0.0926642045378685,3,3
TCGA-A2-A0YG-01A-02-BSB.23b5c2d3-91a2-4091-bd43-04210baa9941,0.03560292348265648,0.1274779587984085,0.3469141125679016,0.16781549155712128,0.3221895396709442,2,2
TCGA-A2-A0YG-01A-02-TSB.8bd4f37a-7944-4379-910c-621a80229783,0.06554622948169708,0.328105628490448,0.20531021058559418,0.2832874059677124,0.11775057762861252,1,1
TCGA-A2-A0YH-01A-01-BSA.5c229b7d-6921-4c3c-a7a1-0c02fe62e5f5,0.08064659684896469,0.29544100165367126,0.16942858695983887,0.39940783381462097,0.055076006799936295,3,3
TCGA-A2-A0YH-01A-01-TSA.77998a85-49c4-4bdf-8635-ec9516aad084,0.1200980395078659,0.22992569208145142,0.0982341319322586,0.5308610796928406,0.020881101489067078,3,3
TCGA-A2-A0YI-01A-03-BSC.29006cd1-80d6-4b68-a760-ba91a34b9942,0.015434158965945244,0.03396471217274666,0.3991576135158539,0.055410705506801605,0.49603280425071716,4,4
TCGA-A2-A0YI-01A-03-TSC.315f5bb4-4ef4-471e-b5b4-ae73a6038c20,0.015402473509311676,0.02873770333826542,0.3747781813144684,0.05662796273827553,0.5244536399841309,4,4
TCGA-A2-A0YJ-01A-01-BSA.d8a11cff-f5fd-4d70-8655-c8db88f7147e,0.35580989718437195,0.31032732129096985,0.03826158121228218,0.2592623829841614,0.03633882477879524,0,0
TCGA-A2-A0YJ-01A-01-TSA.a1260b78-3f54-490b-9dd1-7a6cb99e2358,0.2903957664966583,0.3192559480667114,0.04449958726763725,0.3093145489692688,0.036534134298563004,1,1
TCGA-A2-A0YK-01A-02-BSB.f0b7203e-5c9c-4039-8e1d-cfc683d53a79,0.021605899557471275,0.0437772274017334,0.3573279082775116,0.06513942033052444,0.5121495723724365,4,4
TCGA-A2-A0YK-01A-02-TSB.deb9ff5b-b123-4256-99d0-48893875a2a2,0.012241287156939507,0.03452003002166748,0.3704797327518463,0.04717352241277695,0.535585343837738,4,4
TCGA-A2-A0YL-01A-02-BSB.b9a27669-4484-41f2-ae55-85eeb3792e60,0.0452713742852211,0.1275840848684311,0.38034939765930176,0.12011692672967911,0.32667824625968933,2,2
TCGA-A2-A0YL-01A-02-TSB.12b73a8a-ac2d-4cd5-b8c2-de8fd1357dea,0.010713881812989712,0.02229524776339531,0.19365176558494568,0.04393529146909714,0.7294039130210876,4,4
TCGA-A2-A0YM-01A-01-BSA.26fc4cb8-24ef-494a-9334-db3a9099199f,0.15215186774730682,0.2202419638633728,0.23565517365932465,0.29131805896759033,0.10063295066356659,3,3
TCGA-A2-A0YM-01A-01-TSA.af2a6b3d-dbf4-4323-aebe-d8b95053fff3,0.28863421082496643,0.26557469367980957,0.05433161184191704,0.3693617880344391,0.022097710520029068,3,3
TCGA-A2-A0YT-01A-01-BSA.661675d9-4e62-4472-9102-166b9e1ffe92,0.038248948752880096,0.15804553031921387,0.34258854389190674,0.2679089903831482,0.1932080239057541,2,2
TCGA-A2-A0YT-01A-01-TSA.fbac252d-8ada-4379-826f-1f255b826280,0.04633896052837372,0.226233571767807,0.3142155408859253,0.2625584900379181,0.15065348148345947,2,2
TCGA-A2-A1FV-01A-01-TSA.1ef7e33c-4e9f-46fb-8600-e2028e666b58,0.09339560568332672,0.15220040082931519,0.3345096707344055,0.17657442390918732,0.24331983923912048,2,2
TCGA-A2-A1FW-01A-01-TSA.c333d30e-9e9e-4852-a901-f3bf6b52edc7,0.03166979178786278,0.09102988243103027,0.3888879418373108,0.09838584810495377,0.39002659916877747,4,4
TCGA-A2-A1FX-01A-01-TSA.9ddece99-9be4-4d06-b8a5-f10e064a20cd,0.1469968557357788,0.33157116174697876,0.18315953016281128,0.2391301691532135,0.09914229810237885,1,1
TCGA-A2-A1FZ-01A-05-TSE.92edfd43-6c1e-4b2c-851e-e0968ad67036,0.029503146186470985,0.0868869423866272,0.3893930912017822,0.21838051080703735,0.27583637833595276,2,2
TCGA-A2-A1G0-01A-01-TSA.191b630e-777f-41f9-9510-22ed5faa316a,0.04050285369157791,0.11181725561618805,0.4897185266017914,0.16689743101596832,0.19106391072273254,2,2
TCGA-A2-A1G1-01A-02-TSB.084536c6-00fe-428c-b744-47d391f0a0ef,0.17173579335212708,0.48455944657325745,0.05277813971042633,0.18971571326255798,0.10121088474988937,1,1
TCGA-A2-A1G4-01A-01-TSA.5d86407e-c67e-421b-8d36-330113e2205a,0.14073394238948822,0.1218743771314621,0.2945554256439209,0.3468489944934845,0.09598727524280548,3,3
TCGA-A2-A1G6-01A-01-TSA.da860c75-25a5-4542-b546-e14c8beb8649,0.016121380031108856,0.03104276768863201,0.15735474228858948,0.04069443419575691,0.7547866702079773,4,4
TCGA-A2-A259-01A-01-TSA.73bdd76e-4e45-4e13-90db-c996e5446c94,0.07632866501808167,0.13860130310058594,0.33277246356010437,0.1776595413684845,0.2746380865573883,2,2
TCGA-A2-A25A-01A-01-TSA.e00dd3e2-e129-4dc6-84a4-5a6385e8bb29,0.009242741391062737,0.012430117465555668,0.24887068569660187,0.02954118326306343,0.6999152898788452,4,4
TCGA-A2-A25B-01A-01-TSA.43dd69c3-6ce1-478c-9e4d-ee01974ef7bf,0.0506720244884491,0.3503383696079254,0.09717864543199539,0.46358567476272583,0.038225289434194565,3,3
TCGA-A2-A25C-01A-01-TSA.e71b7275-0ac4-4d98-9f31-044c28153b39,0.03137163445353508,0.10964561253786087,0.40209394693374634,0.19257497787475586,0.26431381702423096,2,2
TCGA-A2-A25D-01A-01-TSA.f5616a1d-8a54-43a1-ade2-c3e63f8db896,0.043629009276628494,0.12469600886106491,0.30940020084381104,0.1421818882226944,0.38009288907051086,4,4
TCGA-A2-A25E-01A-01-TSA.d01b323d-2c94-4a89-96dc-5c3d7ed76916,0.2746538817882538,0.23715464770793915,0.17547713220119476,0.23349890112876892,0.07921543717384338,0,0
TCGA-A2-A25F-01A-01-TSA.3c7665d4-4d6f-4540-9d4c-d57378c1849e,0.3419435918331146,0.27678555250167847,0.0533149279654026,0.29853931069374084,0.029416626319289207,0,0
TCGA-A2-A3KC-01A-01-TSA.7390B45C-AB94-4000-B177-A39D64BC275C,0.01140840258449316,0.02571648359298706,0.37031877040863037,0.06602863222360611,0.5265277028083801,4,4
TCGA-A2-A3KD-01A-01-TSA.6CE03E54-350A-4AA7-A249-E55FF073FCB2,0.05723772570490837,0.09821399301290512,0.31976044178009033,0.2525233328342438,0.2722645699977875,2,2
TCGA-A2-A3XS-01A-01-TS1.AFFAE37C-A13F-45C6-A323-025B310C46E0,0.10162374377250671,0.24734272062778473,0.25699254870414734,0.2875403165817261,0.10650064051151276,3,3
TCGA-A2-A3XT-01A-01-TSA.8B6C4952-F4D6-42C2-86FD-54C42917AC77,0.6780974864959717,0.11356614530086517,0.01822979375720024,0.18351107835769653,0.006595446262508631,0,0
TCGA-A2-A3XU-01A-01-TSA.9E569A13-1F17-44E2-9D19-31D8FB19ED4A,0.28974995017051697,0.27448487281799316,0.13181748986244202,0.2650839388370514,0.03886374086141586,0,0
TCGA-A2-A3XV-01A-02-TSB.FF8434E6-B703-43FE-AC0A-AE53131F1EC6,0.1567879170179367,0.5569868087768555,0.0372738353908062,0.21541240811347961,0.033539097756147385,1,1
TCGA-A2-A3XW-01A-01-TSA.9E735B6D-B89D-4A42-9150-3A3CCBACF061,0.06874745339155197,0.19222106039524078,0.257462739944458,0.3715229034423828,0.11004580557346344,3,3
TCGA-A2-A3XX-01A-02-TSB.01B489E3-2FE7-4ED4-AF28-04850E1FD9FF,0.23480670154094696,0.17539618909358978,0.22328104078769684,0.2714157998561859,0.0951002836227417,3,3
TCGA-A2-A3XY-01A-01-TSA.6437CD74-9C3D-481E-923E-00A8681EC078,0.14203383028507233,0.4926113188266754,0.11300517618656158,0.20477916300296783,0.04757052659988403,1,1
TCGA-A2-A3XZ-01A-04-TSD.F4F20F43-4A8B-4697-A46A-E43250604983,0.22109133005142212,0.2415240854024887,0.150629460811615,0.3218044638633728,0.0649506077170372,3,3
TCGA-A2-A3Y0-01A-01-TSA.E893B34E-47F9-4B40-B0AC-3D217F32F614,0.8687441349029541,0.05277784913778305,0.0037844476755708456,0.07036849111318588,0.004325038753449917,0,0
TCGA-A2-A4RW-01A-02-TSB.32243877-C7DF-4FA5-BCA9-031B6E8F085F,0.06567248702049255,0.1607193946838379,0.3410576581954956,0.17118243873119354,0.2613680064678192,2,2
TCGA-A2-A4RX-01A-01-TSA.7303EA28-797E-4688-9881-417E0D773418,0.16590875387191772,0.20825226604938507,0.1878311187028885,0.17796674370765686,0.26004111766815186,4,4
TCGA-A2-A4RY-01A-03-TSC.AD01C137-2742-4508-A068-D87CAE17E1DA,0.017512550577521324,0.06255873292684555,0.31875932216644287,0.1222071424126625,0.47896236181259155,4,4
TCGA-A2-A4S0-01A-02-TSB.F1106319-81B9-4561-B6E3-D50282A0E42A,0.07489524781703949,0.15970122814178467,0.21386246383190155,0.509893536567688,0.041647523641586304,3,3
TCGA-A2-A4S2-01A-01-TSA.2C323592-205E-4066-AC07-3CF055B9089C,0.028275277465581894,0.06549125909805298,0.28526362776756287,0.17816565930843353,0.4428040683269501,4,4
TCGA-A2-A4S3-01A-02-TSB.8DF9D6C3-017C-448F-A04B-68F2F69279B7,0.07694803178310394,0.3193529546260834,0.1853526383638382,0.3135412931442261,0.1048051118850708,1,1
TCGA-A7-A0CD-01A-01-BSA.a48267de-7bf0-409f-a8b5-9712f2e06a90,0.027908045798540115,0.09172787517309189,0.48416733741760254,0.217284694314003,0.17891207337379456,2,2
TCGA-A7-A0CD-01A-01-TSA.8966c3d7-c0d2-47a4-badf-df9412a1e5f0,0.03735784813761711,0.09694691002368927,0.4083271026611328,0.383957177400589,0.07341088354587555,2,2
TCGA-A7-A0CE-01A-01-BS1.33fde61b-7c02-43d1-978f-56808f6a278e,0.5384719967842102,0.11919421702623367,0.01729719154536724,0.3175670802593231,0.007469511590898037,0,0
TCGA-A7-A0CE-01A-01-TS1.3025a9c8-a7e4-4048-bcf0-a28720c0f96b,0.436458557844162,0.1632024496793747,0.02822103537619114,0.35473063588142395,0.017387358471751213,0,0
TCGA-A7-A0CG-01A-01-BS1.418d89f9-9b2b-4918-abde-431da0a0e601,0.027243711054325104,0.07436022907495499,0.35227397084236145,0.13032370805740356,0.4157983958721161,4,4
TCGA-A7-A0CG-01A-01-TS1.7c898f34-39c1-4a61-bc74-e169bce13449,0.02025694213807583,0.055940862745046616,0.373580664396286,0.08142641186714172,0.46879515051841736,4,4
TCGA-A7-A0CH-01A-01-BS1.73ec327b-b515-483f-a8e0-acf503dbb16a,0.04878281056880951,0.30849120020866394,0.24703040719032288,0.3431895971298218,0.05250600352883339,3,3
TCGA-A7-A0CH-01A-02-BS2.35a53501-d7ed-4476-bf3e-60ae9b6b9829,0.053312286734580994,0.34968915581703186,0.08275008946657181,0.49926644563674927,0.014982035383582115,3,3
TCGA-A7-A0CJ-01A-02-BSB.c0dd564e-d0a6-4e94-b050-824b05d29f23,0.2019878476858139,0.2505494952201843,0.10039523988962173,0.4142515957355499,0.032815806567668915,3,3
TCGA-A7-A0CJ-01A-02-TSB.e090ba35-b5b7-469f-a267-8c8c68bc2c2b,0.1985577940940857,0.23157933354377747,0.09361011534929276,0.4484127163887024,0.027840038761496544,3,3
TCGA-A7-A0D9-01A-02-BS2.1b3d154c-b20b-48f4-a848-b568676ea619,0.12451102584600449,0.25141364336013794,0.21067917346954346,0.31567370891571045,0.09772250801324844,3,3
TCGA-A7-A0D9-01A-03-BS3.32f8b687-d044-4a69-a179-80ea0ee03c7b,0.21980252861976624,0.17694205045700073,0.14595915377140045,0.40967506170272827,0.04762124642729759,3,3
TCGA-A7-A0DA-01A-03-TS3.fec083e6-27fd-41ee-b44b-7bb1f9ec2d12,0.05618955194950104,0.33872342109680176,0.09906350076198578,0.4137045741081238,0.09231896698474884,3,3
TCGA-A7-A0DB-01A-01-BSA.9351ffab-bcdc-4b6d-82df-c9b696a96d9c,0.07832539081573486,0.3184680640697479,0.22378328442573547,0.22894836962223053,0.1504749357700348,1,1
TCGA-A7-A0DB-01A-01-TSA.490f70ed-fcdf-442d-b750-039b22d9464f,0.07798118889331818,0.33985498547554016,0.1803344190120697,0.26502567529678345,0.13680365681648254,1,1
TCGA-A7-A0DC-01A-01-BS1.1129f718-410c-4fb7-9eeb-7a04d76487b6,0.12499196082353592,0.12403906136751175,0.22991524636745453,0.4233291447162628,0.09772459417581558,3,3
TCGA-A7-A0DC-01A-01-TS1.19dd493c-9563-416b-8e3f-71c6ef3e8e95,0.14008387923240662,0.1175367683172226,0.17964455485343933,0.4981996417045593,0.06453517079353333,3,3
TCGA-A7-A13D-01A-01-BS1.3182c3e9-b439-4e20-9445-207142d22dba,0.21434858441352844,0.15437422692775726,0.13003820180892944,0.33281999826431274,0.1684189736843109,3,3
TCGA-A7-A13D-01A-01-TS1.e486c65b-370b-41df-8cd9-bcadaf1f88bd,0.15239258110523224,0.24931079149246216,0.16180863976478577,0.31558698415756226,0.12090105563402176,3,3
TCGA-A7-A13E-01A-01-BSA.6abb32ba-9836-4032-94cb-7113e0dce7aa,0.21191762387752533,0.16615210473537445,0.08279316127300262,0.5247645378112793,0.014372547157108784,3,3
TCGA-A7-A13E-01A-01-TSA.4f107ed6-13b7-4685-9baf-d7ba5a4adeff,0.06278117001056671,0.3817806541919708,0.14207109808921814,0.37869957089424133,0.03466746211051941,1,1
TCGA-A7-A13F-01A-01-BS1.96f41b20-1b8b-4a7d-93ed-6b8b2cbe1150,0.046810753643512726,0.1892537623643875,0.2980944812297821,0.16610567271709442,0.29973530769348145,4,4
TCGA-A7-A13F-01A-01-TS1.6e5cfefb-e31f-447e-b8cf-d3d5294d3421,0.04951253905892372,0.2405456006526947,0.262722373008728,0.17973294854164124,0.2674865424633026,4,4
TCGA-A7-A13G-01A-01-BS1.0f72aeb4-0052-486f-9305-449200e92028,0.052409037947654724,0.24330656230449677,0.3034742474555969,0.32455188035964966,0.07625826448202133,3,3
TCGA-A7-A13G-01A-01-TS1.a3f33960-ef9c-4b46-83d2-b08dc677f2bd,0.058980654925107956,0.2902526259422302,0.21951615810394287,0.40068092942237854,0.030569687485694885,3,3
TCGA-A7-A13H-01A-01-BS1.FB43E6CF-E952-476B-9A90-A506F37829A9,0.020035171881318092,0.052561644464731216,0.3159290850162506,0.07441139221191406,0.5370626449584961,4,4
TCGA-A7-A13H-01A-01-MS1.D6BDC38A-8528-46CA-91EE-4069A8CCD1C5,0.026868833228945732,0.0768466368317604,0.3494276702404022,0.10439026355743408,0.44246652722358704,4,4
TCGA-A7-A26E-01A-01-TSA.c3b5e8a1-130a-41b4-b05f-06f86abd3e21,0.011188351549208164,0.036394666880369186,0.4189354479312897,0.07222426682710648,0.4612571895122528,4,4
TCGA-A7-A26F-01A-02-TSB.3605e414-b036-4800-89b3-cb7db712c258,0.6300395131111145,0.22840823233127594,0.014208677224814892,0.10543186217546463,0.02191176451742649,0,0
TCGA-A7-A26G-01A-02-TSB.3260508e-32e6-47f3-b43b-91ec7056b27c,0.05262167006731033,0.2795376181602478,0.28699812293052673,0.21127484738826752,0.1695677638053894,2,2
TCGA-A7-A26H-01A-01-TSA.347c13da-e59c-4083-a1d1-1117d056129a,0.09481912851333618,0.24600675702095032,0.20503085851669312,0.35539504885673523,0.09874815493822098,3,3
TCGA-A7-A26I-01A-01-TSA.2fd782cc-a69a-4c7d-92a3-50f0c6351968,0.11363477259874344,0.3307344913482666,0.1030963584780693,0.33024582266807556,0.1222885400056839,1,1
TCGA-A7-A26J-01A-01-TSA.8fbc78f7-d21e-455a-989b-3779af6a0e95,0.06366769224405289,0.2291020154953003,0.28997018933296204,0.2975662052631378,0.11969393491744995,3,3
TCGA-A7-A2KD-01A-03-TSC.CC1E46B0-7920-4F91-AE61-A9A78BF724DB,0.06954017281532288,0.373039573431015,0.05236922204494476,0.49190929532051086,0.013141758739948273,3,3
TCGA-A7-A3IY-01A-02-TSB.6F9F17E8-548D-4FCA-83D8-1E3C62882BF5,0.0601336807012558,0.08960891515016556,0.3625848591327667,0.38804638385772705,0.09962614625692368,3,3
TCGA-A7-A3IZ-01A-01-TSA.EFEAFBBB-4EED-4894-BAFD-77AAC5783062,0.13012324273586273,0.16934169828891754,0.3385414779186249,0.2552485466003418,0.10674511641263962,2,2
TCGA-A7-A3J0-01A-01-TSA.B5370575-81BF-4A6F-9701-BD12587AE98C,0.047179799526929855,0.09922678023576736,0.4224505126476288,0.32707440853118896,0.10406852513551712,2,2
TCGA-A7-A3J1-01A-01-TSA.D14A671A-1EF3-4D1D-8253-B2D573FAE447,0.022406451404094696,0.03882500156760216,0.3822295367717743,0.054463714361190796,0.5020753145217896,4,4
TCGA-A7-A3RF-01A-01-TS1.88AFA1D1-A9CF-4E90-929A-023D9656B203,0.10562621057033539,0.184304341673851,0.138613760471344,0.5289528369903564,0.04250284284353256,3,3
TCGA-A7-A425-01A-01-TSA.D8ECCE2B-4CC3-4459-8C20-9F21DE0F9241,0.026340683922171593,0.08131369948387146,0.4697781801223755,0.147991344332695,0.2745760977268219,2,2
TCGA-A7-A426-01A-02-TSB.F4C4E7A7-98C9-44AA-8D15-A9A75D414482,0.01603645458817482,0.032078955322504044,0.36778590083122253,0.055332329124212265,0.528766393661499,4,4
TCGA-A7-A4SA-01A-01-TS1.6BABADF3-6C88-40C7-AF2E-C799B22BF428,0.02636067010462284,0.07562833279371262,0.39855262637138367,0.1553058624267578,0.34415245056152344,2,2
TCGA-A7-A4SB-01A-02-TSB.C5F241F1-8E0C-46A9-96CF-17AC925C51AC,0.029320579022169113,0.09642242640256882,0.23835432529449463,0.12027247995138168,0.5156301856040955,4,4
TCGA-A7-A4SC-01A-01-TS1.039AAA5C-0866-45EF-9FD2-36F9A6AA58AA,0.021609701216220856,0.05516863614320755,0.29691997170448303,0.08856034278869629,0.5377413630485535,4,4
TCGA-A7-A4SD-01A-01-TS1.1FF59A1D-351F-4F25-B843-667F387A2C04,0.5354702472686768,0.23857447504997253,0.01097634807229042,0.19778159260749817,0.017197290435433388,0,0
TCGA-A7-A4SE-01A-01-TSA.E85740C0-F763-4776-A6BB-847C10CCA21C,0.09276910871267319,0.29305458068847656,0.19293124973773956,0.2766364514827728,0.14460861682891846,1,1
TCGA-A7-A4SF-01A-01-TSA.A9D65EF2-4CD0-41BC-98D0-FF6495369BF3,0.16934210062026978,0.3996666371822357,0.09572137892246246,0.297614187002182,0.03765574097633362,1,1
TCGA-A7-A56D-01A-01-TS1.AD278013-D26A-4CA2-9B22-308E79763904,0.051611557602882385,0.44504931569099426,0.13884687423706055,0.2717640995979309,0.09272819012403488,1,1
TCGA-A7-A5ZV-01A-01-TS1.7D506802-D2B5-4BFB-AB73-B62C87558D9B,0.6142953038215637,0.10263039171695709,0.020862100645899773,0.23889485001564026,0.023317387327551842,0,0
TCGA-A7-A5ZW-01A-01-TS1.06909389-EBB0-43BB-AE11-A1C0449EADFA,0.02413669228553772,0.10636989772319794,0.3643060326576233,0.1585734635591507,0.3466140031814575,2,2
TCGA-A7-A5ZX-01A-01-TS1.34A6187F-702F-49C0-BF87-4C496FB5DD43,0.009870732203125954,0.02886933833360672,0.34949612617492676,0.040585748851299286,0.5711780786514282,4,4
TCGA-A7-A6VV-01A-02-TS2.B2C40F30-C888-4D29-8972-90912466A8B7,0.2045641392469406,0.3824838399887085,0.09517595916986465,0.20312659442424774,0.11464949697256088,1,1
TCGA-A7-A6VW-01A-02-TS2.4A09D2AC-A574-40F1-9247-2729EFD0EDAA,0.3209311068058014,0.2157868891954422,0.03787866607308388,0.41185006499290466,0.01355330552905798,3,3
TCGA-A7-A6VX-01A-01-TSA.FAF08659-F16A-431F-BC37-276F833282B1,0.10441281646490097,0.17118848860263824,0.26384201645851135,0.2371615320444107,0.22339509427547455,2,2
TCGA-A7-A6VY-01A-01-TS1.4B42F3E6-561C-47FF-A124-DE2462E1667B,0.0706295520067215,0.46359726786613464,0.07619711011648178,0.3636878430843353,0.025888245552778244,1,1
TCGA-A8-A06N-01A-01-BS1.12bf6cf9-767e-469a-ab07-accd6b3b134e,0.2215580940246582,0.202231302857399,0.06635131686925888,0.46449413895606995,0.04536514729261398,3,3
TCGA-A8-A06N-01A-01-TS1.0e8d431f-4df4-4e2e-a8d2-3febb0f1beb9,0.4016304314136505,0.15772001445293427,0.04018225520849228,0.37586310505867004,0.024604227393865585,0,0
TCGA-A8-A06O-01A-01-BS1.7234aaa1-d5b0-41e1-a65a-8011581f6073,0.12873722612857819,0.22434723377227783,0.22784699499607086,0.3423048257827759,0.07676368951797485,3,3
TCGA-A8-A06O-01A-01-TS1.c6bc9018-5000-4232-b406-8bd4d515f473,0.1243102177977562,0.26839354634284973,0.1314089149236679,0.4276963174343109,0.04819096252322197,3,3
TCGA-A8-A06P-01A-01-BS1.841bd06a-953c-4c04-af50-23d530579908,0.0658460333943367,0.3674412667751312,0.17878906428813934,0.3388335704803467,0.049090053886175156,1,1
TCGA-A8-A06P-01A-01-TS1.bfe56de2-bb0d-4164-ac99-cd126521b63d,0.030653465539216995,0.3220566213130951,0.25762808322906494,0.28222763538360596,0.1074342355132103,1,1
TCGA-A8-A06Q-01A-01-BS1.3e519802-6b1b-46b6-8e86-0151159873bb,0.5880191326141357,0.20191968977451324,0.016039595007896423,0.1863485872745514,0.007672975305467844,0,0
TCGA-A8-A06Q-01A-01-TS1.6a3caeab-6ec9-4829-b7e2-dbe7a6279a54,0.5872746706008911,0.20827294886112213,0.01656385511159897,0.17650611698627472,0.011382393538951874,0,0
TCGA-A8-A06R-01A-01-BS1.81f34f39-e1c2-4769-aaa3-5aa5df1c3543,0.14746202528476715,0.34201833605766296,0.07617900520563126,0.36213672161102295,0.0722038745880127,3,3
TCGA-A8-A06R-01A-01-TS1.c1e2ceb6-b40d-4ab6-a891-f8a3642dbb8e,0.09021852910518646,0.3002019226551056,0.1553882509469986,0.27970966696739197,0.17448171973228455,1,1
TCGA-A8-A06T-01A-01-BS1.288263c3-b0ed-4b09-baba-f44f099ec7b3,0.23735105991363525,0.16865606606006622,0.05676049739122391,0.5205080509185791,0.016724301502108574,3,3
TCGA-A8-A06T-01A-01-TS1.c5584b57-d2a6-45dc-aebb-33f801b5a3f0,0.24261754751205444,0.17521028220653534,0.06638562679290771,0.49917072057724,0.0166158564388752,3,3
TCGA-A8-A06U-01A-01-BS1.1182603b-20e7-4a0e-a686-055841cf5ca4,0.09905674308538437,0.13766708970069885,0.2557161748409271,0.31559884548187256,0.1919611692428589,3,3
TCGA-A8-A06X-01A-02-BS2.eaf95778-4d99-4a85-bff2-57e2c66bebac,0.12805385887622833,0.146485835313797,0.24952632188796997,0.329342782497406,0.1465912014245987,3,3
TCGA-A8-A06X-01A-02-MS2.0554a423-cfcb-4daa-9c57-dd3960aa2614,0.0533129945397377,0.08873932808637619,0.25668540596961975,0.1931234449148178,0.4081387519836426,4,4
TCGA-A8-A06Y-01A-01-BS1.69eb0a92-553f-49ee-a172-7ce427e7b151,0.06771295517683029,0.20831160247325897,0.1778416931629181,0.31400465965270996,0.23212909698486328,3,3
TCGA-A8-A06Y-01A-02-BS2.2c1965cc-99ae-48ee-8abd-5d0ae6727a33,0.057771895080804825,0.1435297578573227,0.2703026235103607,0.24605903029441833,0.2823367118835449,4,4
TCGA-A8-A06Z-01A-01-BS1.d29f4573-c196-4e24-813d-131a00f55b78,0.1737721562385559,0.1043497771024704,0.07030799239873886,0.6385654211044312,0.013004682026803493,3,3
TCGA-A8-A06Z-01A-01-TS1.7bbdf988-c2f4-4c2a-975d-249efe34d802,0.04566526785492897,0.1273266226053238,0.29836681485176086,0.22093550860881805,0.30770576000213623,4,4
TCGA-A8-A075-01A-01-BS1.f15749fb-e5fd-4124-ad85-eec12751816b,0.16482485830783844,0.19781523942947388,0.04443393275141716,0.5676016807556152,0.025324314832687378,3,3
TCGA-A8-A075-01A-01-TS1.3658536c-c029-4685-979f-11e914e53e4e,0.11516804248094559,0.30645987391471863,0.06047944352030754,0.49034690856933594,0.027545666322112083,3,3
TCGA-A8-A076-01A-02-BSB.7619e564-4d3c-40b9-ad85-5bb8dd934d3b,0.13317421078681946,0.2946178615093231,0.04980068653821945,0.4906422793865204,0.03176502138376236,3,3
TCGA-A8-A076-01A-02-TSB.6a8058db-d92b-4a26-8b84-5ccd4cb198e3,0.15168067812919617,0.2630252242088318,0.08509476482868195,0.45782122015953064,0.04237813130021095,3,3
TCGA-A8-A079-01A-02-BS2.af4b2721-1e8c-4b61-b03f-1a50c2366832,0.13134244084358215,0.18166744709014893,0.1407243311405182,0.49359652400016785,0.052669212222099304,3,3
TCGA-A8-A079-01A-02-MS2.62d794d5-a44b-493b-be71-30f31bc80b9e,0.09896908700466156,0.2192784696817398,0.13333694636821747,0.5073800086975098,0.0410354882478714,3,3
TCGA-A8-A07B-01A-01-BS1.b1f937c2-0868-4c6a-a85f-cc4853c0a639,0.07606178522109985,0.3948120176792145,0.14101830124855042,0.3375581204891205,0.05054975301027298,1,1
TCGA-A8-A07B-01A-01-TS1.0e9cc322-519c-49e1-ab3b-25e66a24ef92,0.05817129462957382,0.32258573174476624,0.18838433921337128,0.32381895184516907,0.10703964531421661,3,3
TCGA-A8-A07C-01A-01-BS1.eadc6878-4240-45b2-b1a1-b1ea9fabf910,0.5777010321617126,0.11406327039003372,0.02187793329358101,0.2760769724845886,0.01028080377727747,0,0
TCGA-A8-A07C-01A-01-TS1.7dee31cc-5d71-4358-b225-6010ad89c170,0.4072292745113373,0.1542906016111374,0.025532634928822517,0.4035117030143738,0.009435786865651608,0,0
TCGA-A8-A07E-01A-01-BS1.8abb7f07-0836-454b-9461-a86ada8f2188,0.05043135955929756,0.1997683197259903,0.36906808614730835,0.15508638322353363,0.22564586997032166,2,2
TCGA-A8-A07E-01A-01-TS1.6861c3fd-60df-457a-8d4f-28298d7d15c6,0.03431292995810509,0.11629185825586319,0.35642871260643005,0.18873000144958496,0.3042365312576294,2,2
TCGA-A8-A07F-01A-01-BS1.288ddf7f-30dc-4fed-a4ca-18fa8172e3ee,0.09577444195747375,0.2876182794570923,0.25604796409606934,0.2771710455417633,0.08338825404644012,1,1
TCGA-A8-A07F-01A-01-TS1.b4547802-0778-49f5-8465-4e3de9ffbf41,0.031295180320739746,0.19969092309474945,0.3120546340942383,0.22238291800022125,0.23457637429237366,2,2
TCGA-A8-A07G-01A-01-BS1.77d7598e-9d52-424b-8e97-50f45155b8b7,0.03721953555941582,0.3068608045578003,0.3280241787433624,0.22925975918769836,0.09863569587469101,2,2
TCGA-A8-A07G-01A-01-TS1.ed5520f2-535b-4bb4-b580-b2372714d3fb,0.038406629115343094,0.4258890151977539,0.19361840188503265,0.27777400612831116,0.06431195139884949,1,1
TCGA-A8-A07I-01A-01-BSA.f3f1a0f0-5e66-4829-aa6d-c692c13a8bf8,0.06473979353904724,0.244638130068779,0.2857578694820404,0.3308396339416504,0.07402457296848297,3,3
TCGA-A8-A07I-01A-01-TSA.582a3393-09bb-43b2-907c-ba9c27db5b13,0.050001684576272964,0.3240604102611542,0.13769444823265076,0.4449661076068878,0.04327735677361488,3,3
TCGA-A8-A07J-01A-01-BS1.c9f54364-bf94-4431-9d02-8c2ec1732d02,0.02354316972196102,0.14308714866638184,0.4058510959148407,0.14777866005897522,0.2797398269176483,2,2
TCGA-A8-A07J-01A-01-TS1.d11bd110-d6ef-46c3-b41c-c09ef5f61f3d,0.03276805952191353,0.19400765001773834,0.36499691009521484,0.18237696588039398,0.22585038840770721,2,2
TCGA-A8-A07J-01A-02-BS2.5d44b586-7e36-46f9-bfc8-8f8afce34625,0.03185272216796875,0.1349177360534668,0.397914856672287,0.16461624205112457,0.2706984281539917,2,2
TCGA-A8-A07L-01A-01-BS1.d3dbb2ea-0d8a-4fe3-8a68-77c86ce5dd6b,0.04911212995648384,0.25168612599372864,0.16847215592861176,0.4951172471046448,0.03561234101653099,3,3
TCGA-A8-A07L-01A-01-TS1.ef6b6a88-8ca0-4d4f-90fe-4996e6a12e0f,0.047177840024232864,0.25733739137649536,0.1194353774189949,0.550426185131073,0.025623252615332603,3,3
TCGA-A8-A07O-01A-01-BS1.073882c6-14ca-4b97-8992-fbfe1e9479c7,0.8274267315864563,0.07034503668546677,0.007219376508146524,0.08888412266969681,0.006124777253717184,0,0
TCGA-A8-A07O-01A-01-TS1.19908799-8b6d-43fb-8555-2db3071f0d31,0.837432324886322,0.049595583230257034,0.00729938130825758,0.10162673145532608,0.004045969806611538,0,0
TCGA-A8-A07P-01A-01-BS1.4bb95702-b8db-403d-9f30-1519eb9c7b11,0.20336145162582397,0.23508411645889282,0.07327742129564285,0.47377586364746094,0.01450114231556654,3,3
TCGA-A8-A07P-01A-01-TS1.26774e35-740d-4849-b1bb-b89bbc1667d4,0.19954605400562286,0.3046562671661377,0.05373797565698624,0.42513322830200195,0.01692647486925125,3,3
TCGA-A8-A07R-01A-01-BS1.12d7cbf6-6c9e-43b0-b386-4ba1a0a29e04,0.19778704643249512,0.3021492660045624,0.10583928972482681,0.33979588747024536,0.05442851781845093,3,3
TCGA-A8-A07R-01A-02-BS2.b6186fb0-2c74-487c-8d80-1fbc33600982,0.32579320669174194,0.24073991179466248,0.07968832552433014,0.3208079934120178,0.03297049552202225,0,0
TCGA-A8-A07S-01A-01-BS1.84cf353c-1994-430c-9ad3-f8dfe6f72b4b,0.0999366044998169,0.1896388977766037,0.10797315835952759,0.5876092314720154,0.014842174015939236,3,3
TCGA-A8-A07S-01A-01-TS1.ea94ca6e-4047-4eb8-8218-a9a393fb347d,0.061895228922367096,0.19668124616146088,0.11813899129629135,0.602083146572113,0.021201441064476967,3,3
TCGA-A8-A07U-01A-01-MS1.92764161-0edd-431b-a770-259c8e240364,0.5093139410018921,0.24044552445411682,0.0359051451086998,0.1963113695383072,0.018024081364274025,0,0
TCGA-A8-A07U-01A-01-TS1.f7ef0926-a88e-4ad1-88a4-2369a3b8e5dd,0.48181095719337463,0.2325451523065567,0.05326457694172859,0.19286897778511047,0.03951026126742363,0,0
TCGA-A8-A07W-01A-01-BSA.0f13b36e-14b4-4e59-8800-2e8d86b08079,0.13779900968074799,0.260033518075943,0.10036718100309372,0.4775211215019226,0.024279147386550903,3,3
TCGA-A8-A07W-01A-01-TSA.eae41004-b3f5-4528-9e95-cbda9ea764c1,0.08777318149805069,0.2836883068084717,0.08599972724914551,0.5122573971748352,0.030281364917755127,3,3
TCGA-A8-A07Z-01A-01-BS1.9ea011c8-570d-479f-9023-54ddc5fe1e04,0.09414982050657272,0.21505020558834076,0.12400101125240326,0.5344312191009521,0.03236778452992439,3,3
TCGA-A8-A07Z-01A-01-TS1.3f1c6bb6-4c45-41ab-96cd-8b9003751009,0.06722985953092575,0.08634547144174576,0.19483453035354614,0.3225294351577759,0.32906070351600647,4,4
TCGA-A8-A081-01A-01-BS1.e32b7065-c27c-48dc-bfc1-97ec920ee1a4,0.18916651606559753,0.165305957198143,0.04720050469040871,0.5864788293838501,0.011848174035549164,3,3
TCGA-A8-A081-01A-01-TS1.83c4b643-47aa-4bfb-b116-0fd0146e4fc5,0.2667993903160095,0.28653857111930847,0.0676988735795021,0.3448094427585602,0.03415367007255554,3,3
TCGA-A8-A082-01A-01-BS1.eb5e4053-9044-46f8-adeb-93d86318ec71,0.10831637680530548,0.14452926814556122,0.07600512355566025,0.6584208607673645,0.012728477828204632,3,3
TCGA-A8-A082-01A-01-TS1.3cad4a77-47a6-4658-becf-d8cffa161d3a,0.09113354980945587,0.10895486176013947,0.06255032867193222,0.7243993282318115,0.012961902655661106,3,3
TCGA-A8-A083-01A-01-BS1.c88095e4-de9c-4e38-ac8e-70ac290b1dfb,0.15642410516738892,0.1540938764810562,0.050748907029628754,0.6254417300224304,0.013291486538946629,3,3
TCGA-A8-A083-01A-02-MS2.b47eda6e-54a6-4cfe-be0b-bbcb776be723,0.11013101786375046,0.16169393062591553,0.07630658149719238,0.6358597278594971,0.016008775681257248,3,3
TCGA-A8-A084-01A-02-BS2.17dfc662-eae2-414b-96c7-741071b4955b,0.06802359223365784,0.279975563287735,0.1391584575176239,0.4490813612937927,0.06376101821660995,3,3
TCGA-A8-A084-01A-02-MS2.20452f22-4c24-488f-a8e5-e7594579888c,0.03482140600681305,0.3672540485858917,0.1230824813246727,0.41078194975852966,0.0640600249171257,3,3
TCGA-A8-A085-01A-01-BS1.6119b721-29a2-4fbc-ac0b-1091877a8b29,0.06285396218299866,0.2632911205291748,0.13128477334976196,0.5273956060409546,0.015174537897109985,3,3
TCGA-A8-A085-01A-01-TS1.fa2aa0e5-c6fb-44fa-b407-9fa5b2912a81,0.049444131553173065,0.38993901014328003,0.19329579174518585,0.2898692786693573,0.07745178788900375,1,1
TCGA-A8-A086-01A-01-BSA.f75d10e3-5a89-4b4f-9b40-6bca77731bb2,0.037237703800201416,0.24575655162334442,0.24858352541923523,0.41276490688323975,0.05565737932920456,3,3
TCGA-A8-A086-01A-01-TSA.a432a95f-5863-4ad9-a2eb-7f986c62e096,0.030862271785736084,0.2406524121761322,0.18710748851299286,0.5035781264305115,0.037799663841724396,3,3
TCGA-A8-A08A-01A-01-BS1.db510b27-0937-42da-b559-6d65271401f1,0.09569757431745529,0.2982614040374756,0.098252072930336,0.4894530177116394,0.018335962668061256,3,3
TCGA-A8-A08A-01A-01-TS1.e7bdf564-67d2-46dc-bd6a-439cdc74e163,0.10379316657781601,0.2780473828315735,0.08194953203201294,0.5161579251289368,0.0200519822537899,3,3
TCGA-A8-A08B-01A-01-BS1.cd256d6e-99c5-4b32-8bbc-7c1811004b8b,0.10898217558860779,0.24759207665920258,0.2587924897670746,0.2731665372848511,0.11146674305200577,3,3
TCGA-A8-A08B-01A-01-MS1.6513191e-0189-4a23-9a56-5ac94a553b43,0.14062993228435516,0.21372683346271515,0.21445664763450623,0.3087984323501587,0.12238816171884537,3,3
TCGA-A8-A08C-01A-01-BS1.5330b5f5-7bcf-4ca1-8ebc-cae280221961,0.06300555914640427,0.19126349687576294,0.1877208799123764,0.538976788520813,0.01903325319290161,3,3
TCGA-A8-A08C-01A-01-TS1.fc1246d4-246a-482f-a819-b80f25b95f87,0.07140294462442398,0.26998957991600037,0.11587221920490265,0.5226076245307922,0.020127614960074425,3,3
TCGA-A8-A08F-01A-01-BS1.efa980a8-9019-4413-94a1-72f68fe860e9,0.2407720983028412,0.2615346908569336,0.04579704627394676,0.4389324188232422,0.012963751330971718,3,3
TCGA-A8-A08F-01A-01-TS1.e2b24767-1df7-431b-bba2-45d1b4e767d8,0.2742888629436493,0.23665909469127655,0.04689040035009384,0.4303935170173645,0.011768094263970852,3,3
TCGA-A8-A08G-01A-01-BS1.1db0beb9-ba79-4391-8e89-ba0ece7fd68c,0.10525372624397278,0.28756189346313477,0.22132815420627594,0.32546940445899963,0.060386862605810165,3,3
TCGA-A8-A08G-01A-01-TS1.00c53463-683f-443f-b693-5673b3b564ff,0.13252849876880646,0.3268791139125824,0.08220219612121582,0.43864548206329346,0.019744722172617912,3,3
TCGA-A8-A08H-01A-01-BS1.ec8e361e-ad57-4505-8cee-f897eca575c5,0.05306904762983322,0.3086200952529907,0.16225366294384003,0.39024579524993896,0.08581143617630005,3,3
TCGA-A8-A08H-01A-02-BS2.26653396-4d2c-4614-9cb1-244e7d4fdfae,0.06125107407569885,0.223710298538208,0.19925378262996674,0.4049433767795563,0.11084145307540894,3,3
TCGA-A8-A08I-01A-01-BS1.6a1dc7c0-efb4-45dd-b714-b4f97c92ac2f,0.34831079840660095,0.1160019263625145,0.0547078438103199,0.4629760682582855,0.018003376200795174,3,3
TCGA-A8-A08I-01A-01-TS1.0634cf0b-038e-4a34-9c8e-37634b5bd935,0.3877905607223511,0.17205648124217987,0.051981765776872635,0.364322692155838,0.023848455399274826,0,0
TCGA-A8-A08J-01A-01-BS1.c5948da8-a676-4cbf-819c-b636c968cf46,0.06486216187477112,0.31083163619041443,0.06383444368839264,0.5310214161872864,0.02945030853152275,3,3
TCGA-A8-A08J-01A-01-TS1.51017c5f-8abd-4c99-89c9-b94a5a64249f,0.061102334409952164,0.3286486864089966,0.07546871900558472,0.4916624426841736,0.043117839843034744,3,3
TCGA-A8-A08L-01A-01-BSA.974269aa-b6eb-414a-afc3-0b0ceb146c9f,0.3968908488750458,0.2143191248178482,0.024082999676465988,0.3503381311893463,0.014368897303938866,0,0
TCGA-A8-A08L-01A-01-TSA.ecd66fe2-ffc0-402e-8808-7dedb0f6a5b9,0.26995420455932617,0.34181395173072815,0.05089842155575752,0.2938616871833801,0.04347175359725952,1,1
TCGA-A8-A08O-01A-01-BS1.4d78f0ab-bbcc-469e-a381-a4e9b763fd03,0.08107398450374603,0.17649559676647186,0.2898966073989868,0.378570556640625,0.0739632397890091,3,3
TCGA-A8-A08O-01A-02-BS2.6b4babf5-86ae-4b21-ba69-9ea213e76c0d,0.061835624277591705,0.27867627143859863,0.22033706307411194,0.3588981330394745,0.08025294542312622,3,3
TCGA-A8-A08P-01A-01-BS1.c33472d7-2ca3-4195-a4fb-48118362da45,0.1329990178346634,0.2800029218196869,0.05608011782169342,0.5048826932907104,0.02603529952466488,3,3
TCGA-A8-A08P-01A-01-TS1.f72d0f1e-98aa-42b1-9c2c-6e3ed1be276e,0.10316909104585648,0.33464622497558594,0.07220255583524704,0.456957072019577,0.03302500396966934,3,3
TCGA-A8-A08R-01A-01-BS1.7d1f1daf-4f4f-4126-8b13-3febf866f042,0.22411860525608063,0.3636254072189331,0.059079430997371674,0.3277919590473175,0.02538464590907097,1,1
TCGA-A8-A08R-01A-01-MS1.cb32d356-ca60-4eab-b186-b63ed3b941d1,0.18216466903686523,0.32020726799964905,0.08529733121395111,0.38559773564338684,0.026732955127954483,3,3
TCGA-A8-A08S-01A-01-BS1.9e9cf174-2338-4507-b5cd-a76dc2a138cc,0.058047231286764145,0.22949248552322388,0.07957136631011963,0.6000808477401733,0.032808057963848114,3,3
TCGA-A8-A08S-01A-01-MS1.12f19cd6-d2de-4cb9-9856-60f68d3d9415,0.038463104516267776,0.27469903230667114,0.092856265604496,0.5633841753005981,0.030597425997257233,3,3
TCGA-A8-A08T-01A-01-BS1.a4f425d3-222d-4ef0-96f4-97bdde661971,0.06474117189645767,0.18976710736751556,0.3037283420562744,0.36299705505371094,0.0787663385272026,3,3
TCGA-A8-A08T-01A-02-BS2.f401c61c-3713-4bb9-a709-71423c478c8b,0.05137040466070175,0.265550822019577,0.20375195145606995,0.3013196289539337,0.17800721526145935,3,3
TCGA-A8-A08X-01A-01-BS1.e4d6c832-f42b-4a1d-8a98-4fbdb3ce0e2a,0.08876710385084152,0.3081090450286865,0.18427914381027222,0.31553396582603455,0.10331074893474579,3,3
TCGA-A8-A08X-01A-02-BS2.4b3c6470-5a74-4ef6-a268-8fdb5b0f02ad,0.07523206621408463,0.37319666147232056,0.14459455013275146,0.3358147442340851,0.07116195559501648,1,1
TCGA-A8-A08Z-01A-01-BS1.1fb87e93-fd85-4c69-a7e0-a8e3d889851a,0.053145717829465866,0.3218209743499756,0.1701062172651291,0.3813071548938751,0.07361993938684464,3,3
TCGA-A8-A08Z-01A-02-BS2.5d948ef0-cfa3-40bd-a383-ba99e6b28378,0.1282074749469757,0.2540327310562134,0.142425999045372,0.42085111141204834,0.0544825978577137,3,3
TCGA-A8-A090-01A-01-BS1.8191e1aa-9dc1-4474-ba6e-92e33942722e,0.04127729684114456,0.12451193481683731,0.3227371275424957,0.2824447453022003,0.22902889549732208,2,2
TCGA-A8-A090-01A-01-TS1.6fd65ca8-2e04-4f0b-902a-070cd65c2d93,0.06555747985839844,0.14886941015720367,0.2965008020401001,0.25040239095687866,0.23866993188858032,2,2
TCGA-A8-A091-01A-01-BS1.e7e9318d-a627-472a-9f2e-10cc917036d3,0.14292755722999573,0.09094671905040741,0.24555033445358276,0.47416508197784424,0.046410348266363144,3,3
TCGA-A8-A091-01A-01-TS1.c06440ae-88c4-4ed8-a1be-cd23967db5c3,0.13562466204166412,0.1422545611858368,0.24042314291000366,0.42799893021583557,0.05369871109724045,3,3
TCGA-A8-A092-01A-01-BS1.32f105e4-98d4-424c-a3d5-b103a6e7bc20,0.04844940826296806,0.28937670588493347,0.22827671468257904,0.3772635757923126,0.056633640080690384,3,3
TCGA-A8-A092-01A-01-TS1.02da5bd6-e61a-4986-943e-a0afcfaf3d28,0.05437308922410011,0.3503803312778473,0.18387015163898468,0.3294247090816498,0.08195178955793381,1,1
TCGA-A8-A093-01A-01-BS1.3909d441-2e91-4182-ad97-9e55853961a9,0.023058447986841202,0.06911949068307877,0.36012381315231323,0.1034577265381813,0.4442405104637146,4,4
TCGA-A8-A093-01A-01-TS1.7e6676b5-51e6-4111-b21d-d11367681795,0.031895849853754044,0.2661108076572418,0.22828759253025055,0.431794673204422,0.04191112518310547,3,3
TCGA-A8-A094-01A-01-BS1.f21f55c9-cd4c-4677-ba95-bfe2e6a5ee0d,0.10656117647886276,0.470843642950058,0.07968859374523163,0.3181902766227722,0.024716271087527275,1,1
TCGA-A8-A094-01A-01-TS1.f4ebf386-f3b5-4bd4-8cb5-64c14fe6bc94,0.0805378183722496,0.4421384930610657,0.036668483167886734,0.4322988986968994,0.008356299251317978,1,1
TCGA-A8-A095-01A-01-BS1.4a8ab901-ac44-4973-8507-03d54f82e067,0.053855050355196,0.14525191485881805,0.33243870735168457,0.316928505897522,0.15152578055858612,2,2
TCGA-A8-A095-01A-01-TS1.6e35462c-2639-48ee-9503-d2689ebb0346,0.0533936433494091,0.20334802567958832,0.27268004417419434,0.3589979410171509,0.11158038675785065,3,3
TCGA-A8-A096-01A-01-BS1.fee8e940-d009-4580-b5dd-148a0218e31e,0.10477190464735031,0.3685699701309204,0.084871806204319,0.4106729328632355,0.0311133936047554,3,3
TCGA-A8-A096-01A-01-TS1.e065fb32-52f0-49dd-a724-c689ee567379,0.05645068734884262,0.29402145743370056,0.18511280417442322,0.3041771352291107,0.16023795306682587,3,3
TCGA-A8-A097-01A-01-BS1.6b89928e-f322-487e-8b96-819e432ebd1b,0.057290561497211456,0.18404839932918549,0.35855555534362793,0.2491409331560135,0.15096451342105865,2,2
TCGA-A8-A097-01A-01-TS1.00bd646a-58cb-4be4-b2ae-9368143eaa9b,0.07422694563865662,0.2412784993648529,0.27244043350219727,0.2747085392475128,0.1373455673456192,3,3
TCGA-A8-A099-01A-01-BS1.8f83e876-23f9-4e23-b666-b08e1ef864ab,0.07149511575698853,0.17911255359649658,0.27419108152389526,0.44397538900375366,0.03122585639357567,3,3
TCGA-A8-A099-01A-01-TS1.db6b41ce-27e3-44b2-9c61-6e218f9a75b4,0.08557479828596115,0.291638046503067,0.15937992930412292,0.4475085735321045,0.015898706391453743,3,3
TCGA-A8-A09A-01A-01-BS1.9c0690b1-13f1-4641-bf73-fa3949875cea,0.05541328713297844,0.2989529073238373,0.26220735907554626,0.2704600691795349,0.11296640336513519,1,1
TCGA-A8-A09A-01A-01-TS1.9b259e19-e7be-4916-9123-ae29f5d62c30,0.07347795367240906,0.41014039516448975,0.19141271710395813,0.2347451150417328,0.0902237817645073,1,1
TCGA-A8-A09B-01A-01-BS1.57e0c9cd-4447-483c-9102-01ce22d30235,0.06513570994138718,0.22020235657691956,0.26323413848876953,0.3809552490711212,0.0704725980758667,3,3
TCGA-A8-A09B-01A-01-TS1.02ded2f9-3484-42a5-a755-083c53b27f68,0.042467307299375534,0.15719862282276154,0.3638454079627991,0.19614504277706146,0.2403436303138733,2,2
TCGA-A8-A09C-01A-01-BS1.22b0b4ca-9aa2-4ef8-a0b3-933476fbd987,0.0535261444747448,0.1695633977651596,0.24550724029541016,0.49386999011039734,0.037533193826675415,3,3
TCGA-A8-A09C-01A-01-TS1.60187ffe-746b-4a98-a6b2-06a6f884f04a,0.03836977854371071,0.2754114270210266,0.15330272912979126,0.4680085778236389,0.0649074986577034,3,3
TCGA-A8-A09D-01A-01-BS1.f67237cc-27c1-4b63-8a9c-5c63791b740c,0.061114709824323654,0.18247993290424347,0.35811272263526917,0.2844557464122772,0.11383692175149918,2,2
TCGA-A8-A09D-01A-01-TS1.b95dc7b7-f0f3-4eea-be5c-2323c57e8a61,0.05803404748439789,0.21754884719848633,0.13084325194358826,0.5457540154457092,0.04781985655426979,3,3
TCGA-A8-A09E-01A-01-BS1.132ec21b-efd0-4a1a-88a1-af3c615e4647,0.08471760898828506,0.12133517116308212,0.18461613357067108,0.5691583156585693,0.04017282649874687,3,3
TCGA-A8-A09E-01A-01-TS1.cd6ea8c1-5427-4be5-9ccf-8fdc40249000,0.10897663235664368,0.1488218456506729,0.16849465668201447,0.526492714881897,0.04721421003341675,3,3
TCGA-A8-A09G-01A-01-BS1.d16e6e1e-268a-4973-97c5-8aa9cdef622b,0.09423262625932693,0.3446539640426636,0.15853843092918396,0.26353704929351807,0.13903793692588806,1,1
TCGA-A8-A09G-01A-02-BS2.e110bb6c-7c19-4ace-9507-14ef5714a74d,0.12225081771612167,0.3710983395576477,0.14103060960769653,0.25481855869293213,0.11080165207386017,1,1
TCGA-A8-A09I-01A-01-BS1.b0debb62-86b0-459f-b62b-604bb9f17e5d,0.1529175192117691,0.2874414920806885,0.04561562463641167,0.49953410029411316,0.014491238631308079,3,3
TCGA-A8-A09I-01A-02-BS2.ca9aacf2-573b-4af2-bc50-5213526eb3a3,0.12170151621103287,0.3025131821632385,0.09202437847852707,0.4468366801738739,0.036924272775650024,3,3
TCGA-A8-A09K-01A-01-MS1.9dbe0a3e-7e8d-46f8-9819-6d130fb03459,0.23961441218852997,0.10571156442165375,0.13787339627742767,0.473037987947464,0.04376258701086044,3,3
TCGA-A8-A09K-01A-01-TS1.8443b0b9-57e1-4bd2-957d-033a523b4caf,0.28721877932548523,0.10707180202007294,0.1396726369857788,0.4294101595878601,0.03662654757499695,3,3
TCGA-A8-A09M-01A-01-BSA.09767559-4f73-4048-9655-76c73dcd8322,0.11188743263483047,0.37363240122795105,0.06782259047031403,0.42203444242477417,0.024623118340969086,3,3
TCGA-A8-A09M-01A-01-TSA.d3865338-2456-4943-93b3-7bf1e3749684,0.1390804797410965,0.24181456863880157,0.05749792233109474,0.5448827147483826,0.016724243760108948,3,3
TCGA-A8-A09N-01A-01-BS1.48ca5ab6-429b-420a-9a89-7605aee874ab,0.0890902504324913,0.34066805243492126,0.21460989117622375,0.2625684440135956,0.0930633470416069,1,1
TCGA-A8-A09N-01A-01-TS1.7e5b6b2c-52b7-4b2a-bb39-b2e8aef29605,0.07582194358110428,0.17641475796699524,0.31550633907318115,0.2874659597873688,0.14479096233844757,2,2
TCGA-A8-A09Q-01A-01-BS1.4f8c6124-a269-4b1f-ab08-efc7806ca913,0.2966153025627136,0.27128148078918457,0.04026345536112785,0.3723726272583008,0.01946704275906086,3,3
TCGA-A8-A09Q-01A-01-TS1.d65e2efa-2d03-4fc4-924c-a87a612ec8d1,0.22094105184078217,0.3596528470516205,0.040986981242895126,0.34649065136909485,0.03192843869328499,1,1
TCGA-A8-A09R-01A-01-BS1.e7c57b70-0da9-4500-adf7-e58735f6aac7,0.06951359659433365,0.36035245656967163,0.05812128633260727,0.49550661444664,0.01650606095790863,3,3
TCGA-A8-A09R-01A-01-TS1.76685425-6076-43bb-84d6-7b36393af99f,0.056222863495349884,0.38297781348228455,0.0841326043009758,0.4429739713668823,0.03369279205799103,3,3
TCGA-A8-A09T-01A-01-BS1.ea346b92-4ab8-40b7-a058-681a2a269463,0.06109277531504631,0.3480294644832611,0.12922680377960205,0.40362849831581116,0.058022402226924896,3,3
TCGA-A8-A09T-01A-01-TS1.46733e61-04d6-4b8f-97ba-d115e9208e9b,0.06487453728914261,0.3034554123878479,0.2079763561487198,0.3128909468650818,0.11080272495746613,3,3
TCGA-A8-A09V-01A-01-BS1.2d168522-0774-4867-a685-672e2fa1d0d0,0.014868752099573612,0.09097670763731003,0.5236656665802002,0.20379038155078888,0.16669850051403046,2,2
TCGA-A8-A09V-01A-01-TS1.14e629f6-1c04-41cc-9143-ac7a14f40f87,0.020690297707915306,0.20508979260921478,0.402467280626297,0.2559077739715576,0.11584480851888657,2,2
TCGA-A8-A09W-01A-01-BS1.35bdda00-d682-4d57-8ce9-d1e7234b0db8,0.058170419186353683,0.20050685107707977,0.292794406414032,0.29312366247177124,0.15540467202663422,3,3
TCGA-A8-A09W-01A-01-TS1.98c12c3a-dc1b-4e28-b3ce-89c5ad01c8bc,0.03175421804189682,0.07084006071090698,0.3502180278301239,0.11152295023202896,0.43566471338272095,4,4
TCGA-A8-A09X-01A-01-BS1.6f6ae7cd-631e-4030-9183-725f5a48c942,0.17226548492908478,0.4019944667816162,0.07204451411962509,0.3318340480327606,0.02186145819723606,1,1
TCGA-A8-A09X-01A-01-TS1.d3ba5442-6c1f-4e86-8960-1befbfa026f3,0.18763962388038635,0.4238438904285431,0.07206851243972778,0.276315301656723,0.04013267159461975,1,1
TCGA-A8-A09Z-01A-01-BS1.b0b90543-85c2-4867-9ed7-9bf913e49cc8,0.21176156401634216,0.13952518999576569,0.09357012063264847,0.5374332666397095,0.01770986244082451,3,3
TCGA-A8-A09Z-01A-01-TS1.f9bd85b3-3a3e-43c7-90f2-6bfe1ba2bd35,0.199417382478714,0.11404339224100113,0.06753459572792053,0.6100797057151794,0.008924948051571846,3,3
TCGA-A8-A0A1-01A-01-BS1.d1aa77ae-acf6-4469-828d-ac152d6e9ed9,0.034215960651636124,0.19611676037311554,0.37266650795936584,0.22255656123161316,0.17444413900375366,2,2
TCGA-A8-A0A1-01A-01-TS1.eb96c625-348f-4355-a9d2-7e44853a1888,0.022738944739103317,0.15033400058746338,0.37791115045547485,0.18979184329509735,0.2592240869998932,2,2
TCGA-A8-A0A2-01A-01-BS1.aa79e63b-6f53-4b40-8a47-8df76d7367d2,0.046254176646471024,0.13092364370822906,0.3948342800140381,0.18511925637722015,0.24286861717700958,2,2
TCGA-A8-A0A2-01A-01-TS1.124134ed-c4d2-4a08-937c-1def71bfcc42,0.08589090406894684,0.11762145161628723,0.33690115809440613,0.24272049963474274,0.21686597168445587,2,2
TCGA-A8-A0A4-01A-01-BS1.b2f7bff9-16c8-4bf7-8228-fd2a98995fdf,0.014427745714783669,0.042063191533088684,0.3629985451698303,0.07764387130737305,0.5028666257858276,4,4
TCGA-A8-A0A4-01A-01-TS1.eaac12f0-ead1-4f67-875d-8bda8a4649d9,0.008439590223133564,0.029024183750152588,0.21922658383846283,0.0401187390089035,0.7031908631324768,4,4
TCGA-A8-A0A6-01A-01-MS1.8a85e02c-6098-4347-be13-b645b860057d,0.03751230984926224,0.15731032192707062,0.2522173821926117,0.24602699279785156,0.3069329559803009,4,4
TCGA-A8-A0A6-01A-01-TS1.0544eda9-a392-4eed-961d-9a0683b54b5d,0.05363285914063454,0.13714641332626343,0.3107323944568634,0.1349278837442398,0.36356043815612793,4,4
TCGA-A8-A0A7-01A-01-BS1.4a4d1511-7d0f-4482-bd6c-7a1ebbfe2ce6,0.11534496396780014,0.46666133403778076,0.05480155348777771,0.31183433532714844,0.05135783925652504,1,1
TCGA-A8-A0A7-01A-01-TS1.dfc11237-aff0-442f-8a39-ce81f0d4aeb1,0.16371944546699524,0.43016913533210754,0.11831726133823395,0.22604647278785706,0.0617477186024189,1,1
TCGA-A8-A0A9-01A-01-BS1.eda51aaf-8be8-4dec-b584-1ae0ea5096e0,0.040979813784360886,0.21091929078102112,0.3153834044933319,0.34794312715530396,0.08477437496185303,3,3
TCGA-A8-A0A9-01A-01-TS1.12f6478b-a0c9-4051-8688-c40183e6e62c,0.0654580146074295,0.21029634773731232,0.25030457973480225,0.4075240194797516,0.06641706079244614,3,3
TCGA-A8-A0AB-01A-01-BS1.4f685a36-8110-4af5-b290-7384bee2c8f6,0.04776045307517052,0.10024350881576538,0.44119322299957275,0.21689172089099884,0.19391106069087982,2,2
TCGA-A8-A0AB-01A-01-TS1.caa920cc-a74f-41a3-9b12-d8143dda8786,0.04372793436050415,0.17366258800029755,0.32806500792503357,0.36130058765411377,0.09324393421411514,3,3
TCGA-A8-A0AD-01A-01-BS1.bb944067-e1c7-495d-8d92-957340d3173e,0.104212187230587,0.4538137912750244,0.0787411779165268,0.3310030400753021,0.03222974017262459,1,1
TCGA-A8-A0AD-01A-01-TS1.4f7d3b85-05f4-44d2-8176-3ee94105f10f,0.11737832427024841,0.3747745156288147,0.15311981737613678,0.32876914739608765,0.02595820091664791,1,1
TCGA-AC-A23C-01A-01-TSA.8c21e006-e57c-43d9-afb3-2503b80c5e41,0.06302051246166229,0.25495645403862,0.31305092573165894,0.15697284042835236,0.21199926733970642,2,2
TCGA-AC-A23E-01A-01-TSA.e43478f1-47e9-4b9c-8506-1978e481de57,0.0374007485806942,0.3440846800804138,0.2079721838235855,0.28196245431900024,0.1285799890756607,1,1
TCGA-AC-A23G-01A-01-TS1.2DB1D885-063E-4BF1-ABA5-B738343A9F4A,0.03555799648165703,0.12605856359004974,0.3075278699398041,0.12777690589427948,0.4030786156654358,4,4
TCGA-AC-A23H-01A-01-TS1.7b893da7-ca91-4a95-bc70-37ad06f61d88,0.07884743064641953,0.44350939989089966,0.0937642827630043,0.3519670069217682,0.031911853700876236,1,1
TCGA-AC-A2B8-01A-01-TS1.3DCB9F29-3858-4881-B8F7-3A1E95286C8F,0.012894679792225361,0.06208433210849762,0.5820258259773254,0.09812255948781967,0.2448725700378418,2,2
TCGA-AC-A2BK-01A-01-TS1.6CEB52F7-A30A-4796-A58E-ACF239845153,0.5448510050773621,0.095685213804245,0.036415815353393555,0.3166503608226776,0.006397598888725042,0,0
TCGA-AC-A2BM-01A-01-TS1.18504654-A48A-46AB-83E9-A8D7E23B6EF4,0.17235636711120605,0.2315671145915985,0.15189982950687408,0.3940931558609009,0.050083499401807785,3,3
TCGA-AC-A2FB-01A-01-TS1.36526F45-F01A-4CE1-BD6A-C10BE2CF96B1,0.019643129780888557,0.03003700077533722,0.4258875250816345,0.059946149587631226,0.46448615193367004,4,4
TCGA-AC-A2FE-01A-01-TSA.25EE517D-CEEE-4FFC-AE49-D0F1D3303882,0.03225018456578255,0.04078442603349686,0.3098684847354889,0.10828089714050293,0.5088159441947937,4,4
TCGA-AC-A2FF-01A-01-TSA.575C5B8A-E0DD-426B-9B34-6A99ED31FF10,0.03266303986310959,0.05544217675924301,0.4145730137825012,0.09940516948699951,0.39791661500930786,2,2
TCGA-AC-A2FG-01A-01-TSA.BE090090-49AF-4137-B741-FE3E4B796892,0.028434082865715027,0.034560415893793106,0.4052199125289917,0.09141852706670761,0.44036707282066345,4,4
TCGA-AC-A2FK-01A-01-TS1.807C5D36-7171-495C-B6AB-8951B77EAD21,0.013592738658189774,0.031738314777612686,0.3180968761444092,0.06263245642185211,0.5739395618438721,4,4
TCGA-AC-A2FM-01A-01-TSA.EB1581FA-06F2-4DBC-B7EC-AD3D3448B3FD,0.12108111381530762,0.1265721619129181,0.3632042706012726,0.31535303592681885,0.07378934323787689,2,2
TCGA-AC-A2FO-01A-01-TS1.5B0133E0-0452-4C64-92A0-EE26EF1A18E2,0.029033992439508438,0.037118930369615555,0.4124629497528076,0.07522233575582504,0.44616183638572693,4,4
TCGA-AC-A2QI-01A-01-TSA.4BA73556-9C89-4F0F-AAD5-A5F7CADA4593,0.015506996773183346,0.04507255554199219,0.4091225862503052,0.07708599418401718,0.45321187376976013,4,4
TCGA-AC-A3BB-01A-02-TSB.D3B5E14C-97F1-4B49-A5C5-DB8AD007070F,0.01329649519175291,0.03379399701952934,0.302887499332428,0.05030351132154465,0.5997185111045837,4,4
TCGA-AC-A3EH-01A-02-TS2.FC290C5B-EADA-4C19-9F8E-A4E9D594CE07,0.028539540246129036,0.09318254888057709,0.3461134433746338,0.1092379167675972,0.42292657494544983,4,4
TCGA-AC-A3HN-01A-01-TSA.D9B963D0-367F-4D94-B4CC-9C02FF529CB2,0.015601038001477718,0.08989320695400238,0.41428542137145996,0.13269813358783722,0.34752216935157776,2,2
TCGA-AC-A3OD-01A-01-TS1.4915B413-202C-4D3E-A360-E1142F365438,0.03894488885998726,0.08757299929857254,0.39436978101730347,0.1964009404182434,0.282711386680603,2,2
TCGA-AC-A3QP-01A-01-TS1.51D476D1-143B-4530-A00B-B7764B7DAA0D,0.02158448100090027,0.051875051110982895,0.4041699171066284,0.08573548495769501,0.4366350769996643,4,4
TCGA-AC-A3QQ-01A-01-TS1.8A75F323-1E81-4A2B-938A-FE48AAE2F729,0.05213084816932678,0.13964618742465973,0.30457770824432373,0.13583192229270935,0.3678133487701416,4,4
TCGA-AC-A3TM-01A-01-TSA.F95FDB50-245E-4B62-B328-009B57AA8750,0.1057371124625206,0.159871906042099,0.3029734194278717,0.2571873664855957,0.17423024773597717,2,2
TCGA-AC-A3TN-01A-01-TS1.3A67E6A5-80D8-48BB-9D1B-8BC3F38B5739,0.016246631741523743,0.0627271756529808,0.42571061849594116,0.06350959092378616,0.4318059980869293,4,4
TCGA-AC-A3W5-01A-01-TSA.8677B526-3F4D-4B52-A02E-F05244B8479A,0.05238328501582146,0.26700446009635925,0.22772735357284546,0.32192063331604004,0.13096430897712708,3,3
TCGA-AC-A3W6-01A-01-TSA.AF989587-1EF9-48A3-8055-B45BDFDB81FA,0.014499304816126823,0.03801679238677025,0.3835116922855377,0.06088785082101822,0.5030843019485474,4,4
TCGA-AC-A3W7-01A-01-TSA.4095CE17-AB93-4C17-89D5-0358594BFBE3,0.010529568418860435,0.052255433052778244,0.5587026476860046,0.08865272253751755,0.28985968232154846,2,2
TCGA-AC-A3YI-01A-02-TSB.F2AFA7A9-58C7-4932-BC30-6B0CA5964C11,0.010964224115014076,0.027923544868826866,0.4004078507423401,0.03154837340116501,0.529155969619751,4,4
TCGA-AC-A3YJ-01A-01-TSA.BBE147CC-755E-4AB3-99FF-2B5D846A7A92,0.2412155419588089,0.23351998627185822,0.158304363489151,0.3061220645904541,0.0608380101621151,3,3
TCGA-AC-A4ZE-01A-01-TS1.98A0B048-54FF-4550-8C6B-7DA21EB71123,0.17793753743171692,0.13746295869350433,0.2810945212841034,0.192412868142128,0.21109212934970856,2,2
TCGA-AC-A5EH-01A-01-TS1.FE5A32A0-934D-4CD8-9925-78FE99FF13AB,0.06433449685573578,0.460638165473938,0.15642039477825165,0.24769483506679535,0.07091217488050461,1,1
TCGA-AC-A5XS-01A-01-TS1.A7C7405B-42A2-474E-96A3-F87BA50995AE,0.023511823266744614,0.04696395620703697,0.3069784641265869,0.0619308203458786,0.5606149435043335,4,4
TCGA-AC-A5XU-01A-01-TSA.53BFAB63-FB19-4F47-B71C-C93645D58BBB,0.12570418417453766,0.1855601966381073,0.3160739243030548,0.24897846579551697,0.12368322163820267,2,2
TCGA-AC-A62V-01A-01-TS1.EFC7587C-F57C-49BB-8ED1-A14479466266,0.2236405909061432,0.1401549130678177,0.04412961006164551,0.5777487754821777,0.014326095581054688,3,3
TCGA-AC-A62X-01A-01-TS1.E5AD5DD0-3CD3-412A-8EE8-1491C492D2C1,0.8574556112289429,0.057719532400369644,0.017041675746440887,0.051805563271045685,0.015977729111909866,0,0
TCGA-AC-A62Y-01A-01-TS1.9FC104F6-382F-4E10-A392-10273F7E1F6C,0.11160498857498169,0.2476159781217575,0.31794652342796326,0.19677700102329254,0.1260554939508438,2,2
TCGA-AC-A6IV-01A-01-TS1.7FBB836B-E6D5-4883-B323-0D6DE3AD8FF5,0.023912563920021057,0.06887999922037125,0.46520087122917175,0.08213060349225998,0.3598759174346924,2,2
TCGA-AC-A6IW-01A-01-TS1.4DD4F175-C0C7-4B5C-B584-B6F2CBE9C3BF,0.12123546004295349,0.22199200093746185,0.211835578083992,0.3085336685180664,0.13640335202217102,3,3
TCGA-AC-A6IX-01A-01-TSA.3F87BB26-267E-4FC9-81E2-745AB81A2CCD,0.010756653733551502,0.039562176913022995,0.4707985818386078,0.0569734163582325,0.42190924286842346,2,2
TCGA-AC-A6IX-06A-01-TS1.587DDD44-6D10-46F8-A78F-4D755536C353,0.28399258852005005,0.27892664074897766,0.19796891510486603,0.12230467051267624,0.11680720746517181,0,0
TCGA-AC-A6NO-01A-01-TS1.EC103F22-AE26-43CA-983C-E7CD7AA9F633,0.05591549351811409,0.15515922009944916,0.16186918318271637,0.6154510974884033,0.011604963801801205,3,3
TCGA-AC-A7VB-01A-01-TS1.E9E70973-2C6B-4EF4-92C2-39B6E9FAE0AF,0.3078185021877289,0.10546854883432388,0.11623864620923996,0.45321255922317505,0.017261752858757973,3,3
TCGA-AC-A8OP-01A-01-TS1.E2C52B43-51A4-4AE6-8B11-B7DC7392DCC2,0.0183199942111969,0.061900120228528976,0.4244319498538971,0.1132725179195404,0.38207539916038513,2,2
TCGA-AC-A8OQ-01A-01-TS1.8574E320-4426-48B9-88D7-60AD5EA0A921,0.13909460604190826,0.2858383059501648,0.17904506623744965,0.30785495042800903,0.08816702663898468,3,3
TCGA-AC-A8OR-01A-02-TS2.BCDBF0F3-565C-46BD-B78B-03B178B22A26,0.06431067734956741,0.03877028450369835,0.18556301295757294,0.6720693111419678,0.03928675130009651,3,3
TCGA-AC-A8OS-01A-01-TS1.31C88D4F-7621-4B24-83CC-8FD69EC72933,0.01173366978764534,0.023670850321650505,0.3116225600242615,0.0428219810128212,0.610150933265686,4,4
TCGA-AN-A03X-01A-01-BS1.a0bc496b-dbc1-451c-a6fd-8ba2bdc1a9b4,0.04042721167206764,0.40521717071533203,0.12318778783082962,0.3669340908527374,0.06423380225896835,1,1
TCGA-AN-A03X-01A-02-BS2.88b66ddf-fc7b-4b5f-904d-7eafc9654a1a,0.046210866421461105,0.39186909794807434,0.15421666204929352,0.27846068143844604,0.1292427033185959,1,1
TCGA-AN-A03Y-01A-01-BS1.b7b9c538-7d46-47c8-8071-9b6080f6f330,0.21870602667331696,0.20319640636444092,0.12512002885341644,0.3736300468444824,0.07934750616550446,3,3
TCGA-AN-A03Y-01A-02-BS2.c10a444a-d23b-4334-9140-4c90d4e521b4,0.24257521331310272,0.1720634251832962,0.09929218888282776,0.44314560294151306,0.04292359575629234,3,3
TCGA-AN-A041-01A-01-BS1.a494a837-0c67-4ea4-bf41-55c40fe4fe7a,0.03286120668053627,0.20491726696491241,0.23015348613262177,0.26996058225631714,0.2621074616909027,3,3
TCGA-AN-A041-01A-01-MS1.c9e28ba7-a26c-45bb-8835-3394f969fecb,0.07062268257141113,0.19770470261573792,0.2700285017490387,0.3096269369125366,0.15201716125011444,3,3
TCGA-AN-A046-01A-01-BS1.5bc254f8-5363-470e-9963-4ccfd57a3457,0.06900469958782196,0.3846364915370941,0.05938456580042839,0.4650347828865051,0.021939408034086227,3,3
TCGA-AN-A046-01A-02-BS2.74a56161-07f1-4980-a2fd-2c9123fb87bc,0.08606287837028503,0.3876619338989258,0.08326639235019684,0.4171978533267975,0.02581099234521389,3,3
TCGA-AN-A049-01A-01-BS1.01c2a132-3509-42c7-b003-8811f0947bc1,0.1646735668182373,0.15841694176197052,0.2077513039112091,0.37229636311531067,0.09686179459095001,3,3
TCGA-AN-A049-01A-02-BS2.3d6fd023-d5ec-416d-9f7e-1547d3aab113,0.06417649239301682,0.25391730666160583,0.1315481811761856,0.4724665582180023,0.07789149880409241,3,3
TCGA-AN-A04A-01A-01-BS1.647f0482-49a8-4794-b9c4-5941b14fd1af,0.09212403744459152,0.29623284935951233,0.09048564732074738,0.4906999468803406,0.03045745939016342,3,3
TCGA-AN-A04A-01A-02-BS2.44355b22-95d3-491c-af4c-27225e753d7d,0.11423973739147186,0.2859702408313751,0.06964007019996643,0.501338005065918,0.028811926022171974,3,3
TCGA-AN-A04C-01A-01-BS1.4f8165fd-0791-4fa6-97ea-66b2b3eb0730,0.16114330291748047,0.4763408899307251,0.04073946550488472,0.307752788066864,0.014023514464497566,1,1
TCGA-AN-A04C-01A-02-MS2.7bf1ac86-c95d-4e75-8342-04af2b832610,0.13683897256851196,0.3042890727519989,0.14389710128307343,0.30885523557662964,0.1061195507645607,3,3
TCGA-AN-A04D-01A-01-BS1.09ff6422-d5b1-45b0-969a-8f31285e23a9,0.7429566979408264,0.06262174248695374,0.013082454912364483,0.1637261062860489,0.01761304773390293,0,0
TCGA-AN-A04D-01A-02-BS2.5c72d68a-9c0e-4551-bc1f-21f91c168acc,0.3924477994441986,0.2931455671787262,0.036681536585092545,0.23321637511253357,0.04450875148177147,0,0
TCGA-AN-A0AJ-01A-01-BSA.e768585b-8fac-4998-88a6-29983ae06c92,0.1769588738679886,0.16785284876823425,0.029841460287570953,0.6172380447387695,0.00810876116156578,3,3
TCGA-AN-A0AJ-01A-01-TSA.c21f9dd1-b47c-406f-9ad6-6969bd6f3246,0.11749143153429031,0.32923561334609985,0.05338556692004204,0.4789186120033264,0.020968735218048096,3,3
TCGA-AN-A0AK-01A-02-BSB.dba44992-1534-4664-b57d-c41a1b03228d,0.28591954708099365,0.3031640350818634,0.04283842444419861,0.35621312260627747,0.011864833533763885,3,3
TCGA-AN-A0AK-01A-02-TSB.7d73ccfb-c2b8-4836-a414-6cba51801984,0.1672690212726593,0.4293754994869232,0.04679568484425545,0.3348279595375061,0.02173188142478466,1,1
TCGA-AN-A0AL-01A-01-BSA.56e46756-aa0f-4c59-a189-ee4c9601b3ea,0.26459217071533203,0.26074379682540894,0.04790382832288742,0.40862858295440674,0.01813163235783577,3,3
TCGA-AN-A0AL-01A-01-TSA.3651da9c-bdad-4944-a3ac-c5bc9754fdeb,0.34946081042289734,0.18929898738861084,0.03493031486868858,0.4144081771373749,0.011901738122105598,3,3
TCGA-AN-A0AM-01A-01-BSA.1736e9ff-6a00-45e7-8ab9-b81018eea03f,0.285195529460907,0.36725708842277527,0.026645680889487267,0.30943241715431213,0.011469243094325066,1,1
TCGA-AN-A0AM-01A-01-TSA.63a22828-01b7-4b90-976d-7c32ccb9889d,0.21928338706493378,0.4245406687259674,0.03733190521597862,0.2985895276069641,0.020254522562026978,1,1
TCGA-AN-A0AR-01A-01-BSA.a5a0ea68-b7ce-4a1e-a161-64785d585c60,0.5063504576683044,0.07003645598888397,0.04770107567310333,0.3643273115158081,0.01158469170331955,0,0
TCGA-AN-A0AR-01A-01-TSA.8a0c5187-915e-4608-9eed-9ea98f1775ad,0.17205333709716797,0.2582422196865082,0.15363214910030365,0.3440585434436798,0.07201375812292099,3,3
TCGA-AN-A0AS-01A-01-BSA.1c59c3dd-eebc-421c-ad6f-953c0b924b13,0.03228387236595154,0.34477677941322327,0.15917935967445374,0.4241618514060974,0.03959811478853226,3,3
TCGA-AN-A0AS-01A-01-TSA.b7c27ab8-435a-4e9d-bf0a-899d7616b660,0.028890136629343033,0.4281614124774933,0.15419642627239227,0.32584819197654724,0.06290386617183685,1,1
TCGA-AN-A0AT-01A-01-BSA.a4fc206e-5f94-4eb5-b7ff-78f2013b2ed1,0.37026676535606384,0.25451523065567017,0.025803636759519577,0.3226512670516968,0.026763174682855606,0,0
TCGA-AN-A0AT-01A-01-TSA.0147607c-ae77-4449-a80a-1610d2657e82,0.2095079869031906,0.22953446209430695,0.04956120252609253,0.4954274892807007,0.015968887135386467,3,3
TCGA-AN-A0FD-01A-01-BS1.8993b012-d168-422d-ae26-a3947764acd9,0.04005931690335274,0.46473458409309387,0.09364781528711319,0.3630501925945282,0.03850806877017021,1,1
TCGA-AN-A0FD-01A-01-TS1.28f70459-3f79-46e1-bb93-2095f4b29994,0.053129587322473526,0.4463065266609192,0.10319127142429352,0.3651600778102875,0.032212547957897186,1,1
TCGA-AN-A0FF-01A-01-BSA.ef124d17-e63f-4c55-a50a-1cdea1b4cbde,0.19753164052963257,0.17096687853336334,0.12548521161079407,0.46542292833328247,0.040593281388282776,3,3
TCGA-AN-A0FF-01A-01-TSA.8dfd4d8e-c38f-4a72-ae57-ac0268d2899b,0.11706780642271042,0.294575035572052,0.15566368401050568,0.3858160674571991,0.04687736555933952,3,3
TCGA-AN-A0FJ-01A-01-BSA.cef21074-da54-4b5d-859f-1ad06b1b7c7e,0.23699785768985748,0.4265689551830292,0.04172469675540924,0.2566617727279663,0.03804668039083481,1,1
TCGA-AN-A0FJ-01A-01-TSA.7dc3dff1-4b42-4320-aa72-43fec160a566,0.2497885674238205,0.38137149810791016,0.05408444628119469,0.2675945460796356,0.047160882502794266,1,1
TCGA-AN-A0FK-01A-01-BSA.532b125c-98bb-44d7-a041-fb2506b70e26,0.07821100950241089,0.24071845412254333,0.06588602066040039,0.6074305176734924,0.007753986865282059,3,3
TCGA-AN-A0FK-01A-01-TSA.4cbfd31d-1a58-4ee1-8359-7fd4fc9c4cbe,0.06905784457921982,0.2990991175174713,0.0778135433793068,0.5389341711997986,0.01509538758546114,3,3
TCGA-AN-A0FL-01A-01-BSA.78d30e6e-2bd3-439c-8063-5ca6a09828cc,0.6493639349937439,0.1294318586587906,0.02693297527730465,0.1694469302892685,0.02482430450618267,0,0
TCGA-AN-A0FL-01A-01-TSA.a9270e98-40e9-45f5-935a-681708f170c9,0.7862948775291443,0.040592484176158905,0.016918843612074852,0.1467818319797516,0.009411992505192757,0,0
TCGA-AN-A0FN-01A-01-BSA.ffb54bac-5830-474e-b293-2f4037956be7,0.03566473722457886,0.22788192331790924,0.31266048550605774,0.13563501834869385,0.28815779089927673,2,2
TCGA-AN-A0FN-01A-01-TSA.5e51ca3f-3547-4a4e-9dfe-d1d0e32a60b9,0.04922156408429146,0.2945139408111572,0.2816699147224426,0.15995171666145325,0.21464289724826813,1,1
TCGA-AN-A0FS-01A-01-BSA.030e8ca6-2dd3-41ad-aae4-e69b803dbcaa,0.010869606398046017,0.017964420840144157,0.20968039333820343,0.018577203154563904,0.7429082989692688,4,4
TCGA-AN-A0FS-01A-01-TSA.ec030e02-fd7d-4683-803d-830ee80d8173,0.011255603283643723,0.016424700617790222,0.2569274604320526,0.038875821977853775,0.6765164732933044,4,4
TCGA-AN-A0FT-01A-01-BSA.c578600f-5691-4d20-ae99-f0f8197e9bbb,0.037666235119104385,0.2676409184932709,0.21696731448173523,0.3324529826641083,0.14527258276939392,3,3
TCGA-AN-A0FT-01A-01-TSA.d6fe3f83-5cbc-4c39-ad49-c3adfee44974,0.05416868254542351,0.35361725091934204,0.12286996841430664,0.4255828857421875,0.04376126453280449,3,3
TCGA-AN-A0FV-01A-01-BSA.622ce693-86d1-4d9a-99e1-017e08788f49,0.05288449674844742,0.2857573330402374,0.09372750669717789,0.514840304851532,0.0527903214097023,3,3
TCGA-AN-A0FV-01A-01-TSA.7c295633-8765-4219-907e-17b329046d86,0.04728354513645172,0.3172248303890228,0.08368682116270065,0.46818220615386963,0.08362261205911636,3,3
TCGA-AN-A0FW-01A-01-BSA.9f4517b2-d96c-44e4-8b06-2ed4af594385,0.05167125165462494,0.11828270554542542,0.3257688879966736,0.1820148080587387,0.32226234674453735,2,2
TCGA-AN-A0FW-01A-01-TSA.6cba8af3-6ac7-48b5-97f1-37dfb7deefc5,0.06757334619760513,0.11838047206401825,0.3940748870372772,0.2421552985906601,0.1778160184621811,2,2
TCGA-AN-A0FX-01A-01-MS1.551cccdc-ebc5-4fbb-9120-40ab0187ee5e,0.07589290291070938,0.24530045688152313,0.25124600529670715,0.32143208384513855,0.10612860321998596,3,3
TCGA-AN-A0FX-01A-01-TS1.3d90ed8a-1940-40b6-ac19-a242ee8eaa10,0.08027235418558121,0.2542462646961212,0.3086322844028473,0.24239912629127502,0.11444994062185287,2,2
TCGA-AN-A0FY-01A-01-BSA.288f78df-2abe-4b01-aa91-ad2088788fd9,0.050379082560539246,0.34176939725875854,0.11274901777505875,0.4616166055202484,0.033485863357782364,3,3
TCGA-AN-A0FY-01A-01-TSA.1ea457d0-a6c2-4999-a799-b912db76a7c0,0.051803961396217346,0.3828675150871277,0.10596569627523422,0.41226112842559814,0.04710172861814499,3,3
TCGA-AN-A0FZ-01A-01-BS1.be535fd3-262b-4b53-9411-c4021e2e0419,0.051153890788555145,0.4429815113544464,0.06557238101959229,0.426982581615448,0.013309631496667862,1,1
TCGA-AN-A0FZ-01A-01-TS1.a389bdd5-9cf6-4e87-bfa7-208a33f25915,0.06737202405929565,0.4008462131023407,0.053627800196409225,0.45711854100227356,0.02103542350232601,3,3
TCGA-AN-A0G0-01A-01-BS1.1b064e65-a34a-472d-af40-17029cb2e05d,0.23748651146888733,0.33784380555152893,0.03185776621103287,0.3827962279319763,0.010015640407800674,3,3
TCGA-AN-A0G0-01A-01-TS1.35437324-f765-4522-aea3-c564491b948f,0.3726245164871216,0.2874835133552551,0.021598976105451584,0.3123032748699188,0.005989657249301672,0,0
TCGA-AN-A0XL-01A-01-BS1.c465e036-af63-4ffe-b0d7-fcd07a6251be,0.010204404592514038,0.04600503668189049,0.3807412087917328,0.052288319915533066,0.5107611417770386,4,4
TCGA-AN-A0XL-01A-01-MS1.b12658ed-b708-4bdf-beef-f968f6913e6a,0.022399533540010452,0.040813565254211426,0.3927589952945709,0.08389905095100403,0.4601288437843323,4,4
TCGA-AN-A0XN-01A-02-BSB.2ffff1fb-5f41-4d87-854b-ff38bfd677a0,0.07046161592006683,0.41878294944763184,0.10978570580482483,0.3508506119251251,0.05011911690235138,1,1
TCGA-AN-A0XN-01A-02-TSB.9df84504-2154-4f54-96f8-273ad703f0f0,0.057347774505615234,0.40512821078300476,0.1565290242433548,0.303295373916626,0.07769963890314102,1,1
TCGA-AN-A0XO-01A-01-BS1.b0828468-33a6-4520-8707-166badeeed39,0.043152086436748505,0.2281779944896698,0.2886470556259155,0.3514716625213623,0.08855125308036804,3,3
TCGA-AN-A0XO-01A-01-TS1.6e8b38be-08e3-4ed7-b742-144ad89f83ed,0.04254889860749245,0.3260742127895355,0.17405176162719727,0.40654876828193665,0.05077634006738663,3,3
TCGA-AN-A0XP-01A-01-BSA.93b120d1-e962-4dcd-b4ce-c2d8e019c8e0,0.044884733855724335,0.18115903437137604,0.24064356088638306,0.38019904494285583,0.15311364829540253,3,3
TCGA-AN-A0XP-01A-01-TSA.5af16c3b-6b75-4d07-a769-d917baf6f898,0.08408736437559128,0.17412316799163818,0.32154399156570435,0.30699965357780457,0.11324580758810043,2,2
TCGA-AN-A0XR-01A-01-BS1.2dc66149-652b-4e91-9b44-f9d1447d61a2,0.059246353805065155,0.2756351828575134,0.21022886037826538,0.41141557693481445,0.043474018573760986,3,3
TCGA-AN-A0XR-01A-01-TS1.5eea786b-1358-4f87-8e4a-dd40d5cc1baa,0.05071871355175972,0.19601240754127502,0.2051866501569748,0.5129242539405823,0.035158004611730576,3,3
TCGA-AN-A0XS-01A-02-BSB.cff535fb-0ae9-402b-97ab-5c6cd09a9959,0.03245920687913895,0.12752817571163177,0.2676719129085541,0.48465901613235474,0.08768174797296524,3,3
TCGA-AN-A0XS-01A-02-TSB.e4dcda3e-ae36-4d58-a0b5-6cb2fc772601,0.03488056734204292,0.07419741898775101,0.2846953570842743,0.07237701863050461,0.5338496565818787,4,4
TCGA-AN-A0XT-01A-01-BSA.25304183-65ab-4653-88f2-02589fcae9e2,0.012200704775750637,0.023085061460733414,0.41653746366500854,0.060350917279720306,0.48782581090927124,4,4
TCGA-AN-A0XT-01A-01-TSA.14d9f5ee-14a2-4049-9353-74e11c28dd2d,0.07140593230724335,0.0538942851126194,0.463745653629303,0.18412189185619354,0.22683224081993103,2,2
TCGA-AN-A0XV-01A-01-BS1.201534ca-5d66-4801-b552-b55fba346e62,0.030384661629796028,0.18823398649692535,0.38351136445999146,0.18726012110710144,0.21060983836650848,2,2
TCGA-AN-A0XV-01A-01-TS1.938ba135-fac5-440d-9f59-79ea929a3a99,0.03155679628252983,0.17775973677635193,0.37967395782470703,0.21192938089370728,0.19908010959625244,2,2
TCGA-AN-A0XW-01A-01-BSA.408b7441-050c-4d72-b24c-457407cd3582,0.07081398367881775,0.2701605260372162,0.15919330716133118,0.4373094439506531,0.06252274662256241,3,3
TCGA-AN-A0XW-01A-01-TSA.52d201cd-6fc6-40ab-8c4d-1d94feee68a2,0.08115318417549133,0.4210672676563263,0.08103658258914948,0.38080620765686035,0.03593677654862404,1,1
TCGA-AO-A03L-01A-04-BS4.50d93e4e-db51-4d98-86f8-08228baeee4e,0.07032794505357742,0.25767144560813904,0.14204442501068115,0.4693108797073364,0.06064525619149208,3,3
TCGA-AO-A03L-01A-04-TS4.d45ba175-ccc7-471a-a4ca-d50404e133f4,0.12124053388834,0.2755856513977051,0.19157521426677704,0.29544582962989807,0.11615274846553802,3,3
TCGA-AO-A03O-01A-01-BS1.8b349194-04c1-4a85-947c-9397d5267823,0.28428134322166443,0.15377111732959747,0.03636958450078964,0.5051109790802002,0.02046702243387699,3,3
TCGA-AO-A03O-01A-01-TS1.dbeaa688-64e0-48ce-bd9a-cfba3407bca6,0.35283103585243225,0.1172657459974289,0.02811717987060547,0.48723942041397095,0.014546670019626617,3,3
TCGA-AO-A03P-01A-01-BS1.b5b1b2eb-6a49-4d06-a855-7263aaa78ac1,0.08506814390420914,0.35743448138237,0.07135021686553955,0.40435683727264404,0.08179029822349548,3,3
TCGA-AO-A03P-01A-01-TS1.32f23b98-dedf-4dce-b103-e1d2323a888c,0.12690025568008423,0.3116518557071686,0.04115390032529831,0.49994003772735596,0.020353946834802628,3,3
TCGA-AO-A03R-01A-01-BS1.7a857be4-4080-4cf0-88b2-794b20a06a97,0.1698518842458725,0.27130037546157837,0.10424183309078217,0.32554036378860474,0.12906557321548462,3,3
TCGA-AO-A03R-01A-02-BS2.70825602-abda-4ac3-b050-800743213b54,0.026742547750473022,0.039186205714941025,0.2039055973291397,0.10767848789691925,0.6224871277809143,4,4
TCGA-AO-A03T-01A-01-BS1.bdce5330-3280-4d5c-bb28-e2010d01e33e,0.18413211405277252,0.18927687406539917,0.2460603415966034,0.32928693294525146,0.05124369636178017,3,3
TCGA-AO-A03T-01A-02-MS2.910c2a57-801f-422c-ae31-17dace94b475,0.055555589497089386,0.12004546821117401,0.35305336117744446,0.1380721479654312,0.3332734704017639,2,2
TCGA-AO-A03V-01A-01-MS1.ade6a103-b697-4730-82f9-4c9ba6eda8a1,0.02651403658092022,0.05700211226940155,0.438680499792099,0.17595084011554718,0.3018525242805481,2,2
TCGA-AO-A03V-01A-01-TS1.9b67fe65-977d-4b18-bf14-79378230f289,0.06291387975215912,0.2581004798412323,0.2576150894165039,0.33443814516067505,0.08693241328001022,3,3
TCGA-AO-A0J2-01A-01-BSA.74fa8ced-1f57-44bb-af80-97f3136ef201,0.12770362198352814,0.46101486682891846,0.045290756970644,0.3516519069671631,0.014338810928165913,1,1
TCGA-AO-A0J2-01A-01-TSA.4ba30dc7-d042-4730-b197-95684549adba,0.20104648172855377,0.393904447555542,0.03793659061193466,0.353311151266098,0.013801260851323605,1,1
TCGA-AO-A0J3-01A-01-BSA.b1386e94-b116-4b67-a0f8-987217b20f7c,0.44050484895706177,0.19579264521598816,0.053469058126211166,0.27530139684677124,0.034932129085063934,0,0
TCGA-AO-A0J3-01A-01-TSA.86832b75-652d-40a9-a29a-1638bcce1aef,0.06763388216495514,0.2068628966808319,0.37501564621925354,0.20069178938865662,0.149795800447464,2,2
TCGA-AO-A0J4-01A-01-BSA.9ab812d5-7e5e-4955-a041-052fa71325b8,0.1704728752374649,0.2768460810184479,0.21141444146633148,0.2332722693681717,0.10799432545900345,1,1
TCGA-AO-A0J4-01A-01-TSA.b019ef9d-8bd3-48cf-acd5-d52ae474e0d1,0.12798528373241425,0.49544376134872437,0.05444411188364029,0.2956273853778839,0.026499461382627487,1,1
TCGA-AO-A0J5-01A-01-BSA.f74d988e-d646-4190-8e26-439347b71774,0.03707100823521614,0.3112469017505646,0.346031129360199,0.13665463030338287,0.16899633407592773,2,2
TCGA-AO-A0J5-01A-01-TSA.3df877fd-23e9-45ad-b2f1-c63a82c55c55,0.018439149484038353,0.10160821676254272,0.45369017124176025,0.08349893987178802,0.3427635729312897,2,2
TCGA-AO-A0J6-01A-01-BSA.094c1ad0-5cd5-4b13-af5e-9c7d3688aa23,0.8144338130950928,0.053072694689035416,0.0078481649979949,0.11694564670324326,0.007699646521359682,0,0
TCGA-AO-A0J6-01A-01-TSA.d62f4c33-ae94-4321-b833-53663942e846,0.8248708844184875,0.047753091901540756,0.0079350546002388,0.11160165071487427,0.007839377969503403,0,0
TCGA-AO-A0J7-01A-01-BSA.24323379-2daa-45cf-b3e8-f8e4da05a90a,0.042361583560705185,0.1334368735551834,0.2941572368144989,0.14019355177879333,0.38985079526901245,4,4
TCGA-AO-A0J7-01A-01-TSA.f834c0e8-e286-4d88-888d-5f9100ca8397,0.13253839313983917,0.35070690512657166,0.059407081454992294,0.442913681268692,0.014433983713388443,3,3
TCGA-AO-A0J8-01A-02-BSB.74af0d3a-ced8-495f-b765-bcaf313e3f08,0.08509160578250885,0.21136769652366638,0.25604248046875,0.24969805777072906,0.19780012965202332,2,2
TCGA-AO-A0J8-01A-02-TSB.0fbb2777-df10-4bbb-9d37-e76cf0993444,0.06522400677204132,0.27991780638694763,0.23205256462097168,0.21405942738056183,0.20874617993831635,1,1
TCGA-AO-A0J9-01A-01-BSA.a5487965-8c66-4e0d-9dfe-53bb39d7f9fa,0.1074277013540268,0.22446651756763458,0.25943151116371155,0.25066572427749634,0.15800859034061432,2,2
TCGA-AO-A0J9-01A-01-TSA.526836e1-20e5-42a2-89b4-014a69e4838d,0.08584825694561005,0.21096807718276978,0.322124719619751,0.19910721480846405,0.18195176124572754,2,2
TCGA-AO-A0JA-01A-01-BSA.c9bb5119-6e0c-4d16-9da4-82a7e553b309,0.05689148232340813,0.2009931355714798,0.38620075583457947,0.233754962682724,0.12215966731309891,2,2
TCGA-AO-A0JA-01A-01-TSA.818b6240-5b8c-488c-9354-0faeb5491495,0.05668755620718002,0.22836923599243164,0.3601016104221344,0.22456228733062744,0.1302793174982071,2,2
TCGA-AO-A0JB-01A-01-BSA.705ff788-9aea-491f-8eb4-d19e21c984ba,0.03323379531502724,0.09928423166275024,0.3050384521484375,0.13121846318244934,0.431225061416626,4,4
TCGA-AO-A0JB-01A-01-TSA.b83de92d-b426-4133-8226-6dd1580049ff,0.023796670138835907,0.07274419814348221,0.3103273808956146,0.10976380109786987,0.4833678901195526,4,4
TCGA-AO-A0JC-01A-01-BSA.2a81630f-81ee-4c33-ba26-0e825cfa5f72,0.2968364357948303,0.17735186219215393,0.1896626353263855,0.1754174530506134,0.16073167324066162,0,0
TCGA-AO-A0JC-01A-01-TSA.261a41f2-e0b3-4c3b-bd16-ce6a61d1454c,0.3515923321247101,0.16775910556316376,0.10717516392469406,0.31925854086875916,0.05421486869454384,0,0
TCGA-AO-A0JD-01A-01-BSA.4d037bfe-f392-445e-aedd-68ee8b7e0e53,0.10166830569505692,0.16581405699253082,0.30997347831726074,0.25182607769966125,0.17071805894374847,2,2
TCGA-AO-A0JD-01A-01-TSA.d855990d-c9ee-42d4-8d7a-8345e65da160,0.15200872719287872,0.25384628772735596,0.19500264525413513,0.26391229033470154,0.13523009419441223,3,3
TCGA-AO-A0JE-01A-01-BSA.8f04fdde-1427-45f9-bcd9-4449d501c109,0.06550347805023193,0.3800027370452881,0.2567889988422394,0.22730468213558197,0.07040012627840042,1,1
TCGA-AO-A0JE-01A-01-TSA.2ade56dd-a085-472b-b92c-c7a63d7ce4ac,0.10095556825399399,0.3279644250869751,0.18047674000263214,0.3587455749511719,0.03185765817761421,3,3
TCGA-AO-A0JF-01A-01-BSA.9ec2c023-1696-411a-8c2b-c019b8c4fb43,0.03125336021184921,0.11839888244867325,0.44987043738365173,0.14720401167869568,0.2532733082771301,2,2
TCGA-AO-A0JF-01A-01-TSA.8a6d6272-723a-44f5-9682-6aed7f0964f6,0.023370493203401566,0.13664895296096802,0.4309985339641571,0.19814550876617432,0.21083655953407288,2,2
TCGA-AO-A0JG-01A-03-BSC.6b4d1364-f805-4583-8aac-7382e95a2cc7,0.05243472382426262,0.16636936366558075,0.39707517623901367,0.13086850941181183,0.25325217843055725,2,2
TCGA-AO-A0JG-01A-03-MSC.c7c6368f-a8f7-4039-a47a-926981f08d16,0.06301362812519073,0.1288262903690338,0.3053186535835266,0.16950051486492157,0.33334091305732727,4,4
TCGA-AO-A0JI-01A-02-BSB.bfccffbb-dc47-4103-beb9-7799d50af784,0.06504624336957932,0.1187373474240303,0.3063216805458069,0.12992049753665924,0.3799741864204407,4,4
TCGA-AO-A0JI-01A-02-TSB.ee965449-b604-4626-83d4-e0b36bb79d9e,0.05857113376259804,0.05585186183452606,0.27214205265045166,0.11340909451246262,0.5000258684158325,4,4
TCGA-AO-A0JJ-01A-01-BSA.132f03bb-3b31-485c-b814-0f4bf204440e,0.053570665419101715,0.06357896327972412,0.3876436650753021,0.11154942214488983,0.383657306432724,2,2
TCGA-AO-A0JJ-01A-01-TSA.fe4ee1f2-09e8-46a7-9c62-b20fc8042934,0.07234469056129456,0.10212382674217224,0.37166300415992737,0.11432819068431854,0.3395403325557709,2,2
TCGA-AO-A0JL-01A-01-BSA.796a85da-b722-4311-89f8-8b397ea10c85,0.5469136834144592,0.24902096390724182,0.028367921710014343,0.14544305205345154,0.030254367738962173,0,0
TCGA-AO-A0JL-01A-01-TSA.b6151e7a-75be-425c-b9b0-d93111659ce9,0.6833983659744263,0.155656099319458,0.012714968994259834,0.13570958375930786,0.012520942836999893,0,0
TCGA-AO-A0JM-01A-02-BSB.2f3cfa20-a735-4e35-ae2d-2d2dd211339d,0.086637943983078,0.5043312311172485,0.047635700553655624,0.32134246826171875,0.0400526225566864,1,1
TCGA-AO-A0JM-01A-02-TSB.d19f822d-0237-41cb-be13-4d3023dcb507,0.1672305017709732,0.3838154077529907,0.08065705746412277,0.3201250433921814,0.04817197099328041,1,1
TCGA-AO-A124-01A-01-BSA.0770840e-d781-45f2-bbc8-034f0e4138a5,0.5975208282470703,0.1906208097934723,0.021020879969000816,0.17635087668895721,0.014486622996628284,0,0
TCGA-AO-A124-01A-01-TSA.ace4fa54-5ef0-4cb9-85be-8c7680889278,0.36863428354263306,0.32636886835098267,0.03578425198793411,0.24615539610385895,0.023057229816913605,0,0
TCGA-AO-A125-01A-01-BS1.e881fb71-5e5e-40ec-8284-3ee696de7239,0.387542188167572,0.1340027004480362,0.030911147594451904,0.4376603662967682,0.009883581660687923,3,3
TCGA-AO-A125-01A-01-TS1.5472ee35-9a7b-4f8b-8809-657c2cd72810,0.5055609941482544,0.11353105306625366,0.027673259377479553,0.3442668318748474,0.008967903442680836,0,0
TCGA-AO-A126-01A-01-BSA.d9c05421-91fc-4fdd-988d-2b404fa24095,0.10476088523864746,0.4040907025337219,0.13848011195659637,0.3199123442173004,0.0327560193836689,1,1
TCGA-AO-A126-01A-01-TSA.399484a5-e833-4acd-a73b-1fd5a684e7c1,0.04509472846984863,0.2777397036552429,0.23671592772006989,0.30482733249664307,0.13562226295471191,3,3
TCGA-AO-A128-01A-01-BSA.9019856f-fe50-42af-8588-b73395fc0165,0.7291112542152405,0.1419215202331543,0.007607580162584782,0.11237438768148422,0.00898529589176178,0,0
TCGA-AO-A128-01A-01-TSA.6bd59663-0c98-4fd6-8b4a-87b47541e08b,0.6568686366081238,0.09560579806566238,0.023809082806110382,0.21182595193386078,0.01189053151756525,0,0
TCGA-AO-A129-01A-02-BSB.a781dca2-08b1-46a7-a7c9-7c2944546e58,0.4692646265029907,0.3613513112068176,0.02150029130280018,0.1275179535150528,0.020365877076983452,0,0
TCGA-AO-A129-01A-02-TSB.427ec681-3c44-4d87-bfe5-525df3ade7f2,0.3518955111503601,0.41885724663734436,0.038863345980644226,0.14490275084972382,0.045481126755476,1,1
TCGA-AO-A12A-01A-02-BSB.8694e753-cc5f-47e2-9317-4d3355fc355b,0.06124245375394821,0.31328776478767395,0.25667890906333923,0.2241983413696289,0.1445925533771515,1,1
TCGA-AO-A12A-01A-02-TSB.b5bd72c7-f3a2-4b0f-abe7-0aac51898dca,0.04448829963803291,0.19666971266269684,0.3975018560886383,0.15034876763820648,0.21099136769771576,2,2
TCGA-AO-A12B-01A-01-BSA.ec654e0e-2adc-488b-8653-acbf6164419e,0.5562233328819275,0.22057577967643738,0.03046227991580963,0.1734577715396881,0.01928078755736351,0,0
TCGA-AO-A12B-01A-01-TSA.635646b4-dc81-45e2-92b1-8f087abc5240,0.38672202825546265,0.10309531539678574,0.02770438976585865,0.4774324297904968,0.005045779515057802,3,3
TCGA-AO-A12C-01A-01-BSA.ad757f25-3a8c-44ef-8617-cb110aa57cb9,0.04851972684264183,0.3942941129207611,0.24464674293994904,0.2138187140226364,0.09872068464756012,1,1
TCGA-AO-A12C-01A-01-TSA.1a16f83d-8699-4f04-97ff-54ef8f460938,0.047644827514886856,0.29520249366760254,0.2728983461856842,0.28033116459846497,0.10392317920923233,1,1
TCGA-AO-A12D-01A-01-BSA.e75eaf83-11b8-49a2-b6b1-77f98fa6660a,0.09242557734251022,0.5709370374679565,0.0492669939994812,0.2671424150466919,0.020227957516908646,1,1
TCGA-AO-A12D-01A-01-TSA.f28ffd60-5d5f-4fec-8776-bf587f1f2496,0.21344050765037537,0.5518207550048828,0.026285743340849876,0.18804931640625,0.0204036645591259,1,1
TCGA-AO-A12E-01A-01-BSA.9b55ad59-32de-4238-9958-b54e3a43eb2e,0.2085990607738495,0.2298797070980072,0.2440471202135086,0.21468743681907654,0.10278663039207458,2,2
TCGA-AO-A12E-01A-01-TSA.5c7b82d0-dca5-4778-bc30-1201e08dd832,0.15143339335918427,0.22528204321861267,0.25270646810531616,0.25064563751220703,0.11993248760700226,2,2
TCGA-AO-A12F-01A-01-BSA.54904b26-0053-4e3e-8f3e-dd67ed8194a5,0.43210604786872864,0.22164949774742126,0.05345214530825615,0.24163329601287842,0.05115896463394165,0,0
TCGA-AO-A12F-01A-01-TSA.6ed8979a-e4f3-42b1-950f-64908238f50b,0.5854282975196838,0.23105302453041077,0.013134680688381195,0.15253792703151703,0.017846081405878067,0,0
TCGA-AO-A12G-01A-01-BSA.2910f4ca-540f-4268-be69-4e544e586b7c,0.020503565669059753,0.04566637799143791,0.3970693349838257,0.06989528238773346,0.4668654203414917,4,4
TCGA-AO-A12G-01A-01-TSA.7488a641-9de9-4cee-be43-b8c7ad3de976,0.03537888824939728,0.07738156616687775,0.4001619517803192,0.13411559164524078,0.3529619574546814,2,2
TCGA-AO-A12H-01A-01-BSA.eb4b965d-5a91-4c8b-a61d-177b895d2fe5,0.5622081756591797,0.16090644896030426,0.05338214710354805,0.20149795711040497,0.02200528420507908,0,0
TCGA-AO-A12H-01A-01-TSA.77c4bc81-d785-454c-91a9-bb092baf8079,0.15207849442958832,0.26517927646636963,0.2317482978105545,0.18980422616004944,0.1611897051334381,1,1
TCGA-AO-A1KO-01A-03-TSC.4226d4b4-f783-41d6-ba0e-ee74719cb152,0.02502981200814247,0.03630166873335838,0.24154523015022278,0.043102823197841644,0.6540204882621765,4,4
TCGA-AO-A1KP-01A-01-TSA.944cf99a-9e79-482d-b09c-3a140806e56f,0.05751146003603935,0.1967644840478897,0.39382967352867126,0.19915014505386353,0.15274423360824585,2,2
TCGA-AO-A1KQ-01A-01-TSA.7154a02c-5a29-46ea-94d9-6453a6125e15,0.16867496073246002,0.36527976393699646,0.10382595658302307,0.2988799810409546,0.06333931535482407,1,1
TCGA-AO-A1KR-01A-01-TSA.78fa04a1-d5f6-4468-9da5-72e7abb8de86,0.31993862986564636,0.2501212954521179,0.11996299773454666,0.22553379833698273,0.08444326370954514,0,0
TCGA-AO-A1KS-01A-01-TSA.45cfd1b6-e36a-4262-889a-e8540d9244f0,0.16162313520908356,0.32856041193008423,0.13475702702999115,0.3305183947086334,0.04454101249575615,3,3
TCGA-AO-A1KT-01A-01-TSA.896a18ea-090c-4adc-aa95-7614c17ff75d,0.03606308251619339,0.1172778457403183,0.37695929408073425,0.17983807623386383,0.28986164927482605,2,2
TCGA-AQ-A04J-01A-01-BS1.83b89953-2edf-4a7c-bb98-c308fadffc3d,0.36999592185020447,0.16028472781181335,0.12089880555868149,0.28321388363838196,0.06560660898685455,0,0
TCGA-AQ-A04J-01A-02-MS2.e47ffa6a-8d29-4a72-885f-be1d984b00c7,0.33198750019073486,0.17357413470745087,0.10240934044122696,0.3147290349006653,0.077300064265728,0,0
TCGA-AQ-A0Y5-01A-01-BSA.0402a8fd-a121-4a86-927e-073a2e4a7e7e,0.047646936029195786,0.2503468990325928,0.30524465441703796,0.2655307650566101,0.13123080134391785,2,2
TCGA-AQ-A0Y5-01A-01-MSA.e8612b52-6969-4d03-aa70-0f11fb2de46f,0.04565727338194847,0.2692652642726898,0.28597280383110046,0.22136451303958893,0.17774014174938202,2,2
TCGA-AQ-A1H2-01A-01-TSA.529445fe-410c-43db-9fe3-e5ac13387eec,0.08186721056699753,0.2468927800655365,0.07261035591363907,0.5835897922515869,0.015039836056530476,3,3
TCGA-AQ-A1H3-01A-03-TSC.2b86ba40-96c3-4d04-8e4b-18a547b5c9df,0.031031513586640358,0.3200773000717163,0.26981592178344727,0.204666405916214,0.17440885305404663,1,1
TCGA-AQ-A54N-01A-01-TS1.99108B68-B143-43A7-8411-2504D24EA0FA,0.8627683520317078,0.04834764823317528,0.00546675780788064,0.0792572870850563,0.00415990361943841,0,0
TCGA-AQ-A54O-01A-01-TSA.8BB3A7DA-F7DA-430C-934A-A2302F127862,0.1836015284061432,0.4278663992881775,0.03836767002940178,0.34136033058166504,0.00880411360412836,1,1
TCGA-AQ-A7U7-01A-02-TSB.CC7A55C4-13CA-43B5-A623-EABD929C9313,0.00997996423393488,0.03032602183520794,0.47006067633628845,0.06069295108318329,0.42894038558006287,2,2
TCGA-AR-A0TP-01A-01-BSA.c952677d-24c0-4687-ba57-1f812fc51e91,0.44841518998146057,0.0918235257267952,0.06599640101194382,0.37603357434272766,0.01773134246468544,0,0
TCGA-AR-A0TP-01A-01-TSA.300fb1d5-301a-4a10-b9f6-615bac812e93,0.29505887627601624,0.08178148418664932,0.06751479208469391,0.534529447555542,0.021115407347679138,3,3
TCGA-AR-A0TQ-01A-01-BSA.ed7f9356-b8cc-4e4b-8caa-d977e4441831,0.07084529846906662,0.13566891849040985,0.3819246292114258,0.24526841938495636,0.16629265248775482,2,2
TCGA-AR-A0TQ-01A-01-TSA.aa243f75-79d1-42b5-958a-6beaf7ae7a86,0.08953101187944412,0.28516677021980286,0.12481903284788132,0.4809621572494507,0.019521022215485573,3,3
TCGA-AR-A0TR-01A-01-BSA.f1455ed0-393b-495c-9618-bbe3088baf4d,0.22218754887580872,0.03875415399670601,0.03642509877681732,0.6983117461204529,0.004321430344134569,3,3
TCGA-AR-A0TR-01A-01-TSA.c7ef8351-ef5c-44a3-bf32-d06dde6ca154,0.29419344663619995,0.06369718909263611,0.027460364624857903,0.6063497066497803,0.008299309760332108,3,3
TCGA-AR-A0TS-01A-01-BSA.9076c507-2ebb-463c-a0c0-12ad08f5d5c5,0.5813016295433044,0.1611618846654892,0.05682406947016716,0.16978605091571808,0.030926335602998734,0,0
TCGA-AR-A0TS-01A-01-TSA.d8a2a333-b508-4a11-9dc2-4f739d1ceef2,0.22406212985515594,0.3086385726928711,0.06720653921365738,0.383981317281723,0.016111478209495544,3,3
TCGA-AR-A0TT-01A-03-BSC.06e9fb5e-1c6e-4778-9c52-d026628f39c7,0.1343764066696167,0.30401352047920227,0.08440343290567398,0.44827789068222046,0.028928741812705994,3,3
TCGA-AR-A0TT-01A-03-TSC.6e42fa9f-569c-45cf-a316-b3d41a946f57,0.08089899271726608,0.29142099618911743,0.03604548051953316,0.5787950158119202,0.01283952035009861,3,3
TCGA-AR-A0TU-01A-03-BSC.e88e9244-fda5-4b63-948d-2a06267f952f,0.777005136013031,0.050365887582302094,0.011077719740569592,0.15281738340854645,0.008733833208680153,0,0
TCGA-AR-A0TU-01A-03-TSC.49829f83-b36c-4494-85fe-de8fbdbda582,0.5014640092849731,0.12963764369487762,0.06951349973678589,0.25180625915527344,0.04757857322692871,0,0
TCGA-AR-A0TV-01A-02-BSB.e4adf5bf-398f-402f-997e-7b5ef9facbe8,0.32696664333343506,0.1343686878681183,0.09764217585325241,0.39875927567481995,0.04226319491863251,3,3
TCGA-AR-A0TV-01A-02-TSB.9f3ece24-69a8-4d4d-9c2d-ab674faf9ee0,0.3106110394001007,0.06638932228088379,0.0539749450981617,0.5540684461593628,0.014956235885620117,3,3
TCGA-AR-A0TW-01A-01-BSA.70e22d8c-b052-4fcc-9150-8d46663ff942,0.14334602653980255,0.3438631296157837,0.05006783828139305,0.4512747824192047,0.011448181234300137,3,3
TCGA-AR-A0TW-01A-01-TSA.9da4de42-ef24-463d-9ad4-188023c3b40b,0.29957520961761475,0.26154476404190063,0.05507796257734299,0.3725205957889557,0.011281409300863743,3,3
TCGA-AR-A0TX-01A-01-BSA.2d59aca1-69fd-4105-830a-a687eddd27c9,0.20204682648181915,0.3289397656917572,0.0779951885342598,0.3325931131839752,0.058425042778253555,3,3
TCGA-AR-A0TX-01A-01-TSA.4f6a2ef2-8c09-4c9a-aea9-5601722f4e4c,0.17068351805210114,0.26669400930404663,0.19733063876628876,0.306179016828537,0.059112824499607086,3,3
TCGA-AR-A0TY-01A-01-MSA.94fa564d-0f66-4307-bfcc-41b0fe4886b9,0.021310022100806236,0.04034551605582237,0.33437448740005493,0.1064683347940445,0.4975016415119171,4,4
TCGA-AR-A0TY-01A-01-TSA.44dd02fc-5205-42df-ae58-0686e1355bdc,0.11061161011457443,0.15062977373600006,0.2563019096851349,0.3885055184364319,0.09395116567611694,3,3
TCGA-AR-A0TZ-01A-01-BSA.614177ad-6f45-47b3-abb8-6a682f307795,0.05192921310663223,0.13420046865940094,0.34001782536506653,0.3781374394893646,0.0957150086760521,3,3
TCGA-AR-A0TZ-01A-01-TSA.e8ec1762-8ae8-46ca-bece-0f89cb7bd3c5,0.0418621227145195,0.1346089094877243,0.38483431935310364,0.3212844729423523,0.1174100935459137,2,2
TCGA-AR-A0U0-01A-01-MSA.40d4babd-922c-4bab-886b-8015a19bfcc1,0.5143252611160278,0.1405065804719925,0.05129772797226906,0.25819218158721924,0.03567826375365257,0,0
TCGA-AR-A0U0-01A-01-TSA.0fcac8a8-5b8f-4cb0-ac12-2fa05dbb6a74,0.5266696810722351,0.22199223935604095,0.021313894540071487,0.21106098592281342,0.018963182345032692,0,0
TCGA-AR-A0U2-01A-01-BSA.1bd5ddeb-f22c-4147-b905-0f1316e5903a,0.09585829824209213,0.2938768267631531,0.073829285800457,0.5208081007003784,0.015627477318048477,3,3
TCGA-AR-A0U2-01A-01-TSA.cb8df340-904c-4ff0-ac21-6f96d7c52d11,0.1020469069480896,0.1978282332420349,0.14095166325569153,0.5360844135284424,0.023088805377483368,3,3
TCGA-AR-A0U3-01A-01-MS1.64c1dbeb-4a3b-4062-bdf4-2ada1e7c64c4,0.06546880304813385,0.0970793068408966,0.2489507496356964,0.5241674184799194,0.0643337294459343,3,3
TCGA-AR-A0U3-01A-01-TS1.d323907a-72d3-4615-a960-76a6d85571e2,0.08176310360431671,0.1444811373949051,0.0908452570438385,0.6537434458732605,0.02916697971522808,3,3
TCGA-AR-A0U4-01A-01-BSA.abebefec-9cf4-47c8-8c70-a7b17dc97171,0.7442603707313538,0.059494227170944214,0.013699425384402275,0.16977155208587646,0.012774433940649033,0,0
TCGA-AR-A0U4-01A-01-TSA.e671596e-6974-40ec-8013-07cd699843d6,0.8206478953361511,0.025862574577331543,0.00810422096401453,0.13790035247802734,0.007484896574169397,0,0
TCGA-AR-A1AH-01A-01-TS1.a9093b0b-46fc-4b7f-8e6e-3ce53379d44e,0.3917374312877655,0.05951148644089699,0.027834292501211166,0.5145495533943176,0.006367189344018698,3,3
TCGA-AR-A1AJ-01A-02-TSB.cf9b042b-0dc7-4cce-a78c-3cd3616a31ec,0.48136183619499207,0.1601945459842682,0.06733361631631851,0.25404849648475647,0.03706146031618118,0,0
TCGA-AR-A1AK-01A-02-TSB.4cd7ad23-1a24-4289-a684-27e2b5e5e8df,0.029234210029244423,0.0686362162232399,0.3097650408744812,0.08655628561973572,0.5058082938194275,4,4
TCGA-AR-A1AL-01A-02-TSB.a5a169e3-b2b7-4a89-95fb-ee01621d32ee,0.01899382472038269,0.028958722949028015,0.42942604422569275,0.05544533208012581,0.46717602014541626,4,4
TCGA-AR-A1AM-01A-04-TSD.D770F269-CA14-4E17-B6AA-F2602A37B2F6,0.05875326320528984,0.23246341943740845,0.32455509901046753,0.2863335609436035,0.09789466112852097,2,2
TCGA-AR-A1AN-01A-01-TS1.f27b0f08-345b-4950-9344-8f6c54ca576a,0.1680019199848175,0.24397747218608856,0.26468026638031006,0.26649701595306396,0.05684332922101021,3,3
TCGA-AR-A1AO-01A-01-TSA.b77b7b53-7cf8-4ea5-b705-c041ca6e16a7,0.2180955410003662,0.26438722014427185,0.1535734087228775,0.2921234965324402,0.07182036340236664,3,3
TCGA-AR-A1AP-01A-01-TSA.462d1ac8-1c00-4690-9d0e-975853c4c5f2,0.11469186097383499,0.46454280614852905,0.13514159619808197,0.17711149156093597,0.10851220786571503,1,1
TCGA-AR-A1AQ-01A-01-TSA.113b2018-7bb9-44bd-aa80-63eaf688b555,0.5234183669090271,0.20196977257728577,0.030428126454353333,0.22772575914859772,0.01645806059241295,0,0
TCGA-AR-A1AR-01A-03-TSC.3013e9be-aa3e-4986-990c-559982f00e36,0.45711907744407654,0.11084366589784622,0.08200124651193619,0.3256925940513611,0.024343358352780342,0,0
TCGA-AR-A1AS-01A-01-TSA.235f24b3-d72a-419e-8f5c-ffc808dc06be,0.07825027406215668,0.27375930547714233,0.04593290761113167,0.5867293477058411,0.015328135341405869,3,3
TCGA-AR-A1AT-01A-01-TSA.ea146368-893f-4524-b72a-df5beb9a80da,0.25175151228904724,0.2589438855648041,0.12340673059225082,0.2839626669883728,0.08193529397249222,3,3
TCGA-AR-A1AU-01A-01-TSA.1fc40e4b-617f-48fb-a990-4629b38fd8c8,0.08197864890098572,0.255330890417099,0.25710633397102356,0.2766968309879303,0.12888728082180023,3,3
TCGA-AR-A1AV-01A-02-TSB.8aac8e77-5af5-4958-86e8-5883c88630fb,0.09526561200618744,0.27045944333076477,0.1436815857887268,0.4414903521537781,0.049103062599897385,3,3
TCGA-AR-A1AW-01A-02-TSB.d237252f-1ece-4bc3-b84c-d7de505c0a56,0.1876063197851181,0.43509313464164734,0.08792585134506226,0.2388453483581543,0.050529394298791885,1,1
TCGA-AR-A1AX-01A-01-TSA.e03239a3-c62c-4c9d-bb14-df0d8e6cc2dd,0.08234531432390213,0.2597971558570862,0.24460552632808685,0.26063287258148193,0.15261906385421753,3,3
TCGA-AR-A1AY-01A-02-TSB.e0874118-a71e-441f-932a-462fa18e32ff,0.1378677934408188,0.3222905993461609,0.09557434916496277,0.3760201930999756,0.06824705749750137,3,3
TCGA-AR-A24H-01A-01-TSA.540626c5-7295-48b4-9e4f-5e41ec421aa1,0.5586050152778625,0.04300862178206444,0.013780344277620316,0.3793293535709381,0.005276639014482498,0,0
TCGA-AR-A24K-01A-01-TSA.42a4623b-f201-419b-a626-264b305dc01e,0.06404022872447968,0.16967128217220306,0.09914883971214294,0.6533831357955933,0.013756504282355309,3,3
TCGA-AR-A24L-01A-01-TSA.639a9b22-0535-4832-b415-e3af5aee17fb,0.06057891622185707,0.3262366056442261,0.19054944813251495,0.35781556367874146,0.06481952965259552,3,3
TCGA-AR-A24M-01A-01-TSA.8d488967-68ed-4b82-b164-40ed483aa8ac,0.03406797721982002,0.12292734533548355,0.46959397196769714,0.15226733684539795,0.22114332020282745,2,2
TCGA-AR-A24N-01A-01-TSA.b617b299-5c2d-45c3-b018-6b8cf0e84811,0.06256221234798431,0.42071256041526794,0.1342613846063614,0.3518124222755432,0.030651459470391273,1,1
TCGA-AR-A24O-01A-01-TSA.6b58d894-4123-4ed5-a5ce-0139287cfda1,0.01938443072140217,0.04828083887696266,0.363347589969635,0.09464486688375473,0.47434231638908386,4,4
TCGA-AR-A24P-01A-01-TSA.98666bb0-dd9e-4c97-b886-87c994c63e93,0.024388914927840233,0.09365277737379074,0.4177127778530121,0.14910081028938293,0.31514474749565125,2,2
TCGA-AR-A24Q-01A-01-TSA.cca6142d-12a1-410b-b480-7de4d6f3270f,0.04337713494896889,0.1053028479218483,0.3506532609462738,0.23171353340148926,0.26895320415496826,2,2
TCGA-AR-A24R-01A-01-TSA.56300dbf-4a49-4d9a-b616-bb750904f1b5,0.1065339520573616,0.2954464256763458,0.07884680479764938,0.49716874957084656,0.02200409211218357,3,3
TCGA-AR-A24S-01A-01-TSA.e32c12b0-5287-4ee8-879a-3506cec825e2,0.09503430128097534,0.38212937116622925,0.12579913437366486,0.3324446976184845,0.06459257751703262,1,1
TCGA-AR-A24T-01A-01-TS1.3af5a9b7-b62c-4cf9-aa78-5671b180e901,0.0269999410957098,0.06608027964830399,0.4187960922718048,0.12610182166099548,0.36202186346054077,2,2
TCGA-AR-A24U-01A-01-TSA.e0a5c6e6-f748-47c5-8ede-f526fef07b4f,0.1981491595506668,0.32805773615837097,0.13910551369190216,0.2711462676525116,0.06354133784770966,1,1
TCGA-AR-A24V-01A-02-TSB.7b8bf9db-edd3-490a-a14b-365e749e3b57,0.0436076894402504,0.285359650850296,0.09335276484489441,0.5432828068733215,0.03439704701304436,3,3
TCGA-AR-A24W-01A-01-TSA.a118d6a0-2b0e-4bb9-8ca6-e5f9eb9460d5,0.04886965826153755,0.0705166906118393,0.4114516079425812,0.14717359840869904,0.32198840379714966,2,2
TCGA-AR-A24X-01A-01-TSA.51b6ebaf-bb07-442c-8c13-3379b44b9707,0.1310921162366867,0.26366329193115234,0.21400628983974457,0.3199930787086487,0.0712452307343483,3,3
TCGA-AR-A24Z-01A-01-TSA.c9c1b686-7092-4b76-9ce1-7c0fd0b2821f,0.5122359991073608,0.10231346637010574,0.030865198001265526,0.3485209047794342,0.0060645039193332195,0,0
TCGA-AR-A250-01A-03-TSC.ac0f9192-2961-470c-9fe6-fd72f7f07d0c,0.06248682737350464,0.3337100148200989,0.14188461005687714,0.36038804054260254,0.10153049975633621,3,3
TCGA-AR-A251-01A-01-TSA.3b476230-9521-4dac-8cbd-3e886cce1c5d,0.21625103056430817,0.14496290683746338,0.16154426336288452,0.36125755310058594,0.1159842237830162,3,3
TCGA-AR-A252-01A-01-TSA.67f98277-46bd-4868-9f16-fbed2a257ddf,0.2394508272409439,0.3108029067516327,0.21888673305511475,0.1372613161802292,0.09359820932149887,1,1
TCGA-AR-A254-01A-02-TSB.098d701e-d135-47a2-ba97-298a12462de1,0.3058589696884155,0.2307012677192688,0.0353672094643116,0.41687238216400146,0.011200200766324997,3,3
TCGA-AR-A255-01A-01-TSA.85414c8e-dc54-4ae2-80dd-c58db439c5c7,0.0732879787683487,0.12189780920743942,0.3382151424884796,0.17412827908992767,0.2924707531929016,2,2
TCGA-AR-A256-01A-01-TSA.0a0e9510-e048-4b45-9dd8-2caabeaf918e,0.6314083337783813,0.0797942727804184,0.016688711941242218,0.2607594430446625,0.01134924404323101,0,0
TCGA-AR-A2LE-01A-01-TSA.29D5EDD5-A17C-4918-A565-64335796984C,0.056565649807453156,0.1608627587556839,0.37525638937950134,0.3377552032470703,0.06956001371145248,2,2
TCGA-AR-A2LH-01A-03-TSC.F95ACB2C-4C81-4104-A40D-D4DD52A1CC2F,0.06110034137964249,0.13960987329483032,0.3033418357372284,0.11087854206562042,0.385069340467453,4,4
TCGA-AR-A2LJ-01A-01-TSA.D42CBC19-1BB0-44B0-A70D-4F872BA53E2C,0.01534112635999918,0.044090304523706436,0.3293684124946594,0.06240057572722435,0.5487995743751526,4,4
TCGA-AR-A2LK-01A-01-TSA.53C36847-0443-432D-97FF-02949CCBA21B,0.07179822772741318,0.2649146616458893,0.17889463901519775,0.37753891944885254,0.10685356706380844,3,3
TCGA-AR-A2LL-01A-01-TSA.DB96FA2A-150F-4387-9F4A-A3B3861E4746,0.07255145907402039,0.2367033213376999,0.32123178243637085,0.1869821399450302,0.18253137171268463,2,2
TCGA-AR-A2LM-01A-01-TSA.F74C259B-C369-43F7-8D4C-9C0F71DCB07E,0.05050018057227135,0.10883355885744095,0.39828723669052124,0.1305064857006073,0.31187257170677185,2,2
TCGA-AR-A2LN-01A-02-TSB.4430D89C-595E-49C3-A552-96C1E19F30E1,0.006089746952056885,0.017549937590956688,0.4345921576023102,0.0345393531024456,0.5072287917137146,4,4
TCGA-AR-A2LO-01A-03-TSC.62917FFC-65A4-46A2-AED6-1E9B368023E2,0.03614471107721329,0.13101424276828766,0.3158515989780426,0.12007877975702286,0.3969106674194336,4,4
TCGA-AR-A2LQ-01A-02-TSB.EF435791-DA76-4A80-8C17-A3349BF10722,0.01612352393567562,0.036195289343595505,0.3364814519882202,0.03962358459830284,0.5715761184692383,4,4
TCGA-AR-A2LR-01A-01-TSA.E8716040-4787-4C4B-903F-B26AB7FBDD6E,0.03158875182271004,0.07292548567056656,0.35115286707878113,0.09220531582832336,0.4521275758743286,4,4
TCGA-AR-A5QM-01A-01-TSA.BCDF0F3A-C0BB-4761-BF6C-98112D085588,0.015762122347950935,0.05008038878440857,0.3348475992679596,0.07813622057437897,0.5211737155914307,4,4
TCGA-AR-A5QN-01A-01-TSA.9C7C7262-11B4-4EBA-93EA-2AADAC2710AD,0.037120357155799866,0.054488301277160645,0.46423929929733276,0.1366957575082779,0.30745625495910645,2,2
TCGA-AR-A5QP-01A-01-TSA.B74EA482-2FD1-43A7-9CF0-CE1462E73E84,0.02561795897781849,0.06612980365753174,0.33371701836586,0.08344919234514236,0.49108603596687317,4,4
TCGA-AR-A5QQ-01A-01-TSA.5063D04F-D334-4A1F-A2C5-D9B4D3B2D12D,0.36384686827659607,0.43144625425338745,0.04353628680109978,0.0934688150882721,0.06770183145999908,1,1
TCGA-B6-A0I1-01A-01-BSA.6E0B6FB6-B708-4218-A709-D39E455D6700,0.1194394901394844,0.2020595222711563,0.14903075993061066,0.36164557933807373,0.1678246110677719,3,3
TCGA-B6-A0I1-01A-01-TSA.95CA1DC3-0B4A-48E0-806F-841FEF39F941,0.4221956431865692,0.22612552344799042,0.059334710240364075,0.21262085437774658,0.0797232910990715,0,0
TCGA-B6-A0I2-01A-01-BSA.7854d7eb-37a1-4fcb-be01-4e0947d5e383,0.15589074790477753,0.43455445766448975,0.08282040059566498,0.27611738443374634,0.05061707645654678,1,1
TCGA-B6-A0I2-01A-01-TSA.0570e14a-af12-4d0c-94d0-29f5788baa64,0.18576233088970184,0.472647488117218,0.04841142147779465,0.25099319219589233,0.04218557849526405,1,1
TCGA-B6-A0I5-01A-01-BSA.d9b86ccf-b192-4256-bd02-0a4f4be3775e,0.06941364705562592,0.3275464177131653,0.26852598786354065,0.22841311991214752,0.10610083490610123,1,1
TCGA-B6-A0I5-01A-01-TSA.0ca5d58c-89b3-4d0e-9b39-8d74245286ff,0.07492682337760925,0.4867902398109436,0.15038880705833435,0.22924844920635223,0.058645691722631454,1,1
TCGA-B6-A0I6-01A-01-BSA.396e5da4-a3b2-4e76-8866-1d78438eaf1c,0.057833168655633926,0.2652098834514618,0.2177589237689972,0.3546130657196045,0.10458498448133469,3,3
TCGA-B6-A0I6-01A-01-TSA.a0ed7f9a-2661-481e-9e7a-b1864f6db4bd,0.042537253350019455,0.22238419950008392,0.31811487674713135,0.262066125869751,0.1548975110054016,2,2
TCGA-B6-A0I8-01A-01-BSA.d20073fa-473e-45d9-b4a7-8c730a598421,0.015882166102528572,0.0967937782406807,0.5102960467338562,0.10643036663532257,0.2705976665019989,2,2
TCGA-B6-A0I8-01A-01-TSA.244fe924-d6e5-43a2-bd49-2eaf160f9fa9,0.015748949721455574,0.10074567794799805,0.45602115988731384,0.12003369629383087,0.3074505031108856,2,2
TCGA-B6-A0I9-01A-01-BSA.e73de4e1-e5cc-472e-8af8-93d5d32422f8,0.05765724182128906,0.41961684823036194,0.11900649964809418,0.3595755994319916,0.04414379224181175,1,1
TCGA-B6-A0I9-01A-01-TSA.62770546-8fb2-43cc-904a-5331ec01c37a,0.32793623208999634,0.05495406314730644,0.055906783789396286,0.5476648807525635,0.013538035564124584,3,3
TCGA-B6-A0IA-01A-01-BSA.6a397611-09c6-4511-bfa0-f423c3d35488,0.14616084098815918,0.36570432782173157,0.11160555481910706,0.3590753376483917,0.017454000189900398,1,1
TCGA-B6-A0IA-01A-01-TSA.77975eac-fd36-4fd6-915f-279f8ede5437,0.1968269795179367,0.2956763207912445,0.12047658860683441,0.358320415019989,0.02869974449276924,3,3
TCGA-B6-A0IB-01A-01-BSA.2cd7198d-8930-464c-b313-3182d7910f41,0.057533737272024155,0.5100279450416565,0.14276565611362457,0.22771550714969635,0.06195718050003052,1,1
TCGA-B6-A0IB-01A-01-TSA.67edd3f0-b36e-427c-b8ec-4e527de67414,0.06892844289541245,0.4340324103832245,0.12365999072790146,0.32798513770103455,0.045394062995910645,1,1
TCGA-B6-A0IC-01A-01-BSA.d363b558-e649-4540-9975-f1d787172b04,0.151350736618042,0.0912432000041008,0.04229124262928963,0.7045223712921143,0.010592394508421421,3,3
TCGA-B6-A0IC-01A-01-TSA.2fd2c097-b937-4649-abf3-f01a077e5c06,0.31574997305870056,0.05267810449004173,0.055254071950912476,0.5627837181091309,0.013534077443182468,3,3
TCGA-B6-A0IE-01A-01-BSA.d904d8fa-4297-40c3-9bf9-a3cc9dc9204e,0.030286546796560287,0.043106626719236374,0.3640058934688568,0.08850634843111038,0.47409459948539734,4,4
TCGA-B6-A0IE-01A-01-TSA.8a087aa5-e53d-41e2-8709-63c3d03ea7db,0.047184377908706665,0.06986327469348907,0.3560924828052521,0.11575321108102798,0.41110658645629883,4,4
TCGA-B6-A0IG-01A-01-BSA.f4b6e4d4-e56d-479f-8bd9-8be8eca6d7c7,0.07019291818141937,0.14381666481494904,0.40791717171669006,0.14165687561035156,0.23641644418239594,2,2
TCGA-B6-A0IG-01A-01-TSA.be7443fb-bfd6-4ba9-9372-d8f7446071fb,0.051421649754047394,0.1982852667570114,0.3267100751399994,0.14830315113067627,0.27527984976768494,2,2
TCGA-B6-A0IH-01A-01-BSA.4bfc7c55-1aaa-431a-a252-9426bb2b469b,0.017106087878346443,0.03796897083520889,0.2387360781431198,0.07608532905578613,0.630103588104248,4,4
TCGA-B6-A0IH-01A-01-TSA.19eb9880-689b-4178-a7c7-157e4811951b,0.010698131285607815,0.03189597278833389,0.35594111680984497,0.05693342536687851,0.5445312857627869,4,4
TCGA-B6-A0IJ-01A-01-BSA.19386ba7-7364-46e7-8d70-5375d554817f,0.7488687634468079,0.07559408992528915,0.015411232598125935,0.14791126549243927,0.012214673683047295,0,0
TCGA-B6-A0IJ-01A-01-TSA.3e389914-3756-45ef-b49a-f818883551f1,0.6611637473106384,0.07574236392974854,0.01779480278491974,0.23320969939231873,0.012089396826922894,0,0
TCGA-B6-A0IK-01A-01-BSA.37e0325b-a655-4b4c-b498-4717183addce,0.02778005227446556,0.11480401456356049,0.26202407479286194,0.1270737200975418,0.4683181345462799,4,4
TCGA-B6-A0IK-01A-01-TSA.6408a936-e47e-4497-8e83-8b952cbe1fd6,0.03195564076304436,0.2008209079504013,0.23614001274108887,0.18443630635738373,0.346647173166275,4,4
TCGA-B6-A0IM-01A-01-BSA.e4fce1ac-0800-4e45-a3bc-f9bcb2ea825f,0.05626089498400688,0.3181290328502655,0.1471126824617386,0.4219928979873657,0.056504473090171814,3,3
TCGA-B6-A0IM-01A-01-TSA.b038a0c6-b657-47f0-99b7-475c9596c4b6,0.08371126651763916,0.3158279061317444,0.1689765900373459,0.3928329050540924,0.03865133598446846,3,3
TCGA-B6-A0IN-01A-01-TSA.42771812-95a0-4850-b413-2b6b2b29df69,0.2893676459789276,0.36995407938957214,0.12066056579351425,0.10100994259119034,0.11900767683982849,1,1
TCGA-B6-A0IO-01A-01-BSA.cf2b4dcc-dc57-4de0-a8f8-e2268f8501e4,0.0783274844288826,0.21700358390808105,0.33073562383651733,0.22763261198997498,0.14630068838596344,2,2
TCGA-B6-A0IO-01A-01-TSA.c6600460-c39d-405c-80e9-1770d89e2716,0.0544605627655983,0.2014055699110031,0.33496779203414917,0.2685888409614563,0.14057722687721252,2,2
TCGA-B6-A0IP-01A-01-BSA.a052ef3d-7640-4a8a-8060-5f88d7ce9e94,0.03685161471366882,0.10489431768655777,0.3381274938583374,0.2511162757873535,0.2690102458000183,2,2
TCGA-B6-A0IP-01A-01-TSA.83ca6468-2488-4506-baf7-a53290924fab,0.020008128136396408,0.07851492613554001,0.4798392951488495,0.12153231352567673,0.30010536313056946,2,2
TCGA-B6-A0IQ-01A-01-BSA.cef99d47-96e6-4c8c-bb01-9b94425206af,0.21480855345726013,0.3285689353942871,0.11898795515298843,0.24119076132774353,0.0964437797665596,1,1
TCGA-B6-A0IQ-01A-01-TSA.21542b78-a0c0-4651-8198-804f3657d072,0.20579952001571655,0.27153897285461426,0.1464666873216629,0.287560373544693,0.08863446116447449,3,3
TCGA-B6-A0RE-01A-01-BS1.b3d8a60d-a66a-4cf3-8616-edc125bf48f1,0.1785842776298523,0.39593565464019775,0.12576456367969513,0.22075633704662323,0.07895917445421219,1,1
TCGA-B6-A0RE-01A-01-TS1.8df18495-1c1f-4114-a5ee-8dece9b410aa,0.17162491381168365,0.31889989972114563,0.15549440681934357,0.23642517626285553,0.1175556629896164,1,1
TCGA-B6-A0RG-01A-01-BS1.152d245b-c2d3-4d0e-803d-f0eb76273116,0.13246868550777435,0.24982544779777527,0.1742418110370636,0.4056101143360138,0.037853967398405075,3,3
TCGA-B6-A0RG-01A-01-TS1.3eca348e-8c63-46ba-bcb6-e9ba1a07c6c6,0.1005907729268074,0.25412988662719727,0.16885381937026978,0.4118979275226593,0.06452766060829163,3,3
TCGA-B6-A0RH-01A-02-BSB.4d8dc01d-171d-4bde-9f7c-2e54a2bbb427,0.05333889275789261,0.27912265062332153,0.13584840297698975,0.47959402203559875,0.05209607630968094,3,3
TCGA-B6-A0RH-01A-02-TSB.ea83f31e-defb-4436-8a58-5b66b18d13b5,0.11979580670595169,0.39874267578125,0.18039385974407196,0.17230619490146637,0.12876150012016296,1,1
TCGA-B6-A0RI-01A-01-BS1.9271aae8-cb65-481e-ada2-d0358f14a1de,0.10774491727352142,0.27797678112983704,0.15456897020339966,0.4274677634239197,0.03224153816699982,3,3
TCGA-B6-A0RI-01A-01-TS1.89a3333b-0f81-4154-a28d-91bc53e7682c,0.07947729527950287,0.48486950993537903,0.08317942917346954,0.3271413743495941,0.025332454591989517,1,1
TCGA-B6-A0RL-01A-01-BSA.448744f8-8c40-4d41-ad86-e59e8fd63b47,0.04119028523564339,0.22333310544490814,0.3318360149860382,0.15288807451725006,0.2507524788379669,2,2
TCGA-B6-A0RL-01A-01-TSA.497a08d0-67ef-4486-abf0-8d04b713d770,0.1186719611287117,0.3236372768878937,0.11291684210300446,0.4006563723087311,0.04411759600043297,3,3
TCGA-B6-A0RM-01A-01-BSA.8b6ffe6e-5db9-49dc-b778-878a7d62c184,0.19050206243991852,0.22184740006923676,0.21289606392383575,0.30493783950805664,0.06981664896011353,3,3
TCGA-B6-A0RM-01A-01-TSA.12501542-b8cb-4b36-bc66-67ef4578d7d1,0.2884385287761688,0.18236815929412842,0.12461651116609573,0.3638865649700165,0.04069024324417114,3,3
TCGA-B6-A0RN-01A-01-BSA.26f2aa2a-22e4-4f74-b546-0b9ac4dde26f,0.0502825565636158,0.2055911272764206,0.2725931704044342,0.2175034135580063,0.25402969121932983,2,2
TCGA-B6-A0RN-01A-01-TSA.39e1a0a2-1727-41b8-817d-3242d296d382,0.04248489439487457,0.19146214425563812,0.35348987579345703,0.17152884602546692,0.24103419482707977,2,2
TCGA-B6-A0RO-01A-02-BSB.6162fd09-22c4-49bf-9d12-cfc2f4d56518,0.029956839978694916,0.07391555607318878,0.3955436646938324,0.11087571829557419,0.38970819115638733,2,2
TCGA-B6-A0RO-01A-02-TSB.af00bb62-e1ef-4042-a8fe-80173e42c9f8,0.04252517223358154,0.18027609586715698,0.3274681866168976,0.13987979292869568,0.3098507523536682,2,2
TCGA-B6-A0RP-01A-02-BSB.28e532e9-42ef-4bf9-accb-c1b8fb3ddda0,0.04410646855831146,0.19327007234096527,0.2121923267841339,0.49463534355163574,0.05579579994082451,3,3
TCGA-B6-A0RP-01A-02-TSB.33cd7f49-a917-49af-9dad-40e1e645f171,0.03639520704746246,0.17366085946559906,0.32874980568885803,0.2579857110977173,0.20320837199687958,2,2
TCGA-B6-A0RQ-01A-01-BSA.47ecd2ab-489d-4880-85b5-c718d4ceb477,0.011859661899507046,0.02744739130139351,0.21236659586429596,0.034929320216178894,0.7133970260620117,4,4
TCGA-B6-A0RQ-01A-01-TSA.bae984a1-d15c-4c22-a9dd-057fd2d6da04,0.009259087964892387,0.02156602032482624,0.16817523539066315,0.025170208886265755,0.7758293747901917,4,4
TCGA-B6-A0RS-01A-01-BS1.a630cccd-b4c6-4b3d-ae7b-6256dee4bba7,0.176853746175766,0.38777416944503784,0.043530214577913284,0.3710096478462219,0.02083221636712551,1,1
TCGA-B6-A0RS-01A-01-TS1.f7a616c8-c091-46b7-8dbe-90b1343fe3b1,0.12640465795993805,0.3700626492500305,0.12796716392040253,0.2311147004365921,0.1444508284330368,1,1
TCGA-B6-A0RT-01A-02-MSB.024acade-8422-4ed5-9bcc-129fd9423bb3,0.32194140553474426,0.20928649604320526,0.14941443502902985,0.17001287639141083,0.1493447870016098,0,0
TCGA-B6-A0RT-01A-02-TSB.f71d0d64-f522-441c-8bb1-e67fa92653bf,0.04981685429811478,0.18228915333747864,0.1707356721162796,0.37430134415626526,0.2228570431470871,3,3
TCGA-B6-A0RU-01A-01-BSA.7ddc93c5-d027-488b-97e4-eccd89c5deae,0.1485947072505951,0.41482865810394287,0.062458332628011703,0.3177376687526703,0.056380607187747955,1,1
TCGA-B6-A0RU-01A-01-TSA.5ebcec19-7518-4852-9852-2df2f345a95e,0.03666061908006668,0.0877348929643631,0.1791660487651825,0.0785602480173111,0.617878258228302,4,4
TCGA-B6-A0RV-01A-01-BSA.f8268bd0-ea3a-4c05-a3a1-ed6ca8610240,0.03633585944771767,0.10432304441928864,0.29750531911849976,0.17136512696743011,0.3904706835746765,4,4
TCGA-B6-A0RV-01A-01-TSA.0dfcf370-4597-48c0-9779-97c7a404be88,0.02184530906379223,0.08697644621133804,0.34857872128486633,0.1390678733587265,0.4035317003726959,4,4
TCGA-B6-A0WS-01A-01-MS1.2e7cbe20-6c15-4267-b2fd-f33b1519ced7,0.04058882221579552,0.22206413745880127,0.4232062101364136,0.20020411908626556,0.11393672972917557,2,2
TCGA-B6-A0WS-01A-01-TS1.13cafabb-f734-4639-9bc5-5d49a6ba33d0,0.058718301355838776,0.5467281341552734,0.12184009701013565,0.21117064356803894,0.061542827636003494,1,1
TCGA-B6-A0WT-01A-01-BS1.8eed3670-559d-4275-a141-542c4c95bc0a,0.07906617224216461,0.3935573101043701,0.1563170999288559,0.2750002443790436,0.09605923295021057,1,1
TCGA-B6-A0WT-01A-01-TS1.1e20d4bd-53be-4946-9d51-cafe0fd81c08,0.13443945348262787,0.37034422159194946,0.13529230654239655,0.3175426721572876,0.0423814058303833,1,1
TCGA-B6-A0WV-01A-01-BS1.50bdea76-5591-45f4-8743-d420e5c0063e,0.061095837503671646,0.36674726009368896,0.1988181620836258,0.2671729028224945,0.10616587102413177,1,1
TCGA-B6-A0WV-01A-01-TS1.5b667d7f-73a8-4345-82aa-ed5dfae38635,0.03873850032687187,0.30216971039772034,0.27434343099594116,0.28144800662994385,0.10330033302307129,1,1
TCGA-B6-A0WW-01A-01-BS1.5df4515e-cc30-4b30-abed-5055a8e40aa6,0.04665470868349075,0.26978692412376404,0.25178489089012146,0.3569945991039276,0.07477887719869614,3,3
TCGA-B6-A0WW-01A-01-TS1.0b847cf2-8c5e-4f79-91c4-2781eaa137f9,0.05450490489602089,0.324398398399353,0.1738647073507309,0.3764595687389374,0.07077240943908691,3,3
TCGA-B6-A0WX-01A-01-BS1.d9e8bbaf-cd34-47a8-a4a8-e20bce98a5ab,0.04353834688663483,0.23722118139266968,0.24923163652420044,0.21897464990615845,0.2510341703891754,4,4
TCGA-B6-A0WX-01A-01-TS1.b605670f-5d8a-46d8-80f7-77d4c9615034,0.04254475608468056,0.25690168142318726,0.2697504460811615,0.19751380383968353,0.23328928649425507,2,2
TCGA-B6-A0WY-01A-01-MS1.5d7b86cb-96a6-491e-8eee-6fde876a6d20,0.0202961266040802,0.08845732361078262,0.45447155833244324,0.10481652617454529,0.33195847272872925,2,2
TCGA-B6-A0WY-01A-01-TS1.7712e164-3f21-4433-a64c-0e3e473f428e,0.03428305685520172,0.13826067745685577,0.4211384654045105,0.1171896755695343,0.2891280949115753,2,2
TCGA-B6-A0WZ-01A-01-BS1.c88de28c-ac1d-43b3-be4b-4f8b51ca5d68,0.03517354652285576,0.2683398425579071,0.29140400886535645,0.23277832567691803,0.17230427265167236,2,2
TCGA-B6-A0WZ-01A-01-TS1.d42e7513-9258-49ac-82c3-0e1be2af24cc,0.025436634197831154,0.27027979493141174,0.26703664660453796,0.2825365662574768,0.15471035242080688,3,3
TCGA-B6-A0X0-01A-02-BSB.2b68483f-0cb5-4452-a078-c2d7da368efb,0.059625476598739624,0.12262444943189621,0.2902432382106781,0.4470738172531128,0.08043300360441208,3,3
TCGA-B6-A0X0-01A-02-TSB.4a0d7401-a55b-4073-8bae-9ced32245447,0.08443465828895569,0.23172536492347717,0.24301783740520477,0.33037176728248596,0.11045034229755402,3,3
TCGA-B6-A0X1-01A-01-BSA.36508b6e-a0fc-4492-a094-eb2b438156a8,0.3879985213279724,0.20526400208473206,0.024050427600741386,0.366396427154541,0.016290651634335518,0,0
TCGA-B6-A0X1-01A-01-TSA.ef7ede26-0d48-4e52-b2b3-4cd3c4a522c9,0.451949805021286,0.15031085908412933,0.01974451169371605,0.3711864948272705,0.006808396894484758,0,0
TCGA-B6-A0X4-01A-01-MS1.8d33e25d-b7e0-475f-b4c9-9e75e8ac2aa8,0.05543942749500275,0.22277070581912994,0.13953718543052673,0.5609076619148254,0.02134498953819275,3,3
TCGA-B6-A0X4-01A-01-TS1.5a7fe82b-410b-42da-b90c-a63bc1cb2a38,0.10502984374761581,0.159813791513443,0.1521589756011963,0.5660017728805542,0.016995646059513092,3,3
TCGA-B6-A0X5-01A-02-BSB.53717f12-b5e9-4e8d-918d-4c8fb216a02d,0.06858169287443161,0.32209455966949463,0.2056582272052765,0.3601893484592438,0.04347614198923111,3,3
TCGA-B6-A0X7-01A-01-MS1.c52ed107-f2c7-42f4-b54a-945f329b8896,0.031577687710523605,0.09471268206834793,0.40904200077056885,0.10944090038537979,0.3552267551422119,2,2
TCGA-B6-A0X7-01A-01-TS1.9446fbf5-34ff-4d5d-b292-ed8b129d0281,0.017392216250300407,0.07267109304666519,0.5369619131088257,0.08379398286342621,0.28918078541755676,2,2
TCGA-B6-A1KF-01A-01-TS1.dd8b55e7-823a-4805-b2df-8b20a3e94a55,0.35465705394744873,0.29399222135543823,0.0776057094335556,0.23438747227191925,0.03935747221112251,0,0
TCGA-B6-A1KI-01A-01-TS1.9e114169-5c22-4ec6-a85f-327bd0b51570,0.027080480009317398,0.06883758306503296,0.3688536286354065,0.08518917113542557,0.4500391483306885,4,4
TCGA-B6-A1KN-01A-01-TS1.7afb6289-4697-4540-a377-64740d6bd20d,0.04450918734073639,0.1246262863278389,0.348919153213501,0.15911409258842468,0.32283127307891846,2,2
TCGA-B6-A2IU-01A-03-TSC.BB626BA9-ECDE-4EFF-8854-DA1C2A9638EA,0.019203627482056618,0.033743955194950104,0.27831217646598816,0.05844847485423088,0.6102918386459351,4,4
TCGA-B6-A3ZX-01A-01-TS1.68F70986-83F0-4B65-AFF5-496B0C60270F,0.5536229014396667,0.05026296526193619,0.09324151277542114,0.23730286955833435,0.06556973606348038,0,0
TCGA-B6-A400-01A-01-TS1.825AC7BC-8A50-49C2-8346-8F39A55D117B,0.2961675524711609,0.16862927377223969,0.12337882816791534,0.2858937978744507,0.1259305477142334,0,0
TCGA-B6-A401-01A-01-TS1.C196D55B-479E-4F08-A6BB-C5F8FDA2113E,0.12683789432048798,0.23207402229309082,0.18340620398521423,0.29827824234962463,0.15940362215042114,3,3
TCGA-B6-A402-01A-01-TS1.45F6B344-FEE5-4F83-AB34-4F1BA99E445D,0.4788549542427063,0.15725010633468628,0.11978354305028915,0.1685049682855606,0.07560646533966064,0,0
TCGA-B6-A408-01A-01-TS1.1D487FA0-42C1-4C5C-94A4-8D7F48EAB98F,0.0551849901676178,0.34202027320861816,0.1019507572054863,0.4719935357570648,0.02885044552385807,3,3
TCGA-B6-A409-01A-01-TS1.02A10D0A-2B31-4165-94E3-4E6CA784A092,0.5448492765426636,0.10014598816633224,0.11186443269252777,0.1352781057357788,0.10786227136850357,0,0
TCGA-B6-A40B-01A-01-TS1.5B2B3C90-F8E8-4853-B1F8-1CEE52253550,0.0661998763680458,0.10895651578903198,0.2372111976146698,0.287180095911026,0.300452321767807,4,4
TCGA-B6-A40C-01A-01-TS1.8B901E88-9348-4988-9F69-C130D7D8E78E,0.17363011837005615,0.06363758444786072,0.3382328152656555,0.3362075984477997,0.08829189091920853,2,2
TCGA-BH-A0AU-01A-01-BSA.aedfdaab-2249-4706-81e0-4cfc3901a911,0.08033138513565063,0.1986401528120041,0.27734169363975525,0.24363398551940918,0.20005281269550323,2,2
TCGA-BH-A0AU-01A-01-TSA.8370f783-9342-417c-b7bf-250368330ceb,0.05625145882368088,0.16369929909706116,0.271345853805542,0.21208307147026062,0.29662027955055237,4,4
TCGA-BH-A0AV-01A-03-BSC.7a107632-b8d8-4b82-ab74-628fff0f10de,0.054277945309877396,0.36241602897644043,0.09045576304197311,0.4027808606624603,0.09006945788860321,3,3
TCGA-BH-A0AV-01A-03-MSC.f769a3c4-ee58-45c2-931e-d94b31981169,0.04578453302383423,0.3393677771091461,0.09904544055461884,0.4452396035194397,0.0705626904964447,3,3
TCGA-BH-A0AW-01A-01-BSA.67ef13f7-d5cd-4aca-a66b-2eda7045e905,0.15970942378044128,0.2632932960987091,0.07989340275526047,0.4792844355106354,0.01781943440437317,3,3
TCGA-BH-A0AW-01A-01-TSA.d3edff30-ce9c-4bb2-b698-4fdb7a078500,0.17058177292346954,0.28591200709342957,0.101509228348732,0.41056129336357117,0.031435638666152954,3,3
TCGA-BH-A0AY-01A-02-BSB.581eb097-e917-4666-9344-f62b088cb024,0.15504814684391022,0.334523469209671,0.14749294519424438,0.25829657912254333,0.10463889688253403,1,1
TCGA-BH-A0AY-01A-02-TSB.06ebda0b-2dd5-4116-9f51-c3a0ad9fb8bb,0.08703300356864929,0.37025192379951477,0.15791064500808716,0.27718088030815125,0.10762353986501694,1,1
TCGA-BH-A0AZ-01A-02-BSB.34d8c766-06ef-4070-b4f9-009c1b49274a,0.05438270419836044,0.18462418019771576,0.33042195439338684,0.24872823059558868,0.1818428784608841,2,2
TCGA-BH-A0AZ-01A-02-TSB.a9b7b640-d2bb-4e2a-820a-d621212eea2e,0.052870430052280426,0.2705400884151459,0.257895827293396,0.3020460903644562,0.11664753407239914,3,3
TCGA-BH-A0B0-01A-02-BSB.f982be37-f191-4a96-a1a4-3cfefdfc9a19,0.023961642757058144,0.14615225791931152,0.33162614703178406,0.21908435225486755,0.27917563915252686,2,2
TCGA-BH-A0B0-01A-02-TSB.0eb990a6-1311-4909-8d86-03ae43a41227,0.02565743960440159,0.15667596459388733,0.38914892077445984,0.22160604596138,0.20691168308258057,2,2
TCGA-BH-A0B1-01A-01-BSA.e42c4f30-d738-4366-9d21-0df264e6de0c,0.039055194705724716,0.05395626276731491,0.2673474848270416,0.08069753646850586,0.5589434504508972,4,4
TCGA-BH-A0B1-01A-01-TSA.2739b8f3-4b3b-4f93-8a37-decb4367178a,0.04122822359204292,0.050822388380765915,0.28699398040771484,0.0702577531337738,0.5506976842880249,4,4
TCGA-BH-A0B2-01A-01-BSA.643fd386-3bcb-4ee1-a030-1e34eeefeb04,0.037994809448719025,0.12628987431526184,0.32446110248565674,0.09899033606052399,0.41226381063461304,4,4
TCGA-BH-A0B2-01A-01-TSA.b3643e0d-dc70-4fd2-a0e0-534890f73da1,0.0805729404091835,0.252628356218338,0.2491244375705719,0.2453513741493225,0.17232288420200348,1,1
TCGA-BH-A0B3-01A-01-BSA.6e9592e8-196a-40a2-bc46-55dee088bc76,0.11970393359661102,0.3140893876552582,0.09320417791604996,0.44207024574279785,0.030932236462831497,3,3
TCGA-BH-A0B3-01A-01-TSA.b7b39efc-b0b0-402a-bea3-95edd29c5adf,0.08641401678323746,0.35354459285736084,0.06087826192378998,0.45420747995376587,0.04495562985539436,3,3
TCGA-BH-A0B4-01A-01-BSA.f2bcfe2d-e385-4d55-989e-9013d4a38230,0.03600899130105972,0.1313483864068985,0.33402639627456665,0.3111574947834015,0.18745878338813782,2,2
TCGA-BH-A0B4-01A-01-TSA.7471aa51-0284-421f-9c48-43ae81144c22,0.03135691583156586,0.22350965440273285,0.20371414721012115,0.42069533467292786,0.1207239031791687,3,3
TCGA-BH-A0B5-01A-01-BSA.6fc7f4e6-e267-4359-b472-057f1e77ae1a,0.021581266075372696,0.07366777211427689,0.40716251730918884,0.10746793448925018,0.3901204466819763,2,2
TCGA-BH-A0B5-01A-01-TSA.251b1c6f-62e7-4a8d-afd4-e6dd132948fb,0.034310124814510345,0.08777705579996109,0.3200812339782715,0.14601418375968933,0.41181743144989014,4,4
TCGA-BH-A0B6-01A-01-BSA.F0754BB4-6170-42CB-931F-04A324BADD47,0.08651607483625412,0.2270524799823761,0.28881290555000305,0.20883667469024658,0.18878185749053955,2,2
TCGA-BH-A0B6-01A-01-TSA.263AFB9B-2F32-4E0F-815A-9A45FF271800,0.036425940692424774,0.10691665858030319,0.314647912979126,0.10381866246461868,0.438190758228302,4,4
TCGA-BH-A0B7-01A-01-BSA.b842b06f-b4a9-4acf-9534-be4c716763d2,0.09709704667329788,0.23571354150772095,0.207101970911026,0.1652684211730957,0.29481902718544006,4,4
TCGA-BH-A0B7-01A-01-TSA.c22d40fb-49bd-406f-bb75-83d655889804,0.09713995456695557,0.1817871332168579,0.27481135725975037,0.16310802102088928,0.28315356373786926,4,4
TCGA-BH-A0B8-01A-02-BSB.64413cea-7a07-43c5-a8d0-939affc290cb,0.07359817624092102,0.13666227459907532,0.22165021300315857,0.4928818643093109,0.0752074271440506,3,3
TCGA-BH-A0B8-01A-02-TSB.36cf2fc1-2b18-48e7-9d2d-0892fdf17b93,0.05344646796584129,0.15640737116336823,0.3054613173007965,0.37552982568740845,0.10915504395961761,3,3
TCGA-BH-A0B9-01A-01-BSA.f1673d45-8491-4821-87e3-62e7cbcb2994,0.5812699794769287,0.11492319405078888,0.043264783918857574,0.23103183507919312,0.029510224238038063,0,0
TCGA-BH-A0BA-01A-01-BSA.9d357113-f4a9-4e8e-8f02-86403cdc2af9,0.05570422112941742,0.09131047129631042,0.2646802067756653,0.11936844140291214,0.4689367115497589,4,4
TCGA-BH-A0BA-01A-01-TSA.9c9b5e0c-5e89-4dbc-be76-36aaca93c648,0.040895476937294006,0.0917677953839302,0.40629950165748596,0.21853439509868622,0.2425028681755066,2,2
TCGA-BH-A0BC-01A-02-BSB.a89fb037-eac3-4424-8811-e668088b1481,0.022673580795526505,0.03297810256481171,0.4157262146472931,0.06999591737985611,0.4586261510848999,4,4
TCGA-BH-A0BC-01A-02-TSB.a7afb5f2-2676-428b-95c4-5b8764004820,0.024187546223402023,0.04522421583533287,0.3443622291088104,0.06338424235582352,0.52284175157547,4,4
TCGA-BH-A0BD-01A-01-BSA.660ee152-efee-472b-95d1-1e5723ca1f64,0.09952584654092789,0.19201873242855072,0.2295863777399063,0.34817683696746826,0.13069221377372742,3,3
TCGA-BH-A0BD-01A-01-TSA.b92fbb4e-3f22-48d5-9b1e-af972a45232e,0.09218774735927582,0.22476273775100708,0.2394634187221527,0.2893597185611725,0.1542263776063919,3,3
TCGA-BH-A0BF-01A-02-BSB.00d3beec-4e44-4585-a6c0-ec25b8ee3538,0.09464478492736816,0.382144570350647,0.1661367565393448,0.28575819730758667,0.07131568342447281,1,1
TCGA-BH-A0BG-01A-01-BSA.31ae700e-3c02-4329-b43a-ee2ccc20b688,0.09615007787942886,0.3561471104621887,0.12435983866453171,0.3015151023864746,0.12182781100273132,1,1
TCGA-BH-A0BG-01A-01-TSA.e8a4f7a5-137e-4647-9f9e-528f308112e3,0.07023268938064575,0.2231736034154892,0.2430383712053299,0.28501665592193604,0.17853866517543793,3,3
TCGA-BH-A0BJ-01A-01-BSA.979caa76-44d5-4c81-ac78-08908ce542d2,0.015841243788599968,0.07426376640796661,0.3092517554759979,0.0958489328622818,0.5047942996025085,4,4
TCGA-BH-A0BJ-01A-01-TSA.356876b9-34bb-4958-b932-8dc6022800ff,0.017080841585993767,0.04452710226178169,0.3899858891963959,0.10132269561290741,0.4470835030078888,4,4
TCGA-BH-A0BL-01A-01-BSA.f8277eba-2d30-4c5f-ae15-94daba29503a,0.11939223110675812,0.18611712753772736,0.2794343829154968,0.1655532568693161,0.24950304627418518,2,2
TCGA-BH-A0BL-01A-01-TSA.10753cc1-6b69-4ba1-b4b7-561d7ed8a6a9,0.1270068734884262,0.3275413513183594,0.15099507570266724,0.22512182593345642,0.16933488845825195,1,1
TCGA-BH-A0BM-01A-01-BSA.0c2b78c5-2579-4a8a-81cb-e2f6cbb4a019,0.0215807743370533,0.09050747752189636,0.494448184967041,0.1492840200662613,0.24417950212955475,2,2
TCGA-BH-A0BM-01A-01-TSA.f2ad9846-fe78-4112-af84-b800a575e977,0.01453340332955122,0.06718797236680984,0.47997891902923584,0.1140500083565712,0.3242497146129608,2,2
TCGA-BH-A0BO-01A-01-BSA.fb0f8c89-81d2-4f60-af1b-44a84aae1d3a,0.046898484230041504,0.09277431666851044,0.24219107627868652,0.1241583451628685,0.493977814912796,4,4
TCGA-BH-A0BO-01A-02-BSB.984c099a-27b1-4584-8c84-0ff358b7610e,0.01873951405286789,0.039343319833278656,0.3237770199775696,0.09367237985134125,0.5244677066802979,4,4
TCGA-BH-A0BP-01A-01-BSA.e3fa75e0-9c2b-4eec-8d44-3b10237c1571,0.06147048994898796,0.11799417436122894,0.3364047706127167,0.17096717655658722,0.3131634294986725,2,2
TCGA-BH-A0BP-01A-01-TSA.7af1ff04-abb7-4c36-9316-8596f2053824,0.03173395246267319,0.11617792397737503,0.3990737199783325,0.16339297592639923,0.289621502161026,2,2
TCGA-BH-A0BQ-01A-01-BSA.bad7666c-e404-4d97-af8d-2335bf33f31c,0.03407905623316765,0.11407408118247986,0.41529035568237305,0.2282230406999588,0.20833337306976318,2,2
TCGA-BH-A0BQ-01A-02-BSB.46d849d6-4c9d-44be-8cd2-01bcfea20d2f,0.03986712172627449,0.21049262583255768,0.31342342495918274,0.1960909366607666,0.24012590944766998,2,2
TCGA-BH-A0BR-01A-02-BSB.63ea0e68-49cf-4897-834b-d11519db02ec,0.0660707876086235,0.4618857800960541,0.1354825347661972,0.267499715089798,0.06906121969223022,1,1
TCGA-BH-A0BR-01A-02-TSB.c3274f30-ee10-44ef-a781-1441f0a4c659,0.07449357956647873,0.44444048404693604,0.14326755702495575,0.2748272716999054,0.06297111511230469,1,1
TCGA-BH-A0BS-01A-01-BSA.ebd4566c-a2cd-4f86-a5ed-baf53731ac5a,0.048301029950380325,0.15288208425045013,0.1018788293004036,0.6877427697181702,0.009195263497531414,3,3
TCGA-BH-A0BS-01A-01-TSA.2de86c0c-c9f9-41fc-8f82-966b48b6af7b,0.05007639527320862,0.21750499308109283,0.21643111109733582,0.464140385389328,0.05184715986251831,3,3
TCGA-BH-A0BT-01A-01-BSA.5024ab0b-133d-4414-803d-29a1d63df444,0.03278128430247307,0.2727149426937103,0.2527540624141693,0.3618256449699402,0.07992405444383621,3,3
TCGA-BH-A0BT-01A-01-TSA.0d7af972-fe18-47c7-b863-2bb47d611f22,0.02359693869948387,0.20330408215522766,0.3781759738922119,0.26649367809295654,0.1284293681383133,2,2
TCGA-BH-A0BV-01A-01-BSA.1d27d74a-405e-4a7f-befa-6d5f7b1fa8e9,0.0737689658999443,0.1316986083984375,0.3193351924419403,0.20712019503116608,0.26807698607444763,2,2
TCGA-BH-A0BV-01A-01-TSA.f5f04523-e30b-4204-99f4-0003ceec2724,0.09700203686952591,0.2975904047489166,0.17195820808410645,0.3179391026496887,0.1155102327466011,3,3
TCGA-BH-A0BW-01A-01-BSA.e6e7f7cd-a931-4d02-acf6-87b0bbf21fba,0.18819604814052582,0.2746531665325165,0.19313013553619385,0.28209641575813293,0.06192423030734062,3,3
TCGA-BH-A0BW-01A-01-TSA.a2c48bd4-4c32-4694-97c8-c43679601ab0,0.11901843547821045,0.4312795400619507,0.06923659145832062,0.347953736782074,0.03251168131828308,1,1
TCGA-BH-A0BZ-01A-03-BSC.875682e9-3d99-4189-8ad1-f1e4e4bb7610,0.07043861597776413,0.3653372526168823,0.09046563506126404,0.43370893597602844,0.04004962369799614,3,3
TCGA-BH-A0BZ-01A-03-TSC.18e04e86-9ccb-4773-bcf3-d7f0c54c6e2a,0.06161758303642273,0.30758732557296753,0.0849391296505928,0.5139070749282837,0.031948886811733246,3,3
TCGA-BH-A0C0-01A-02-BSB.4b112630-4214-42cb-8db9-56df1ce4c6ea,0.19657738506793976,0.2770921289920807,0.0561940036714077,0.44639506936073303,0.023741314187645912,3,3
TCGA-BH-A0C0-01A-02-TSB.b5d6fdae-cc88-4ded-a599-f778187bdc37,0.1843109130859375,0.24268759787082672,0.07387067377567291,0.4521494209766388,0.04698138311505318,3,3
TCGA-BH-A0C3-01A-02-BSB.8ad907ea-f7a5-4095-86c7-1381dfbccea7,0.022565556690096855,0.05516704544425011,0.265296995639801,0.05957793816924095,0.5973925590515137,4,4
TCGA-BH-A0C3-01A-02-TSB.09beb17d-e7be-4a91-b931-98ff177d1202,0.01829342544078827,0.04969201236963272,0.26781371235847473,0.05608176067471504,0.6081191301345825,4,4
TCGA-BH-A0DD-01A-03-BSC.c1eded57-13d8-48ff-9389-5467a8455fe6,0.14304490387439728,0.36757388710975647,0.1226959377527237,0.30290326476097107,0.06378206610679626,1,1
TCGA-BH-A0DD-01A-03-TSC.0088505b-5e18-49c4-bc2b-7946b2780383,0.172282412648201,0.331346720457077,0.11662814021110535,0.3328419327735901,0.04690080136060715,3,3
TCGA-BH-A0DE-01A-01-BSA.2222ee02-424e-4db1-bf0c-9213fcb9c269,0.009101169183850288,0.028542298823595047,0.3292087912559509,0.053972028195858,0.5791756510734558,4,4
TCGA-BH-A0DE-01A-01-TSA.2a52bf9e-45aa-4e5b-8ee7-12476f5f9329,0.010102314874529839,0.028433216735720634,0.2790070176124573,0.0606243833899498,0.6218330264091492,4,4
TCGA-BH-A0DG-01A-02-BSB.991bb656-5e82-4698-8618-27c6a0b1616e,0.04366573318839073,0.39200276136398315,0.13843096792697906,0.3834754526615143,0.04242509976029396,1,1
TCGA-BH-A0DG-01A-02-MSB.46920fd1-be28-491c-87cd-01ae77283a76,0.04693131148815155,0.37926098704338074,0.12216505408287048,0.412532240152359,0.03911042585968971,3,3
TCGA-BH-A0DH-01A-01-BSA.8ac4fdc4-cc2c-4c7f-b0b9-e55e4a6d225d,0.012519348412752151,0.0501822829246521,0.3126995265483856,0.11855995655059814,0.5060389041900635,4,4
TCGA-BH-A0DH-01A-01-TSA.65c5c88c-2eab-4c9d-adfa-4de61c284c55,0.014711923897266388,0.04154275357723236,0.3629177212715149,0.11513921618461609,0.4656883478164673,4,4
TCGA-BH-A0DI-01A-02-BSB.7e8228a1-5a72-413f-96aa-ca7dc090bbca,0.01798892952501774,0.131586953997612,0.2980293035507202,0.13878785073757172,0.4136069118976593,4,4
TCGA-BH-A0DI-01A-02-TSB.c1a37b06-e872-44b7-9dd2-2b3e2b363076,0.013540448620915413,0.05488549917936325,0.29048648476600647,0.09551388770341873,0.5455737113952637,4,4
TCGA-BH-A0DK-01A-02-BSB.d2b81f36-c819-44a9-8171-5297fd30cd73,0.11508890241384506,0.3626876473426819,0.19649739563465118,0.23970143496990204,0.08602458983659744,1,1
TCGA-BH-A0DK-01A-02-TSB.50070c5c-59b6-4d86-8eff-aaa38be1ea77,0.1310734897851944,0.2741236388683319,0.26342153549194336,0.2256263792514801,0.10575496405363083,1,1
TCGA-BH-A0DL-01A-01-BSA.7328c7b0-af70-4309-8908-9684d53b8b3d,0.4218774437904358,0.20095187425613403,0.024513697251677513,0.3361641764640808,0.01649271696805954,0,0
TCGA-BH-A0DL-01A-01-TSA.bbf68858-72c8-490a-89b1-6018c8aef709,0.11810839921236038,0.30501270294189453,0.1563117653131485,0.35738706588745117,0.06318008154630661,3,3
TCGA-BH-A0DP-01A-02-BSB.ad74deb9-5256-4688-9a5c-c4db6be91e67,0.036302220076322556,0.08836544305086136,0.3875402808189392,0.11859995871782303,0.36919209361076355,2,2
TCGA-BH-A0DP-01A-02-TSB.f0b6081f-92f9-4272-a7a7-4fb43bce2bea,0.03115026466548443,0.09638240188360214,0.4311605989933014,0.10057087987661362,0.34073585271835327,2,2
TCGA-BH-A0DQ-01A-01-MSA.3e981cdd-f9e6-454a-9746-16e29a072b17,0.049713995307683945,0.3509657084941864,0.20882748067378998,0.24370025098323822,0.14679262042045593,1,1
TCGA-BH-A0DQ-01A-01-TSA.24f28fdb-5247-4110-9356-579b900acecc,0.047032784670591354,0.31213653087615967,0.22128824889659882,0.2908298671245575,0.12871259450912476,1,1
TCGA-BH-A0DS-01A-01-BSA.6f8197a1-4017-45c3-bba4-6c15da09c091,0.045936550945043564,0.1606147438287735,0.2907983958721161,0.3867124319076538,0.11593784391880035,3,3
TCGA-BH-A0DS-01A-01-TSA.2395f79e-a59e-4a9a-9814-4ed846745510,0.05047585815191269,0.18993546068668365,0.2727983295917511,0.3538043200969696,0.13298600912094116,3,3
TCGA-BH-A0DT-01A-02-BSB.92dcef3c-8ae8-4e87-a2e8-264893a28236,0.03874989598989487,0.1736915111541748,0.34300392866134644,0.31292983889579773,0.13162478804588318,2,2
TCGA-BH-A0DT-01A-02-TSB.059d6dec-9051-4d12-96cc-49bd63ae678e,0.041009582579135895,0.235189288854599,0.3081624507904053,0.2763971984386444,0.13924145698547363,2,2
TCGA-BH-A0DV-01A-02-BSB.391712b1-566f-432f-88d8-44067bfcfc6d,0.014618017710745335,0.06764846295118332,0.468210369348526,0.09691501408815384,0.3526081442832947,2,2
TCGA-BH-A0DV-01A-02-TSB.5efc21a2-56a1-4ce2-99b2-fb7edadb3698,0.008692502975463867,0.026266027241945267,0.35311856865882874,0.039192140102386475,0.5727308392524719,4,4
TCGA-BH-A0DX-01A-01-BSA.6a01c1b0-28e9-4d6a-9114-d53b17130c02,0.04751823469996452,0.2449980229139328,0.3294154405593872,0.17950044572353363,0.19856789708137512,2,2
TCGA-BH-A0DX-01A-01-TSA.326ef6ce-5ee6-4b23-ab87-199c55107405,0.015510300174355507,0.06094624474644661,0.27036234736442566,0.059476856142282486,0.5937042832374573,4,4
TCGA-BH-A0DZ-01A-01-BSA.96d9efe6-e56c-4a00-b312-9af5d2913fd9,0.04799085855484009,0.29899904131889343,0.19299986958503723,0.341064453125,0.11894576251506805,3,3
TCGA-BH-A0DZ-01A-01-TSA.482fc6f8-5c8b-494e-a821-628daa343534,0.055927522480487823,0.24691779911518097,0.2586967349052429,0.3251965045928955,0.1132614016532898,3,3
TCGA-BH-A0E0-01A-01-BSA.b224536e-7d49-421d-a3bb-815fc01556a9,0.6423009037971497,0.13941428065299988,0.028237922117114067,0.1779114454984665,0.012135419063270092,0,0
TCGA-BH-A0E0-01A-01-TSA.6d266771-231b-4305-afd9-ec77a67f2e73,0.5121040940284729,0.20165158808231354,0.0837230384349823,0.17216205596923828,0.030359193682670593,0,0
TCGA-BH-A0E1-01A-01-BSA.57534115-65b7-48cc-b124-13b8f3c15d48,0.07374589145183563,0.2287590205669403,0.2541942298412323,0.3381045162677765,0.10519636422395706,3,3
TCGA-BH-A0E1-01A-01-TSA.01da1142-7d58-419d-998b-acd3be403d31,0.07267587631940842,0.17632517218589783,0.3904917240142822,0.1649450659751892,0.19556215405464172,2,2
TCGA-BH-A0E2-01A-01-BSA.1c64f76e-23d3-4d31-a921-31e15cb98f50,0.0884532481431961,0.48313769698143005,0.05916823074221611,0.3307742178440094,0.03846663981676102,1,1
TCGA-BH-A0E2-01A-01-TSA.8220f6e4-60c4-40cf-836a-b420f70efa19,0.0935191735625267,0.4675520360469818,0.06461527943611145,0.3445722460746765,0.029741274192929268,1,1
TCGA-BH-A0E6-01A-01-BSA.8156d307-3bf6-4d24-ad6c-9d0a8cc2a504,0.24234555661678314,0.4002273976802826,0.08160549402236938,0.22531728446483612,0.05050427466630936,1,1
TCGA-BH-A0E6-01A-01-TSA.54e2d7c5-0b53-4221-a8fe-af32465030ec,0.20257186889648438,0.3867352306842804,0.10509592294692993,0.2011774629354477,0.1044195368885994,1,1
TCGA-BH-A0E7-01A-01-BSA.7c705dfe-0a1d-468c-a43e-eede6df788ab,0.061468493193387985,0.20204395055770874,0.12458785623311996,0.5904884934425354,0.02141127735376358,3,3
TCGA-BH-A0E7-01A-01-TSA.28384290-aa86-483d-847e-47edddf059fc,0.044339410960674286,0.2704158425331116,0.15659251809120178,0.4888772666454315,0.039774954319000244,3,3
TCGA-BH-A0EA-01A-01-MSA.a0826f0d-986a-491b-8c6f-b34f8929f3ee,0.04173394665122032,0.12174594402313232,0.4111206531524658,0.20773248374462128,0.21766695380210876,2,2
TCGA-BH-A0EA-01A-01-TSA.90154ea1-6b76-4445-870e-d531d6fa1239,0.04641998931765556,0.19018925726413727,0.3576558232307434,0.2548377811908722,0.15089717507362366,2,2
TCGA-BH-A0EB-01A-01-BSA.f2664782-5c6a-4693-8f9c-aa963b38e605,0.07658538967370987,0.3617081642150879,0.19868630170822144,0.28629282116889954,0.07672729343175888,1,1
TCGA-BH-A0EB-01A-01-TSA.12af0d04-ac02-49b1-b2a7-67af4dce098f,0.06508628278970718,0.3148069679737091,0.23868130147457123,0.27097636461257935,0.11044907569885254,1,1
TCGA-BH-A0EE-01A-01-BSA.3b661349-b956-42ea-8872-db00f9a397f2,0.5797547101974487,0.21123138070106506,0.019326627254486084,0.1721816211938858,0.017505614086985588,0,0
TCGA-BH-A0EE-01A-01-TSA.73130d8d-377f-4924-b023-0908ec862747,0.5555886626243591,0.2370530366897583,0.022821104153990746,0.16777363419532776,0.016763530671596527,0,0
TCGA-BH-A0EI-01A-01-BSA.a966fddf-e06b-4beb-847b-62a0e41306f7,0.025791825726628304,0.19688017666339874,0.33331066370010376,0.3174079954624176,0.12660929560661316,2,2
TCGA-BH-A0EI-01A-01-TSA.b3d8fb78-8b4f-4185-a816-b5a7b4b0dc7f,0.022379135712981224,0.18780101835727692,0.3049983084201813,0.3399603068828583,0.14486126601696014,3,3
TCGA-BH-A0GY-01A-01-BSA.8fbab1df-7130-4c95-b61d-9b988b4f7507,0.08003976196050644,0.38248172402381897,0.13136573135852814,0.32366135716438293,0.08245143294334412,1,1
TCGA-BH-A0GY-01A-01-TSA.d5301721-b7af-4291-96dd-220436458f10,0.07168293744325638,0.38419973850250244,0.1963943988084793,0.26512256264686584,0.08260037004947662,1,1
TCGA-BH-A0GZ-01A-01-BSA.2d2c174c-aa50-4f85-ba38-b46d3303f8ee,0.04334982484579086,0.3357747495174408,0.19713807106018066,0.3460206091403961,0.07771680504083633,3,3
TCGA-BH-A0GZ-01A-01-TSA.0f63b7d7-9142-4f14-a9fb-8c061a0fa4b8,0.04036326706409454,0.2799873948097229,0.25691133737564087,0.22936886548995972,0.19336917996406555,1,1
TCGA-BH-A0H0-01A-01-TSA.70fed29e-bd3c-4cb6-92c4-0c16bd6048d6,0.2313724160194397,0.1500578671693802,0.20410072803497314,0.31130358576774597,0.10316538065671921,3,3
TCGA-BH-A0H3-01A-01-MSA.32ba4ab2-1d6a-4927-953f-2801f2d216e6,0.025802865624427795,0.09286686778068542,0.33366966247558594,0.06441105157136917,0.4832494854927063,4,4
TCGA-BH-A0H3-01A-01-TSA.c3a3ea7e-8ed7-47dc-ba34-31e3cac55f6c,0.01290193386375904,0.05040682107210159,0.32787108421325684,0.0777539387345314,0.5310661792755127,4,4
TCGA-BH-A0H5-01A-02-BSB.dfe0061f-b99b-4c98-9b50-05e9df207807,0.09646200388669968,0.12577515840530396,0.2748923897743225,0.22613070905208588,0.2767397165298462,4,4
TCGA-BH-A0H5-01A-02-TSB.3b222475-012c-4642-8b1b-3a16a77af4fc,0.06893046945333481,0.1638116091489792,0.3154120147228241,0.19841820001602173,0.25342774391174316,2,2
TCGA-BH-A0H6-01A-02-BSB.6f0a00c2-87c0-4565-a160-d51955b76cb3,0.10249339789152145,0.19154275953769684,0.17384187877178192,0.43706437945365906,0.09505763649940491,3,3
TCGA-BH-A0H6-01A-02-TSB.c3d00ef3-faa9-416f-b8dd-85e30227482d,0.07058264315128326,0.3293190598487854,0.13343337178230286,0.39905717968940735,0.06760772317647934,3,3
TCGA-BH-A0H7-01A-01-TSA.3a4088bb-e65a-412e-9ac0-2188e424d02d,0.03446343168616295,0.1424858123064041,0.3142370879650116,0.21351715922355652,0.2952965497970581,2,2
TCGA-BH-A0H9-01A-01-BSA.1ecefd59-ca14-4b45-a3af-b9c72058ec45,0.08966205269098282,0.23767629265785217,0.25406432151794434,0.27710452675819397,0.14149276912212372,3,3
TCGA-BH-A0H9-01A-01-TSA.c1e06445-62d2-4221-b1ff-3e8eb7cd3106,0.07813157886266708,0.2643998861312866,0.28981292247772217,0.26911476254463196,0.09854080528020859,2,2
TCGA-BH-A0HA-01A-01-BSA.3299cf66-843b-4c75-9ab2-fac7dd9a4dec,0.07944975793361664,0.23409616947174072,0.3507746756076813,0.19622693955898285,0.1394524872303009,2,2
TCGA-BH-A0HA-01A-01-TSA.eb27eed7-d48e-44d1-8436-0fe8a3dcef1e,0.0751798003911972,0.19558188319206238,0.3388947546482086,0.1915578842163086,0.1987856924533844,2,2
TCGA-BH-A0HB-01A-01-BSA.6c9bb2b3-eef6-4e6e-ae30-1381db532ac2,0.13294968008995056,0.18507051467895508,0.23235827684402466,0.29546383023262024,0.15415774285793304,3,3
TCGA-BH-A0HB-01A-01-MSA.4111470f-6088-4244-9788-d1f4d7643a71,0.2504056692123413,0.2459012269973755,0.08004951477050781,0.38675153255462646,0.036892086267471313,3,3
TCGA-BH-A0HF-01A-01-BSA.e917388d-c4db-4345-b7de-172bc1894173,0.03994705155491829,0.23612135648727417,0.3369300961494446,0.2660429775714874,0.12095854431390762,2,2
TCGA-BH-A0HF-01A-01-TSA.7ded795f-16d8-44ef-b26f-5f6fdd25fc1b,0.040051985532045364,0.3188312351703644,0.3064674735069275,0.226830393075943,0.10781894624233246,1,1
TCGA-BH-A0HI-01A-01-TSA.90298880-ffbf-49c4-be65-7b0fc76fce8b,0.05804505944252014,0.3678758442401886,0.15764272212982178,0.340848833322525,0.07558752596378326,1,1
TCGA-BH-A0HK-01A-01-BSA.9503c4b2-4f84-4b5e-80a1-2e29605606b2,0.10174842178821564,0.1326783150434494,0.29992929100990295,0.17116689682006836,0.29447710514068604,2,2
TCGA-BH-A0HK-01A-01-TSA.baefe9ea-a565-4ec1-92b2-6b62ed9944e3,0.25129175186157227,0.2062043845653534,0.1598956286907196,0.2869951128959656,0.09561313688755035,3,3
TCGA-BH-A0HL-01A-01-BSA.06db6ff3-c6c9-4a57-b0fc-ef2a749865bf,0.6425541043281555,0.03487410023808479,0.024215007200837135,0.2900662422180176,0.008290538564324379,0,0
TCGA-BH-A0HL-01A-01-TSA.2807c8d7-6e2a-421d-91dc-4ce76a1445a3,0.26797395944595337,0.11805769801139832,0.07557279616594315,0.5081543922424316,0.030241113156080246,3,3
TCGA-BH-A0HN-01A-01-BSA.48a0a442-ee9e-463a-baff-2848408cdeb0,0.4485873579978943,0.163404643535614,0.033820364624261856,0.3410291075706482,0.013158474117517471,0,0
TCGA-BH-A0HN-01A-01-TSA.82c8d845-2b00-401b-af1a-70573b4a95d3,0.3931005597114563,0.12092770636081696,0.032180942595005035,0.4448729157447815,0.008917849510908127,3,3
TCGA-BH-A0HO-01A-01-BSA.1cb192f4-f6fa-45c3-92ac-b1e67bdb96b5,0.2437964826822281,0.2323618084192276,0.08767099678516388,0.4258936047554016,0.01027716789394617,3,3
TCGA-BH-A0HO-01A-01-TSA.927ed714-1749-44c9-bfb1-a55d65671692,0.24836665391921997,0.17288482189178467,0.0576813668012619,0.510998547077179,0.010068601928651333,3,3
TCGA-BH-A0HP-01A-01-BSA.c795ed04-0ade-4ed8-9a8b-526b4b789838,0.009472038596868515,0.017288226634263992,0.37096449732780457,0.03236812725663185,0.5699071288108826,4,4
TCGA-BH-A0HP-01A-01-TSA.f21bc9c8-67ad-4b4c-b9ac-5d824f2c0df8,0.010913963429629803,0.017315566539764404,0.3869674503803253,0.03890101984143257,0.5459019541740417,4,4
TCGA-BH-A0HQ-01A-01-BSA.4d080ff5-e61d-49e5-ae36-697e5b0ba630,0.043643057346343994,0.19843201339244843,0.3878457844257355,0.18996603786945343,0.18011312186717987,2,2
TCGA-BH-A0HQ-01A-01-TSA.177676f4-76db-4918-a57e-99124cfa3f34,0.045024026185274124,0.11596696078777313,0.44392135739326477,0.1843106895685196,0.2107769250869751,2,2
TCGA-BH-A0HU-01A-01-BSA.24d5d604-52a8-45ef-9295-c69fa1e54ebd,0.08478453010320663,0.2363775372505188,0.24202582240104675,0.3608494997024536,0.07596254348754883,3,3
TCGA-BH-A0HU-01A-01-TSA.2ff65f66-42b5-40fc-9ce8-d9ab4aa4bea5,0.1446426957845688,0.2616118788719177,0.16109444200992584,0.40075376629829407,0.0318971611559391,3,3
TCGA-BH-A0HW-01A-01-BSA.ce352376-0dc4-4470-85b2-3cfb122531e8,0.4083915054798126,0.08139771968126297,0.037040483206510544,0.4646298289299011,0.008540467359125614,3,3
TCGA-BH-A0HW-01A-01-TSA.ea044a0b-dc69-4fc0-951a-ab4a8c9feff0,0.5709201693534851,0.1358107477426529,0.03910102695226669,0.23500990867614746,0.019158121198415756,0,0
TCGA-BH-A0HX-01A-02-BSB.1557ba7a-169e-4a9d-a9e7-48223614e663,0.03055519051849842,0.1517551839351654,0.3416898548603058,0.17015059292316437,0.30584919452667236,2,2
TCGA-BH-A0HX-01A-02-TSB.b80610f4-d074-4a7b-a5cc-e908ad2d9d6d,0.02028491534292698,0.08145534247159958,0.4013703465461731,0.10344623029232025,0.39344313740730286,2,2
TCGA-BH-A0HY-01A-01-BSA.46c5e097-d1b4-41df-a38a-fe148fc771bf,0.037682779133319855,0.23794987797737122,0.35274115204811096,0.20227836072444916,0.1693478524684906,2,2
TCGA-BH-A0HY-01A-01-TSA.6e6e9bc1-754e-496f-90ef-461287eb7fbf,0.033724721521139145,0.24375081062316895,0.36774975061416626,0.18380118906497955,0.1709735095500946,2,2
TCGA-BH-A0RX-01A-02-MSB.dd4d6596-9320-4e5d-982b-10909a2e4dd2,0.31293144822120667,0.22724062204360962,0.12417759001255035,0.19119462370872498,0.14445573091506958,0,0
TCGA-BH-A0RX-01A-02-TSB.9d6461a0-f41d-4071-aec3-a7df740609b4,0.6534702181816101,0.1558980792760849,0.023206444457173347,0.08916669338941574,0.07825850695371628,0,0
TCGA-BH-A0W3-01A-01-BS1.9f99ad93-48ed-4780-ac06-f70d8aefb2f5,0.07257486879825592,0.18082807958126068,0.17490577697753906,0.5466339588165283,0.02505723014473915,3,3
TCGA-BH-A0W3-01A-01-TS1.bb03a842-a10c-46d5-a07b-829be4a3fb68,0.05417850986123085,0.26564064621925354,0.17988187074661255,0.4181516468524933,0.08214733004570007,3,3
TCGA-BH-A0W4-01A-01-BSA.010d7af0-073a-48aa-a257-10583b33c6f7,0.0170681681483984,0.06401536613702774,0.3636147975921631,0.07031062990427017,0.48499104380607605,4,4
TCGA-BH-A0W4-01A-01-TSA.f592ae5d-5e10-4502-ba88-cea79f42f77e,0.024586167186498642,0.18183793127536774,0.44390302896499634,0.21755897998809814,0.13211384415626526,2,2
TCGA-BH-A0W5-01A-01-BSA.f3d54f51-a213-4c52-8eeb-1220f24364e4,0.03262477368116379,0.14893625676631927,0.45876646041870117,0.1933778077363968,0.16629472374916077,2,2
TCGA-BH-A0W5-01A-01-TSA.2782f5fb-36e6-4c68-a5f9-9d740f54ac7d,0.020587394014000893,0.1429893672466278,0.40830546617507935,0.24333132803440094,0.18478640913963318,2,2
TCGA-BH-A0W7-01A-01-BS1.2185822c-9943-42de-8ca0-ae0d61c664e8,0.0583362877368927,0.5179634094238281,0.13012881577014923,0.22660373151302338,0.06696771830320358,1,1
TCGA-BH-A0W7-01A-01-MS1.450c62bd-b813-49cb-b6a9-5e483eff2247,0.060308706015348434,0.2425287663936615,0.27650323510169983,0.2407955676317215,0.17986370623111725,2,2
TCGA-BH-A0WA-01A-01-BS1.cdb31cb5-f9cf-4089-a6df-c1eb98207e39,0.31016451120376587,0.3493427634239197,0.03384662792086601,0.2838993966579437,0.022746697068214417,1,1
TCGA-BH-A0WA-01A-01-TS1.432bea0e-7c43-4b34-bee7-3ee094e87c40,0.20513597130775452,0.3625718057155609,0.03290710970759392,0.387797474861145,0.011587606742978096,3,3
TCGA-BH-A18F-01A-01-TSA.04018194-c078-409d-9fcc-6519b9609fb0,0.043573420494794846,0.12154749035835266,0.31096819043159485,0.11770135164260864,0.4062094986438751,4,4
TCGA-BH-A18G-01A-01-TSA.a7ff1888-9f8a-4a64-b461-dde8acac284d,0.41193288564682007,0.29838845133781433,0.0269476231187582,0.24187269806861877,0.020858410745859146,0,0
TCGA-BH-A18H-01A-01-TSA.75dba5a3-f9f5-4ff4-814c-7d2451820e03,0.17563296854496002,0.210355743765831,0.2191510796546936,0.23824666440486908,0.1566135436296463,3,3
TCGA-BH-A18I-01A-01-TSA.ef056365-4256-4249-9632-5647ee23a6dc,0.05844928324222565,0.27400973439216614,0.22293825447559357,0.3008846342563629,0.14371806383132935,3,3
TCGA-BH-A18J-01A-01-TSA.43e0b6e6-640c-4ad1-9ca1-06030ab0b018,0.04633091390132904,0.16893133521080017,0.1969297230243683,0.46103283762931824,0.12677516043186188,3,3
TCGA-BH-A18K-01A-01-TSA.a5f7c256-0630-4e98-964e-09352b34a53d,0.08888200670480728,0.3115568459033966,0.1583877056837082,0.30437150597572327,0.13680197298526764,1,1
TCGA-BH-A18L-01A-03-TSC.6bf9df68-0928-475d-89d6-2d92223306f7,0.024054620414972305,0.05308409780263901,0.3367803394794464,0.09049936383962631,0.49558156728744507,4,4
TCGA-BH-A18M-01A-01-TSA.b628e098-1358-4a68-a30f-8b044a26b405,0.03279358521103859,0.09594546258449554,0.36732611060142517,0.10490511357784271,0.3990297317504883,4,4
TCGA-BH-A18N-01A-01-TSA.fa28d892-c8d9-4e85-af22-24c75bb952f9,0.06521724909543991,0.21145017445087433,0.10025105625391006,0.6053522229194641,0.017729302868247032,3,3
TCGA-BH-A18P-01A-01-TSA.26d6bd8a-dc3d-4d9f-8e79-3165cb7e73c3,0.07429780811071396,0.24402284622192383,0.14145256578922272,0.48982611298561096,0.05040069296956062,3,3
TCGA-BH-A18Q-01A-01-TSA.53679e88-228a-40c4-b82b-742c601e3096,0.12183139473199844,0.23448747396469116,0.15147757530212402,0.44487687945365906,0.04732671007514,3,3
TCGA-BH-A18R-01A-01-TSA.d57b08ae-35a1-40ca-9a74-7ebac8c8cc53,0.05348028615117073,0.2526106536388397,0.15438349545001984,0.4792475998401642,0.060278020799160004,3,3
TCGA-BH-A18S-01A-01-TSA.b3a7ecb9-c4bb-4f9d-8886-5884b6335567,0.09498857706785202,0.17789198458194733,0.19696356356143951,0.2552869915962219,0.274868905544281,4,4
TCGA-BH-A18T-01A-01-TSA.089d9985-6794-4237-a7c7-75c1fb3c1755,0.5702611804008484,0.1414162814617157,0.014530319720506668,0.2666068971157074,0.007185312919318676,0,0
TCGA-BH-A18U-01A-02-TSB.157a84f2-044a-4414-a029-d5b626e1b53e,0.07606253027915955,0.3504635989665985,0.06355113536119461,0.4750975966453552,0.03482510894536972,3,3
TCGA-BH-A18V-01A-01-TSA.c53853f8-5b57-4695-9d13-58cfd0d5819b,0.4223951995372772,0.20179715752601624,0.04764172434806824,0.30802443623542786,0.020141443237662315,0,0
TCGA-BH-A18V-06A-01-TSA.BEF73FC6-FB7D-47EE-8674-DF132F5D5B06,0.3920500874519348,0.06923601776361465,0.0340910330414772,0.4976755380630493,0.006947249174118042,3,3
TCGA-BH-A1EN-01A-01-TS1.9dfc5f3d-6c6c-49ef-bba9-83187471cf26,0.07047545909881592,0.22711248695850372,0.2520066499710083,0.35339149832725525,0.09701395034790039,3,3
TCGA-BH-A1EO-01A-01-TSA.f976fed3-c414-4f35-84cf-76c2f04e1de1,0.09413883835077286,0.4347662627696991,0.19471360743045807,0.21671923995018005,0.059662122279405594,1,1
TCGA-BH-A1ES-01A-01-TSA.94f9e0f1-711e-40aa-a249-119871c21dd2,0.11908547580242157,0.32170018553733826,0.14529572427272797,0.39129406213760376,0.022624608129262924,3,3
TCGA-BH-A1ES-06A-01-TS1.88993BF7-05AB-4657-A625-C77592D6DC4B,0.35505422949790955,0.26120397448539734,0.07071641832590103,0.2758605480194092,0.037164874374866486,0,0
TCGA-BH-A1ET-01A-01-TSA.a4706ce4-60f8-4373-b77c-0d3ff31d8324,0.013719405047595501,0.04253150895237923,0.5216507911682129,0.05570795759558678,0.3663903772830963,2,2
TCGA-BH-A1EU-01A-01-TSA.ce198ff0-3faf-4c61-b810-eac6d14f9a28,0.014720550738275051,0.05166638642549515,0.381178617477417,0.06910420954227448,0.48333021998405457,4,4
TCGA-BH-A1EV-01A-01-TSA.ed83f6be-600b-45e7-a9b0-b56a5a53e614,0.04158822074532509,0.26946550607681274,0.2543482482433319,0.28007128834724426,0.15452668070793152,3,3
TCGA-BH-A1EW-01A-01-TSA.9b039a90-0f89-4356-a277-2fa293021951,0.03422201797366142,0.2144056111574173,0.3465486764907837,0.19093060493469238,0.2138930708169937,2,2
TCGA-BH-A1EX-01A-01-TSA.744ac7ab-1815-4c2c-9d49-26b51cbfe3af,0.18920321762561798,0.2997148334980011,0.10502094775438309,0.3721197545528412,0.03394131362438202,3,3
TCGA-BH-A1EY-01A-01-TSA.ccf39db7-4c9d-41a0-a961-b2819792db71,0.22454486787319183,0.30499228835105896,0.05736003443598747,0.39655017852783203,0.016552602872252464,3,3
TCGA-BH-A1F0-01A-01-TSA.e1fa751d-d255-48c2-af85-826f04050f75,0.2857596278190613,0.17015953361988068,0.13205201923847198,0.34025099873542786,0.07177788019180298,3,3
TCGA-BH-A1F2-01A-03-TSC.a4a61b6f-13fa-4a9b-9215-22b570a9785a,0.04799439758062363,0.1617833375930786,0.2945886254310608,0.09327898174524307,0.4023546278476715,4,4
TCGA-BH-A1F5-01A-01-TSA.1b252a9c-e4fa-4eb3-bc26-3140c42c4b31,0.06810761243104935,0.1921132355928421,0.3579714596271515,0.27096593379974365,0.11084175854921341,2,2
TCGA-BH-A1F6-01A-01-TSA.47a8cf12-b12a-4e68-b848-66b2c3ca7c7d,0.07824844866991043,0.26909151673316956,0.20375584065914154,0.2733803689479828,0.17552384734153748,3,3
TCGA-BH-A1F8-01A-01-TSA.e4ec1432-989c-4386-9d45-97a835bf0e64,0.10281441360712051,0.411727637052536,0.06459137052297592,0.39722591638565063,0.023640643805265427,1,1
TCGA-BH-A1FB-01A-01-TSA.edd6c603-21aa-4892-a14a-74a5e8dc90a2,0.04421892389655113,0.13344378769397736,0.44627460837364197,0.15989580750465393,0.21616680920124054,2,2
TCGA-BH-A1FC-01A-01-TSA.7170e05f-33be-43ee-bb19-dfd819cc04fe,0.6008583307266235,0.13288557529449463,0.017988409847021103,0.2364835888147354,0.01178418193012476,0,0
TCGA-BH-A1FD-01A-01-TSA.5f2d753e-6d27-482c-a216-ffb3a728b743,0.10082915425300598,0.3892524242401123,0.08690745383501053,0.3843270242214203,0.03868393227458,1,1
TCGA-BH-A1FE-01A-01-TSA.d6713956-a320-419d-9e3d-ff9a8951a2d0,0.055660903453826904,0.2150624692440033,0.29389041662216187,0.17146563529968262,0.2639206349849701,2,2
TCGA-BH-A1FG-01A-01-TSA.4849c9e1-df17-412b-9497-4f598036fc0c,0.06588209420442581,0.22138305008411407,0.3264152407646179,0.32179778814315796,0.06452187895774841,2,2
TCGA-BH-A1FH-01A-01-TSA.3b7ff547-372f-4e5c-966e-aa988d623af3,0.011437315493822098,0.02731814794242382,0.3216996192932129,0.03487950563430786,0.6046653985977173,4,4
TCGA-BH-A1FJ-01A-01-TSA.676983af-aca4-415d-bf7b-f3de057ccd89,0.02890819124877453,0.10918194055557251,0.3054738938808441,0.21946541965007782,0.3369705080986023,4,4
TCGA-BH-A1FL-01A-01-TSA.719d631e-5a72-4b1a-9cc1-5f22c727dfef,0.07867513597011566,0.1752307415008545,0.3346160650253296,0.2827386260032654,0.12873943150043488,2,2
TCGA-BH-A1FM-01A-01-TSA.1154cfd6-e765-4638-ab9c-18dbc9f49148,0.06233413144946098,0.34580257534980774,0.1353953778743744,0.3661705553531647,0.09029736369848251,3,3
TCGA-BH-A1FN-01A-01-TSA.282e0721-24ae-47b0-a418-539a8b5c5241,0.1723465621471405,0.3592420816421509,0.11515253037214279,0.2731803059577942,0.08007854968309402,1,1
TCGA-BH-A1FR-01A-01-TSA.14d3ab9f-6bf4-4a4e-a156-9396dbf6f953,0.14602550864219666,0.1796930432319641,0.20837508141994476,0.3402530550956726,0.12565331161022186,3,3
TCGA-BH-A1FU-01A-01-TSA.52e0695f-4567-4af4-86d1-3d6368ca94c4,0.03509363532066345,0.11068478226661682,0.27188071608543396,0.15104429423809052,0.43129658699035645,4,4
TCGA-BH-A201-01A-01-TSA.19e3ea38-ce75-49fb-81b3-45e14890f370,0.07667244970798492,0.11703020334243774,0.31592079997062683,0.2749747037887573,0.21540185809135437,2,2
TCGA-BH-A202-01A-01-TSA.c8671f7f-1c8e-46f2-bb75-89786eda4c8e,0.18476569652557373,0.28678444027900696,0.13974346220493317,0.26887452602386475,0.1198318749666214,1,1
TCGA-BH-A203-01A-01-TSA.c83f057a-ef0b-48fc-b208-0aea3646af34,0.0829402282834053,0.3539743721485138,0.13742558658123016,0.24502868950366974,0.18063108623027802,1,1
TCGA-BH-A204-01A-01-TSA.d4576e96-4fb5-44cd-95bd-9ba9bd5cce83,0.038997866213321686,0.2341354787349701,0.11616223305463791,0.5596818327903748,0.05102251097559929,3,3
TCGA-BH-A208-01A-01-TSA.466c1fcd-c0da-4bc2-851a-fd7c17a5a4a1,0.04339354485273361,0.36540159583091736,0.2275783270597458,0.1556096225976944,0.20801693201065063,1,1
TCGA-BH-A209-01A-01-TSA.7ae4e111-b182-427b-8c46-726c2f94e82b,0.2162061631679535,0.16924118995666504,0.11922109872102737,0.4399946928024292,0.05533692613244057,3,3
TCGA-BH-A28O-01A-01-MS1.B25C7456-CDA1-4989-97F6-13B9AB7D3688,0.012862848117947578,0.032088395208120346,0.2817310690879822,0.03827318176627159,0.6350444555282593,4,4
TCGA-BH-A28Q-01A-01-TSA.c1c6f077-05eb-435f-a8ed-ebb79bcba2cf,0.030966483056545258,0.1399332731962204,0.40114033222198486,0.23192624747753143,0.19603362679481506,2,2
TCGA-BH-A2L8-01A-01-TSA.BB86D75F-CD05-4200-A4B7-2D83C697D53A,0.08137053996324539,0.24778470396995544,0.25198042392730713,0.24696269631385803,0.1719016134738922,2,2
TCGA-BH-A42T-01A-01-TSA.2DE6520B-22F3-49A6-9C06-FDAEC456AEC2,0.11988724768161774,0.20744983851909637,0.29068833589553833,0.18446104228496552,0.19751358032226562,2,2
TCGA-BH-A42U-01A-01-TSA.E8076E2D-A5D6-4AD1-8ABC-2EE650A0563A,0.014546587131917477,0.033123187720775604,0.27223339676856995,0.030347434803843498,0.6497493982315063,4,4
TCGA-BH-A42V-01A-01-TS1.34D6AC99-06D3-4A17-8519-2D71185DF7A4,0.024249497801065445,0.07666941732168198,0.4156869649887085,0.08212351053953171,0.40127062797546387,2,2
TCGA-BH-A5IZ-01A-01-TS1.D8563125-14E3-42A1-827D-B54F348722FF,0.15027010440826416,0.35135361552238464,0.047091078013181686,0.4347713887691498,0.016513856127858162,3,3
TCGA-BH-A5J0-01A-01-TS1.0088B960-4EA8-4BD3-B9B4-7C1FE59D4925,0.07848890125751495,0.3023875951766968,0.2158404290676117,0.2092476636171341,0.1940353810787201,1,1
TCGA-BH-A6R8-01A-02-TSB.0C127098-1764-4555-9588-1D2DE72561A1,0.17433328926563263,0.23704223334789276,0.04821864515542984,0.5287459492683411,0.011659855954349041,3,3
TCGA-BH-A8FY-01A-01-TSA.D4E0E11F-B9FB-4E9D-9F4D-5773A3077F9B,0.33827224373817444,0.04424932599067688,0.0387442521750927,0.5720807909965515,0.0066534047946333885,3,3
TCGA-BH-A8FZ-01A-01-TSA.832C63ED-F000-4EC6-AD06-7EA7B1BB6A7C,0.0799330323934555,0.1281067579984665,0.25598978996276855,0.21286724507808685,0.3231031596660614,4,4
TCGA-BH-A8G0-01A-01-TSA.27CBC599-7861-4307-BEAB-E0FBF50C96F7,0.01477824803441763,0.05535883456468582,0.47067853808403015,0.08798740059137344,0.37119701504707336,2,2
TCGA-BH-AB28-01A-03-TSC.7D127A8E-15E8-46A4-9AE3-745856817482,0.022249450907111168,0.08549182862043381,0.5335546731948853,0.15240319073200226,0.20630082488059998,2,2
TCGA-C8-A12K-01A-02-BSB.465d1f41-48a6-407d-ae97-0a165d199b28,0.23654761910438538,0.37039244174957275,0.08276068419218063,0.22345386445522308,0.08684540539979935,1,1
TCGA-C8-A12K-01A-02-TSB.6423d4b2-7584-4f9b-8525-9429aebc8f0f,0.30242401361465454,0.32782456278800964,0.05877196043729782,0.274120956659317,0.03685852140188217,1,1
TCGA-C8-A12L-01A-01-BSA.f97cb175-3951-4f67-ac52-18ad07e74726,0.34146448969841003,0.2816741168498993,0.04064950719475746,0.31207844614982605,0.024133356288075447,0,0
TCGA-C8-A12L-01A-01-TSA.0e63ef85-144d-4827-9e61-fd54a5320ddf,0.20530353486537933,0.38801148533821106,0.07977957278490067,0.3018752634525299,0.02503015846014023,1,1
TCGA-C8-A12M-01A-01-BSA.571f82b7-891b-45bd-a660-96e03d403705,0.3305673897266388,0.1644756942987442,0.019734658300876617,0.4788888692855835,0.006333416327834129,3,3
TCGA-C8-A12M-01A-01-TSA.67d655a2-1838-4590-b72f-9853dc06d757,0.2478056699037552,0.19830287992954254,0.04619232565164566,0.49285563826560974,0.014843439683318138,3,3
TCGA-C8-A12N-01A-01-BS1.77929373-2972-4a23-9aef-68e332bf07cb,0.058950431644916534,0.30034777522087097,0.26389041543006897,0.2610599994659424,0.11575137823820114,1,1
TCGA-C8-A12N-01A-01-TS1.12467703-d419-4109-8a50-232366bf2c3b,0.09501073509454727,0.25909993052482605,0.17980541288852692,0.3204180896282196,0.14566585421562195,3,3
TCGA-C8-A12O-01A-01-BSA.04417171-1d60-461e-a7e3-6a285412945a,0.0877346396446228,0.46270570158958435,0.15223482251167297,0.21598665416240692,0.08133827149868011,1,1
TCGA-C8-A12O-01A-01-TSA.ba52cd91-3f6c-4507-a6b2-baad00effb08,0.06152309477329254,0.44732385873794556,0.18903310596942902,0.22587405145168304,0.07624582946300507,1,1
TCGA-C8-A12P-01A-01-BSA.0c86a6ed-1d8f-47a9-ab33-7d232c3e359b,0.05329718813300133,0.48120301961898804,0.054613977670669556,0.39731544256210327,0.013570352457463741,1,1
TCGA-C8-A12P-01A-01-TSA.a635ee87-3392-4ce7-93a3-87fc5680e4e9,0.0920829251408577,0.48551198840141296,0.07616130262613297,0.330670565366745,0.015573210082948208,1,1
TCGA-C8-A12Q-01A-01-BSA.0ca5b171-d61d-4e6d-b365-4cd6bd288aec,0.06316406279802322,0.2471345067024231,0.3065248429775238,0.2272081822156906,0.15596841275691986,2,2
TCGA-C8-A12Q-01A-01-TSA.b3023358-4c0f-4d25-a1e6-cd23f160f901,0.06576349586248398,0.4230429232120514,0.1669696718454361,0.24891775846481323,0.09530619531869888,1,1
TCGA-C8-A12T-01A-01-BSA.bad01673-9581-4bac-b060-56e5bbc2fcd3,0.1496361792087555,0.44579797983169556,0.07177655398845673,0.30491676926612854,0.02787255309522152,1,1
TCGA-C8-A12T-01A-01-TSA.c02a2d06-ae14-49da-9f03-5f2f296ad012,0.12957781553268433,0.33008435368537903,0.04712731018662453,0.4812108874320984,0.011999649927020073,3,3
TCGA-C8-A12U-01A-01-BSA.7c5796ff-ef35-4ced-8216-254cd8cbc271,0.18707245588302612,0.3562977612018585,0.10189617425203323,0.32072263956069946,0.034011002629995346,1,1
TCGA-C8-A12U-01A-01-TSA.46d73ab3-ab0b-4739-aabc-3a678d422419,0.3567742705345154,0.2896583676338196,0.05369335785508156,0.2774978578090668,0.022376103326678276,0,0
TCGA-C8-A12V-01A-01-BSA.786f1496-199f-41ae-a487-540f3f599600,0.15595445036888123,0.16825391352176666,0.2371542602777481,0.15855427086353302,0.2800831198692322,4,4
TCGA-C8-A12V-01A-01-TSA.e3f84baa-0829-4683-a26c-b50c7f732f4a,0.47003522515296936,0.1770942211151123,0.036168310791254044,0.2864932417869568,0.030209043994545937,0,0
TCGA-C8-A12W-01A-01-BSA.16af5fbe-7bcf-4274-8762-e255595462f6,0.09382803738117218,0.36019617319107056,0.1306460052728653,0.36673635244369507,0.04859338328242302,3,3
TCGA-C8-A12W-01A-01-TSA.763f7b10-e613-4d9a-be67-4329e670f882,0.07107951492071152,0.38290104269981384,0.14400361478328705,0.3479129374027252,0.054102908819913864,1,1
TCGA-C8-A12X-01A-01-BSA.9db0b173-c9c0-45c0-9a43-85296a3031f5,0.17944195866584778,0.13771803677082062,0.09789063036441803,0.5184412002563477,0.06650818884372711,3,3
TCGA-C8-A12X-01A-01-TSA.3436a21f-d32b-4645-b767-c6cd450893f0,0.49373382329940796,0.10677671432495117,0.05472525209188461,0.318081259727478,0.026682930067181587,0,0
TCGA-C8-A12Y-01A-01-BSA.6b6ff967-048f-4197-a4e6-00b89dbc297a,0.0728294625878334,0.38297295570373535,0.1690274178981781,0.3304315209388733,0.04473862424492836,1,1
TCGA-C8-A12Y-01A-01-TSA.12966473-7301-460a-b03b-02453e5804ac,0.05708707496523857,0.4383208453655243,0.15959563851356506,0.2792629599571228,0.0657334253191948,1,1
TCGA-C8-A12Z-01A-01-BSA.e7ddd80e-4b44-49f3-ac1c-4cf2b061c0a6,0.032429639250040054,0.4279826879501343,0.180946946144104,0.29074013233184814,0.06790057569742203,1,1
TCGA-C8-A12Z-01A-01-TSA.d85a700f-8886-4b59-8ceb-d1d8e15fdd19,0.0334043875336647,0.26404014229774475,0.2558736205101013,0.32553696632385254,0.1211448609828949,3,3
TCGA-C8-A130-01A-03-BSC.f362f3af-a66f-4a3b-a3cc-3768a59602f3,0.04760066792368889,0.14039361476898193,0.3569357395172119,0.1267048567533493,0.32836517691612244,2,2
TCGA-C8-A130-01A-03-TSC.251e7faa-da83-468e-ad6e-4c14768a595e,0.07849399000406265,0.21545422077178955,0.3365998864173889,0.15388613939285278,0.21556571125984192,2,2
TCGA-C8-A131-01A-01-BSA.df5faaa8-e4ac-4a4b-8ef2-ff2063c9ae2f,0.20647278428077698,0.5134592652320862,0.04138783738017082,0.17851723730564117,0.06016286462545395,1,1
TCGA-C8-A131-01A-01-TSA.accbe649-9fc6-4f5b-b001-a27366ac9024,0.17113690078258514,0.445460706949234,0.04914531111717224,0.29996657371520996,0.03429047390818596,1,1
TCGA-C8-A132-01A-03-BSC.df2e326d-3efd-482a-b719-b78b9be61204,0.09620849043130875,0.4916917383670807,0.1544623076915741,0.16617698967456818,0.0914604663848877,1,1
TCGA-C8-A132-01A-03-TSC.439f1ea4-e2c2-40b7-ad17-0845119b7e8a,0.08641408383846283,0.4636497497558594,0.16280922293663025,0.21100927889347076,0.07611766457557678,1,1
TCGA-C8-A133-01A-03-BSC.cbc07c65-6e59-401f-aa06-549c488cf575,0.15483298897743225,0.2332465797662735,0.10050034523010254,0.2640235126018524,0.24739660322666168,3,3
TCGA-C8-A133-01A-03-TSC.ec2ffe8b-a27e-4f73-bff5-af3cb1020b32,0.3433191180229187,0.34356844425201416,0.06807251274585724,0.18702153861522675,0.05801834166049957,1,1
TCGA-C8-A134-01A-01-BSA.f8e29c16-ea94-4398-8e3b-c50294afc3e8,0.00921829417347908,0.016809817403554916,0.12368284165859222,0.025937475264072418,0.8243516087532043,4,4
TCGA-C8-A134-01A-01-TSA.76591f60-9e71-495f-beca-e4b91ef3dd68,0.4941740334033966,0.13983294367790222,0.021087361499667168,0.33338457345962524,0.011521133594214916,0,0
TCGA-C8-A135-01A-01-BSA.4871792f-d00b-4541-815b-7aaa44c43f94,0.02930704690515995,0.1694720834493637,0.24932163953781128,0.1786922663450241,0.3732069730758667,4,4
TCGA-C8-A135-01A-01-TSA.c03f75de-8d25-4f74-8ca4-498db35d5df9,0.03750013932585716,0.17116861045360565,0.28365665674209595,0.21627932786941528,0.29139524698257446,4,4
TCGA-C8-A137-01A-01-BSA.8e478f12-19f6-42d7-965e-ed9e973f6916,0.054736971855163574,0.29737937450408936,0.19298811256885529,0.29656219482421875,0.15833334624767303,1,1
TCGA-C8-A137-01A-01-TSA.57af3fa1-031f-4417-8f9f-8a4fbc484d91,0.085390105843544,0.3824046850204468,0.21732228994369507,0.20493768155574799,0.10994518548250198,1,1
TCGA-C8-A138-01A-01-BSA.27aba9f8-6a6e-41b5-b15d-89206cc475a6,0.043691448867321014,0.5127688646316528,0.09720037132501602,0.3060247600078583,0.04031454771757126,1,1
TCGA-C8-A138-01A-01-TSA.51e98f1b-b02a-4c46-92d4-73bc15a006d0,0.04291238635778427,0.4523293077945709,0.12926262617111206,0.32818546891212463,0.04731021448969841,1,1
TCGA-C8-A1HE-01A-01-TSA.486b54ee-a535-4aca-a6b9-8dbc37181882,0.06265521794557571,0.14012420177459717,0.4609174430370331,0.2535315454006195,0.08277161419391632,2,2
TCGA-C8-A1HF-01A-01-TSA.d56d3e29-1711-49c8-8628-9210d1ddb71c,0.12162696570158005,0.4422619640827179,0.049779970198869705,0.3600827157497406,0.02624838426709175,1,1
TCGA-C8-A1HG-01A-01-TSA.6acb2e7b-9d83-424a-ba81-73c02863eaa4,0.17476049065589905,0.24952995777130127,0.053118497133255005,0.506767213344574,0.01582382060587406,3,3
TCGA-C8-A1HI-01A-01-TSA.79037eed-779c-449d-8fb7-f2487fabadee,0.05772178992629051,0.21147869527339935,0.31114819645881653,0.12069933116436005,0.29895201325416565,2,2
TCGA-C8-A1HJ-01A-01-TSA.64084e7d-ec1b-43d9-8770-7635f716512f,0.6880738139152527,0.11943867057561874,0.02081807516515255,0.16323505342006683,0.008434456773102283,0,0
TCGA-C8-A1HK-01A-02-TSB.f5919eb9-e65f-4fbb-940a-f2c6af01c56f,0.05759217217564583,0.31818443536758423,0.239639014005661,0.2806701958179474,0.10391415655612946,1,1
TCGA-C8-A1HL-01A-01-TSA.81110654-fbdb-4b73-8393-1e738b63160b,0.11250477284193039,0.18585547804832458,0.18349015712738037,0.44390979409217834,0.07423973083496094,3,3
TCGA-C8-A1HM-01A-01-TSA.8a4cc75b-80ec-45e3-8b1a-a5e66aea10b5,0.44535741209983826,0.15848273038864136,0.013359518721699715,0.3730022609233856,0.009798026643693447,0,0
TCGA-C8-A1HN-01A-01-TSA.496482be-a830-4ae0-97d7-db2902ff3ac2,0.1440562754869461,0.43134695291519165,0.07089341431856155,0.33381566405296326,0.019887644797563553,1,1
TCGA-C8-A1HO-01A-01-TSA.5331126c-9810-4054-9020-e5ff802166b5,0.19866207242012024,0.2689429223537445,0.18937568366527557,0.2547856569290161,0.08823363482952118,1,1
TCGA-C8-A26V-01A-01-TSA.6f7b2a1a-a487-4abb-af3b-ae0fe016d832,0.3813357949256897,0.1774875670671463,0.053108327090740204,0.3548227548599243,0.03324548900127411,0,0
TCGA-C8-A26W-01A-01-TSA.5870b3d4-a81e-423e-bb93-5897ebc922a3,0.03130076825618744,0.11791835725307465,0.40945813059806824,0.1999446004629135,0.24137812852859497,2,2
TCGA-C8-A26X-01A-03-TSC.d9c6926f-687a-47a1-9427-a00b7040d661,0.13198687136173248,0.28932785987854004,0.16943271458148956,0.14963223040103912,0.25962033867836,1,1
TCGA-C8-A26Y-01A-01-TSA.a0e88f2c-0f97-4661-b349-0b5317a34be5,0.16685688495635986,0.28559744358062744,0.14865286648273468,0.29709702730178833,0.10179571807384491,3,3
TCGA-C8-A26Z-01A-01-TSA.68f0f7f3-6f70-4188-84f7-b264dbbb4616,0.0187916848808527,0.0540802888572216,0.4370012581348419,0.20293322205543518,0.28719353675842285,2,2
TCGA-C8-A273-01A-01-TSA.0eb8a7f8-c3c4-4843-a395-9fffd8b1cc4a,0.11130346357822418,0.2667161226272583,0.1930808275938034,0.3717556595802307,0.05714390054345131,3,3
TCGA-C8-A274-01A-01-TSA.1091ef66-2f28-4b94-adec-53db69f894b3,0.040946248918771744,0.2534847557544708,0.17593540251255035,0.3940582871437073,0.1355753391981125,3,3
TCGA-C8-A275-01A-02-TSB.b15cf752-5b2f-4f2a-9a03-7519bea81732,0.2153107076883316,0.3337728977203369,0.045772869139909744,0.38842302560806274,0.01672050543129444,3,3
TCGA-C8-A278-01A-01-TSA.f617a0ab-8b9f-4c15-9bf1-76f9dc0df366,0.07964964210987091,0.3721526265144348,0.13450473546981812,0.34112927317619324,0.07256369292736053,1,1
TCGA-C8-A27A-01A-01-TSA.42984a4b-670c-4649-9c2d-f830da9f838f,0.08364442735910416,0.23295114934444427,0.09208468347787857,0.5669906735420227,0.02432912215590477,3,3
TCGA-C8-A27B-01A-01-TSA.b93af347-1b83-4284-afaf-b3c14d8e038b,0.7271791696548462,0.033830735832452774,0.00882966723293066,0.22546091675758362,0.004699496552348137,0,0
TCGA-C8-A3M7-01A-01-TS1.677A5F7E-ED18-477D-9CB7-315A4C0E2672,0.015742726624011993,0.023800792172551155,0.3306357264518738,0.032374169677495956,0.5974465012550354,4,4
TCGA-C8-A3M8-01A-01-TSA.F27E2918-AAA7-41F0-90D3-56322773E678,0.06368964165449142,0.11579353362321854,0.40405702590942383,0.1751629263162613,0.24129685759544373,2,2
TCGA-C8-A8HP-01A-01-TSA.C1048607-5CC7-4798-AA55-55C78B31C10D,0.12706878781318665,0.4190375804901123,0.11816636472940445,0.22514620423316956,0.11058105528354645,1,1
TCGA-C8-A8HQ-01A-01-TS1.899C4AC8-28EB-4E8D-9810-A860E89AE54F,0.07655204087495804,0.38432371616363525,0.08307500928640366,0.4373246431350708,0.01872463896870613,3,3
TCGA-C8-A8HR-01A-01-TSA.92C2A1B2-9408-4E42-A95C-BF2473D37D2A,0.017152072861790657,0.04614695534110069,0.24491797387599945,0.058189764618873596,0.6335932612419128,4,4
TCGA-D8-A13Y-01A-01-BSA.e5ebf2b4-7022-45da-8001-e499964080fd,0.1379387080669403,0.14085830748081207,0.03366367518901825,0.6831766963005066,0.0043625799007713795,3,3
TCGA-D8-A13Y-01A-01-TSA.3b97c805-0681-4e8d-9dd9-f24a9c2bb4cd,0.05114663392305374,0.32919788360595703,0.10407929867506027,0.48060789704322815,0.034968260675668716,3,3
TCGA-D8-A13Z-01A-01-BS1.164d43d3-bb10-423b-8eca-99abc75e8397,0.20345865190029144,0.3340960443019867,0.10601964592933655,0.28218403458595276,0.07424156367778778,1,1
TCGA-D8-A13Z-01A-01-TS1.8bb8b644-ea28-468d-b88a-e6fc1df726fc,0.09534606337547302,0.24019348621368408,0.23137541115283966,0.24299603700637817,0.19008901715278625,3,3
TCGA-D8-A140-01A-01-BSA.43fe6a6c-2b93-4af4-bec0-83966e419094,0.038026828318834305,0.1326044648885727,0.35302719473838806,0.20923487842082977,0.26710665225982666,2,2
TCGA-D8-A140-01A-01-TSA.6755e653-4d52-4514-b646-a942f729fad5,0.19830963015556335,0.22817815840244293,0.1744961142539978,0.3572423458099365,0.04177373647689819,3,3
TCGA-D8-A141-01A-01-BS1.c8a355a1-af5d-4dd8-a592-bdf4e5627aeb,0.04940241202712059,0.3493247628211975,0.1919473558664322,0.30521517992019653,0.10411028563976288,1,1
TCGA-D8-A141-01A-01-TS1.c28f136e-972a-4911-9330-26d122161009,0.054823994636535645,0.3668655753135681,0.14578868448734283,0.3596726655960083,0.0728490799665451,1,1
TCGA-D8-A142-01A-01-BS1.82a62b94-698c-4047-a13d-083bf49170ed,0.1401882767677307,0.5083518624305725,0.05546983703970909,0.25329533219337463,0.042694706469774246,1,1
TCGA-D8-A142-01A-01-TS1.c9a5ce5f-59a8-4e02-8168-269ec044dbd9,0.1152237132191658,0.46367213129997253,0.1096777468919754,0.23076049983501434,0.08066583424806595,1,1
TCGA-D8-A143-01A-01-BSA.0b346101-acfa-429f-a30d-3ed544719c7a,0.7968154549598694,0.1126350685954094,0.007578449323773384,0.0683906078338623,0.014580467715859413,0,0
TCGA-D8-A143-01A-01-TSA.0bf921d5-0022-4a59-a409-bae0771291b9,0.3745931088924408,0.19102856516838074,0.13656441867351532,0.17763595283031464,0.12017792463302612,0,0
TCGA-D8-A145-01A-01-BS1.bc6b3e0e-0e5c-4da0-bd27-832602d9b4a7,0.007421066053211689,0.018138337880373,0.2844730019569397,0.023489603772759438,0.6664779782295227,4,4
TCGA-D8-A145-01A-01-TS1.83d825eb-20f2-410b-a33e-258c5414dccf,0.018694046884775162,0.028396055102348328,0.34017544984817505,0.04095150902867317,0.5717828869819641,4,4
TCGA-D8-A146-01A-03-TSC.b6b31df5-0bf0-47fb-9806-b99e1357af43,0.07962948083877563,0.3629130721092224,0.2173537164926529,0.245492085814476,0.09461169689893723,1,1
TCGA-D8-A147-01A-01-BSA.43927f61-3f8f-4e8d-bd52-2ec699dbdc37,0.2645253837108612,0.31346362829208374,0.0428161583840847,0.36481034755706787,0.014384490437805653,3,3
TCGA-D8-A147-01A-01-TSA.8c6e7351-307e-4196-9f62-b733c7206e14,0.3788297176361084,0.2826683819293976,0.030314726755023003,0.293047696352005,0.015139534138143063,0,0
TCGA-D8-A1J8-01A-01-TS1.d19d049f-abcc-4cb8-bf9d-223d6bd1c113,0.10135871171951294,0.38567084074020386,0.08073625713586807,0.39872872829437256,0.03350542485713959,3,3
TCGA-D8-A1J9-01A-01-TSA.a7772c0a-357e-4d4c-b74c-1c14d13ab744,0.08370660245418549,0.5159808397293091,0.10377742350101471,0.23359227180480957,0.06294289231300354,1,1
TCGA-D8-A1JA-01A-01-TSA.6c3ded8c-755f-4f80-82b8-3a5eb476cdda,0.1710447371006012,0.5601131319999695,0.039442192763090134,0.20291419327259064,0.026485716924071312,1,1
TCGA-D8-A1JB-01A-01-TS1.dbe1aadb-8200-4711-9e1b-bb73187c807e,0.025851262733340263,0.03621203452348709,0.3771199584007263,0.04500659182667732,0.5158101320266724,4,4
TCGA-D8-A1JC-01A-01-TS1.63e9532c-494d-4a40-8cef-866e7aadf245,0.03476246818900108,0.2040562778711319,0.36654195189476013,0.21421405673027039,0.18042521178722382,2,2
TCGA-D8-A1JD-01A-01-TS1.f554d3f0-7483-4cc6-88a1-82ad5a127b15,0.10345923155546188,0.3883940577507019,0.05734565854072571,0.43121737241744995,0.019583716988563538,3,3
TCGA-D8-A1JE-01A-01-TSA.97962bb4-8aea-4093-aeba-76fef07d5eb9,0.06099136546254158,0.3122851550579071,0.04804587736725807,0.5682570338249207,0.010420615784823895,3,3
TCGA-D8-A1JF-01A-01-TS1.717683b4-e835-445c-9878-9d3f319792ff,0.2780739963054657,0.4386196732521057,0.04999600723385811,0.17267759144306183,0.06063278764486313,1,1
TCGA-D8-A1JH-01A-01-TS1.8d0ed250-b310-4fa4-9ae2-23677c281393,0.022248614579439163,0.13288933038711548,0.4156481623649597,0.10739637166261673,0.3218175172805786,2,2
TCGA-D8-A1JI-01A-01-TS1.8f40c380-6de5-4352-9dc5-62a75d9ca763,0.42258504033088684,0.05646646395325661,0.020182080566883087,0.49654868245124817,0.004217755980789661,3,3
TCGA-D8-A1JJ-01A-03-TS3.c2c43436-663a-4b07-953c-24b3da2d27f0,0.036880012601614,0.2950725555419922,0.048816125839948654,0.5866819024085999,0.0325494147837162,3,3
TCGA-D8-A1JK-01A-01-TS1.38e6e213-bd48-4c7e-a2e6-7a35d24698fd,0.10684112459421158,0.3897301256656647,0.06271073967218399,0.4250280261039734,0.015689929947257042,3,3
TCGA-D8-A1JL-01A-01-TS1.9f253479-0b59-42c5-a7d9-00724cd03439,0.3416482210159302,0.3901005983352661,0.039465341717004776,0.2078268676996231,0.020958896726369858,1,1
TCGA-D8-A1JM-01A-01-TSA.911b3a0e-2531-43c9-949d-00be87b44329,0.8910329341888428,0.030394209548830986,0.006007343530654907,0.0679665356874466,0.004598950035870075,0,0
TCGA-D8-A1JN-01A-01-TS1.d8e7d0ee-6285-4633-a790-6a746980ba73,0.08324479311704636,0.1957320272922516,0.3317245543003082,0.2764981687068939,0.11280043423175812,2,2
TCGA-D8-A1JP-01A-01-TSA.17850ecb-c049-47fa-8b12-63bc8815e520,0.04162472113966942,0.2296372354030609,0.33953893184661865,0.30004850029945374,0.08915066719055176,2,2
TCGA-D8-A1JS-01A-01-TS1.983584f2-54bc-4cfa-bbef-81c98b1e4def,0.28151437640190125,0.08472555130720139,0.11243979632854462,0.5048118829727173,0.01650841347873211,3,3
TCGA-D8-A1JT-01A-03-TS3.c5694ea0-1941-4b90-bbaf-714cb2bc83ef,0.3628149628639221,0.23358768224716187,0.03912040963768959,0.3425169885158539,0.021959932520985603,0,0
TCGA-D8-A1JU-01A-01-TS1.0bc60489-a3e6-42b4-8488-4958451696f8,0.021152589470148087,0.09263808280229568,0.42115938663482666,0.09817434847354889,0.366875559091568,2,2
TCGA-D8-A1X5-01A-01-TS1.e4f88a16-b740-4abe-adbc-a7f937612512,0.1691771000623703,0.4702112376689911,0.045090001076459885,0.3007447123527527,0.014776935800909996,1,1
TCGA-D8-A1X6-01A-01-TS1.a7878d66-8147-4d0b-ad0c-99ebb7831cea,0.31603267788887024,0.0857403352856636,0.03240920603275299,0.5597800612449646,0.006037750747054815,3,3
TCGA-D8-A1X7-01A-01-TS1.79381377-01d0-4296-abec-b522c078559c,0.04883977025747299,0.1325124353170395,0.34339645504951477,0.20621614158153534,0.2690352201461792,2,2
TCGA-D8-A1X8-01A-01-TS1.782592a4-a9aa-4f61-b544-68c54aa78a7f,0.04381366819143295,0.04643078148365021,0.4624209403991699,0.15784776210784912,0.2894867956638336,2,2
TCGA-D8-A1X9-01A-01-TS1.5e0a9a6f-7590-4912-be93-23dac19f12f0,0.07071416079998016,0.35115936398506165,0.08815986663103104,0.4624006450176239,0.027565915137529373,3,3
TCGA-D8-A1XA-01A-01-TS1.c45c6afa-5fa6-4605-acfb-decde138754f,0.1436825543642044,0.18201664090156555,0.13079234957695007,0.5219303369522095,0.021578095853328705,3,3
TCGA-D8-A1XB-01A-01-TS1.ef5ac532-0ea5-49cb-b959-4f7463fd9d97,0.03592588007450104,0.367938369512558,0.23057956993579865,0.2365814447402954,0.12897475063800812,1,1
TCGA-D8-A1XC-01A-01-TS1.6b48662f-60e9-4692-8ada-1fb19089d5db,0.48405972123146057,0.17243385314941406,0.11901069432497025,0.17628757655620575,0.048208095133304596,0,0
TCGA-D8-A1XD-01A-01-TS1.c21dde19-2c65-4c17-ae8f-27371c2413d1,0.06060014292597771,0.35241928696632385,0.14944876730442047,0.38335901498794556,0.05417278781533241,3,3
TCGA-D8-A1XF-01A-01-TS1.2debd2a3-fb89-43d6-94a9-145f831aa282,0.16649764776229858,0.1261311024427414,0.28973445296287537,0.3370041251182556,0.08063272386789322,3,3
TCGA-D8-A1XG-01A-01-TS1.aad14db1-a4b7-46df-ab4b-c4c4e827599b,0.07107905298471451,0.19519759714603424,0.1301252841949463,0.5649574398994446,0.03864061087369919,3,3
TCGA-D8-A1XJ-01A-01-TS1.f386575c-0fc4-41cd-8b4c-834ef6d3a515,0.2367231249809265,0.2667786777019501,0.09780190140008926,0.3669545352458954,0.031741779297590256,3,3
TCGA-D8-A1XK-01A-02-TS2.a5dac3f6-e3e1-481b-9157-f66a8cba327d,0.30753421783447266,0.14745193719863892,0.06901946663856506,0.4350008964538574,0.04099341854453087,3,3
TCGA-D8-A1XL-01A-01-TS1.9842f79c-5785-4961-81fe-d1639b1560a6,0.0831492468714714,0.29033800959587097,0.10689693689346313,0.4911046028137207,0.02851119078695774,3,3
TCGA-D8-A1XM-01A-02-TS2.3863ab4d-f89c-4a1c-8965-ff12b9c8dc4b,0.07501063495874405,0.34978142380714417,0.16484154760837555,0.36374661326408386,0.04661981016397476,3,3
TCGA-D8-A1XO-01A-01-TS1.aedcf4d8-d516-478d-a39a-88cf094d580e,0.02099636010825634,0.10291769355535507,0.42813920974731445,0.2483484297990799,0.1995983123779297,2,2
TCGA-D8-A1XQ-01A-01-TS1.a7c4604a-05c3-4555-b660-d83912152d7d,0.1720324605703354,0.26526114344596863,0.03535498306155205,0.508975088596344,0.0183763038367033,3,3
TCGA-D8-A1XR-01A-01-TS1.087d05ee-9a03-4433-9060-98a80832867a,0.04643871635198593,0.13336052000522614,0.24701139330863953,0.46553564071655273,0.10765368491411209,3,3
TCGA-D8-A1XS-01A-01-TS1.0bbe79f5-903c-4ef1-a9fe-7479a1141316,0.07047714293003082,0.20974206924438477,0.2598077952861786,0.3513692617416382,0.10860367119312286,3,3
TCGA-D8-A1XT-01A-01-TS1.2499c545-c182-419e-b537-889e2b580f4f,0.2337052822113037,0.3848617970943451,0.0818437859416008,0.20961427688598633,0.08997485041618347,1,1
TCGA-D8-A1XU-01A-01-TS1.608d30cd-fb83-4e0c-a164-a9d99044681c,0.07483405619859695,0.27457869052886963,0.37735065817832947,0.20720702409744263,0.06602953374385834,2,2
TCGA-D8-A1XV-01A-01-TS1.21f6af08-36d4-41a1-8ad1-1175d352a26d,0.1834241896867752,0.2037208080291748,0.13434188067913055,0.43500396609306335,0.04350912943482399,3,3
TCGA-D8-A1XW-01A-01-TS1.87a1c453-d388-4144-9123-a8d87de55710,0.30777668952941895,0.2016424685716629,0.05306190252304077,0.41605284810066223,0.02146611548960209,3,3
TCGA-D8-A1XY-01A-01-TS1.2e8a6af7-420f-4738-a8e8-0aa5befddff5,0.023788515478372574,0.1545918732881546,0.4254842698574066,0.24801531434059143,0.14812006056308746,2,2
TCGA-D8-A1XZ-01A-01-TS1.6a844522-1eda-4597-a3dc-bbde9c0835ef,0.06560195237398148,0.208054319024086,0.09101082384586334,0.6223313212394714,0.013001635670661926,3,3
TCGA-D8-A1Y0-01A-01-TS1.c38fad63-fb38-482d-b9ad-62de484bfdac,0.03326558321714401,0.10130161046981812,0.3781597912311554,0.2717057466506958,0.2155672311782837,2,2
TCGA-D8-A1Y1-01A-02-TS2.218a98c4-7528-4eb6-83d1-9866a80969d2,0.13229778409004211,0.35733917355537415,0.09280858933925629,0.38664308190345764,0.03091137856245041,3,3
TCGA-D8-A1Y2-01A-01-TS1.9210964e-1f00-4cde-99b2-97662455f1a1,0.11660640686750412,0.20328165590763092,0.18801887333393097,0.3683629333972931,0.12373019009828568,3,3
TCGA-D8-A1Y3-01A-01-TS1.a7b0b267-a323-4f17-ba7c-34ccfcf936e4,0.11671449989080429,0.24003829061985016,0.17443227767944336,0.41639620065689087,0.052418746054172516,3,3
TCGA-D8-A27E-01A-01-TSA.48a9ccf5-588d-4f44-a026-2ba63d43c5fd,0.137139230966568,0.1544436663389206,0.2083139568567276,0.40646490454673767,0.09363829344511032,3,3
TCGA-D8-A27F-01A-01-TS1.2e0f4ed4-dfe1-4f68-bd82-8b02f809d00c,0.14592905342578888,0.2551725506782532,0.09675002843141556,0.47794413566589355,0.02420419082045555,3,3
TCGA-D8-A27G-01A-01-TS1.59dc5ba9-df66-4674-82ba-c791b36adfe9,0.17623209953308105,0.2961909770965576,0.23272395133972168,0.22002020478248596,0.07483281195163727,1,1
TCGA-D8-A27H-01A-01-TS1.4e0e757d-3ec9-4137-86f6-ac46e2f83bcb,0.08277633041143417,0.20914305746555328,0.3167671859264374,0.2587500214576721,0.13256344199180603,2,2
TCGA-D8-A27I-01A-01-TS1.853e903d-d155-404c-8546-19fe9464a04f,0.015480597503483295,0.03656376153230667,0.47896185517311096,0.0776294618844986,0.39136433601379395,2,2
TCGA-D8-A27K-01A-01-TS1.b8d6df65-efe5-4317-b903-b93ec05aaa5f,0.059375159442424774,0.12784206867218018,0.3734551668167114,0.252458781003952,0.18686890602111816,2,2
TCGA-D8-A27L-01A-01-TS1.55e3d05f-c91d-4b63-b265-5e4bda1779ce,0.04830154776573181,0.1651424765586853,0.44116899371147156,0.16051602363586426,0.18487092852592468,2,2
TCGA-D8-A27M-01A-01-TSA.67f12b28-f756-49c8-a7f2-d15263d7a122,0.13859698176383972,0.41715091466903687,0.10373653471469879,0.31300216913223267,0.027513377368450165,1,1
TCGA-D8-A27N-01A-01-TS1.f4371b61-6f8f-48c6-9493-d9c96402634f,0.08723442256450653,0.3968101441860199,0.16331231594085693,0.30239802598953247,0.05024506896734238,1,1
TCGA-D8-A27P-01A-01-TSA.df327c6c-1fde-4c29-ad33-de4b8420170f,0.025226350873708725,0.06987985223531723,0.4825620651245117,0.09368360042572021,0.3286481201648712,2,2
TCGA-D8-A27R-01A-01-TS1.b39b1443-6a3f-46c4-b7ec-18dab2223450,0.11975418776273727,0.19469183683395386,0.2638353705406189,0.21859042346477509,0.2031281739473343,2,2
TCGA-D8-A27T-01A-01-TS1.5f603af5-e50c-456a-b79a-a42fd63cd65a,0.05987036973237991,0.14711929857730865,0.3294196128845215,0.12461919337511063,0.3389715254306793,4,4
TCGA-D8-A27V-01A-01-TS1.4F3FB63F-C45A-4C28-95F3-C2C8682993DA,0.010093273594975471,0.00862123817205429,0.34244561195373535,0.017867976799607277,0.6209719181060791,4,4
TCGA-D8-A27W-01A-01-TSA.73251955-9d38-4c32-bce3-567a50db25a4,0.06130508705973625,0.1447712779045105,0.2716008424758911,0.36614540219306946,0.15617740154266357,3,3
TCGA-D8-A3Z5-01A-04-TS4.DC4D412A-3D6F-485F-A0CC-D01C8F8C1387,0.0030681504867970943,0.005495822988450527,0.19247281551361084,0.01504259929060936,0.7839206457138062,4,4
TCGA-D8-A3Z6-01A-01-TS1.9CC3D75E-69D3-4DC0-B541-753EE41AEB22,0.01114437635987997,0.03798910975456238,0.47431865334510803,0.041000694036483765,0.4355471134185791,2,2
TCGA-D8-A4Z1-01A-02-TS2.8713DF53-D04B-41D2-B9BB-3B1D31B1738E,0.0056790453381836414,0.00866713561117649,0.33149856328964233,0.016277212649583817,0.6378780603408813,4,4
TCGA-D8-A73U-01A-01-TS1.112044FF-39FE-4588-9517-31F7821746D0,0.01679133251309395,0.06658922135829926,0.3754115700721741,0.10888443887233734,0.4323233962059021,4,4
TCGA-D8-A73W-01A-02-TS2.A9875DA2-4BD8-4A07-BFDE-D71336E02072,0.06939377635717392,0.10840104520320892,0.27305272221565247,0.4248252511024475,0.12432722002267838,3,3
TCGA-D8-A73X-01A-01-TS1.297FED03-D11A-4804-B42A-1E50C0110C6E,0.020397434011101723,0.10665261000394821,0.48071762919425964,0.19849158823490143,0.1937408149242401,2,2
TCGA-E2-A105-01A-01-BS1.74732b85-b95a-41cb-b5e2-7564737a1d36,0.10534825921058655,0.1827758103609085,0.2699160873889923,0.3530051112174988,0.08895474672317505,3,3
TCGA-E2-A105-01A-01-TS1.570c883f-9b64-47a3-9bf6-32dfd9404a9e,0.07959017902612686,0.22472260892391205,0.25895121693611145,0.34343981742858887,0.093296118080616,3,3
TCGA-E2-A106-01A-01-BS1.89dbd8ba-27ae-49d1-9bb1-e60fa13060f9,0.07557825744152069,0.19145050644874573,0.31592246890068054,0.21237701177597046,0.2046717405319214,2,2
TCGA-E2-A106-01A-01-TS1.c5fe7052-cb83-49bd-8c1d-a82067606921,0.09353798627853394,0.23483531177043915,0.3339158892631531,0.18007905781269073,0.1576317548751831,2,2
TCGA-E2-A107-01A-01-BS1.93a8f306-c647-4578-bbfb-a3dbdaa3df8d,0.08898128569126129,0.1207951158285141,0.34426718950271606,0.1283423751592636,0.31761401891708374,2,2
TCGA-E2-A107-01A-01-TS1.1cf3251a-34c4-410f-902f-17c042aab01a,0.09390980750322342,0.13326404988765717,0.27643638849258423,0.13587774336338043,0.3605119585990906,4,4
TCGA-E2-A108-01A-01-BSA.285fd0a0-82be-4775-bce9-85cd5497e382,0.03876355290412903,0.08170276880264282,0.29886990785598755,0.17610520124435425,0.4045585095882416,4,4
TCGA-E2-A108-01A-01-TSA.0c7e7368-5625-4542-a1a0-c98f17f540bb,0.048243943601846695,0.08272577822208405,0.3280732333660126,0.15464332699775696,0.3863137364387512,4,4
TCGA-E2-A109-01A-01-BSA.ff981360-4e73-4cbd-bb96-540c7f6bd0ed,0.2436341494321823,0.25741705298423767,0.061051078140735626,0.4248035252094269,0.01309418398886919,3,3
TCGA-E2-A109-01A-01-TSA.21eaebd6-c736-452d-96ea-60ecdbd07764,0.4535444676876068,0.15076330304145813,0.028969736769795418,0.3564818799495697,0.010240666568279266,0,0
TCGA-E2-A10A-01A-02-BSB.79389df7-59f1-427f-80d4-3a959407407e,0.1531170755624771,0.3037523925304413,0.11328142136335373,0.40396586060523987,0.02588319405913353,3,3
TCGA-E2-A10A-01A-02-TSB.36e0494e-10c5-4b95-a77c-d8dbe2532135,0.07610159367322922,0.17688368260860443,0.0723448097705841,0.6630335450172424,0.01163637824356556,3,3
TCGA-E2-A10B-01A-01-MS1.0d808566-0f2e-4a22-b3fd-87d3f2db95b3,0.07399053126573563,0.17866705358028412,0.39110034704208374,0.23915451765060425,0.11708757281303406,2,2
TCGA-E2-A10B-01A-01-TS1.3bfc66da-c6c4-4246-8794-4b477deba098,0.0791068747639656,0.27111372351646423,0.2583782374858856,0.29776012897491455,0.09364105761051178,3,3
TCGA-E2-A10C-01A-02-BSB.98829461-a7d3-4e6d-a172-e7c17335c6e2,0.06275619566440582,0.4057498872280121,0.15253275632858276,0.31246063113212585,0.0665004700422287,1,1
TCGA-E2-A10C-01A-02-TSB.4d05f801-0494-42ad-9365-9b59bf957f4a,0.11667590588331223,0.5440531373023987,0.10370954126119614,0.18702243268489838,0.04853907972574234,1,1
TCGA-E2-A10E-01A-01-BS1.17e4f40d-9b13-4a81-99f1-1dddbc4c313f,0.10055965185165405,0.18742242455482483,0.2704409062862396,0.32491904497146606,0.1166580319404602,3,3
TCGA-E2-A10E-01A-02-BS2.57c5e128-a2b8-4d9c-81d9-03daabb2e7bf,0.06340235471725464,0.11912418156862259,0.33540987968444824,0.18085847795009613,0.3012051582336426,2,2
TCGA-E2-A10F-01A-01-BS1.f98984f5-85ff-4ca5-bcb6-cc6d2e375bc5,0.10981813818216324,0.3823399543762207,0.15753492712974548,0.26084432005882263,0.08946263045072556,1,1
TCGA-E2-A10F-01A-01-TS1.2e848f27-cde2-4da2-baaf-f4de637f891c,0.07363422960042953,0.26370158791542053,0.28084346652030945,0.24026738107204437,0.14155332744121552,2,2
TCGA-E2-A14N-01A-03-TSC.f25db7f7-db83-4011-9198-683dbc592da6,0.4165864884853363,0.25548356771469116,0.12178995460271835,0.15995097160339355,0.04618896171450615,0,0
TCGA-E2-A14O-01A-03-TSC.710a66c3-f0a8-4c93-85e9-6fd9906ae5f9,0.03811994940042496,0.11471632122993469,0.31649214029312134,0.14446568489074707,0.3862059414386749,4,4
TCGA-E2-A14P-01A-03-TSC.e301fe1e-c75b-4ed2-b304-16a9d63fd835,0.13583436608314514,0.3855263590812683,0.1342238485813141,0.2989143431186676,0.04550104960799217,1,1
TCGA-E2-A14Q-01A-01-TS1.3bcfc8aa-a2e5-433b-8102-66cc26c9d69a,0.03671844303607941,0.11863253265619278,0.3096819519996643,0.12469559907913208,0.41027146577835083,4,4
TCGA-E2-A14R-01A-01-TSA.743927ec-2d43-4242-aa8b-c56a0fc83352,0.2863985300064087,0.251045823097229,0.1492760330438614,0.20610830187797546,0.10717128962278366,0,0
TCGA-E2-A14S-01A-01-TSA.34b0dc8d-f4f4-4f51-ad17-794e6a10fedc,0.269199401140213,0.21886804699897766,0.11528047919273376,0.29842159152030945,0.09823049604892731,3,3
TCGA-E2-A14T-01A-01-TSA.3e947c63-817a-4b85-8065-30adf00015b5,0.08314265310764313,0.17663492262363434,0.25518783926963806,0.17272037267684937,0.3123142421245575,4,4
TCGA-E2-A14U-01A-01-MS1.A0A0BD05-6F9F-49F8-B2A9-39A9F10F5947,0.016018569469451904,0.026646118611097336,0.23571844398975372,0.026907891035079956,0.6947089433670044,4,4
TCGA-E2-A14V-01A-01-TSA.97141a78-1272-4533-ab86-d787c86baf4b,0.04298074543476105,0.22044911980628967,0.3498717248439789,0.22544975578784943,0.16124863922595978,2,2
TCGA-E2-A14W-01A-01-TSA.292e68b2-d49a-46e0-aca5-a587709df55a,0.07440602034330368,0.3726034462451935,0.20057913661003113,0.22437137365341187,0.12803998589515686,1,1
TCGA-E2-A14X-01A-01-TSA.8d861810-a681-4877-bccd-aa0f83074a2a,0.08935070782899857,0.2747390568256378,0.2158166915178299,0.3200207054615021,0.10007280111312866,3,3
TCGA-E2-A14Y-01A-02-TSB.57b8ab8a-d0b6-419a-8363-edbb7aab4bff,0.14135797321796417,0.4816383123397827,0.08900447934865952,0.2402321696281433,0.04776708036661148,1,1
TCGA-E2-A14Z-01A-01-TS1.d497c151-5df1-45c7-b712-75533a6ef412,0.05369573086500168,0.1315801739692688,0.2637427747249603,0.09072405099868774,0.460257351398468,4,4
TCGA-E2-A150-01A-01-TSA.c32feae0-434d-4e04-9cfa-5b0d89547711,0.22686602175235748,0.3716199994087219,0.08809831738471985,0.24464751780033112,0.06876809895038605,1,1
TCGA-E2-A152-01A-01-TS1.33593446-31ba-4b2c-8f4f-80fbc535c592,0.09204903990030289,0.22386157512664795,0.21211376786231995,0.2744472920894623,0.19752828776836395,3,3
TCGA-E2-A153-01A-01-TSA.06c28a4f-dd0d-460d-9ee3-086f99e73724,0.07529837638139725,0.16420412063598633,0.2927316725254059,0.3130272924900055,0.15473857522010803,3,3
TCGA-E2-A154-01A-01-TS1.49b5b0d1-36eb-486f-bcf2-e575ac4764bd,0.05429088696837425,0.280137836933136,0.2528335154056549,0.34243878722190857,0.07029902935028076,3,3
TCGA-E2-A155-01A-01-TSA.555fff50-3656-4fe1-bd55-867efffc6ae0,0.21352924406528473,0.16757002472877502,0.06400180608034134,0.5461565256118774,0.008742408826947212,3,3
TCGA-E2-A156-01A-01-TSA.eb7847c8-dd23-48c3-886f-25d30b21aa27,0.21196907758712769,0.21123139560222626,0.0680636540055275,0.48754480481147766,0.021191051229834557,3,3
TCGA-E2-A158-01A-01-TS1.7dc3c147-bcdb-4e14-83ef-71e24102846a,0.4139010012149811,0.22285829484462738,0.06762972474098206,0.26540493965148926,0.030206074938178062,0,0
TCGA-E2-A159-01A-01-TSA.257b9eec-d799-4545-bae4-b279258bba63,0.4541122317314148,0.37069013714790344,0.011017891578376293,0.12994267046451569,0.034237053245306015,0,0
TCGA-E2-A15A-01A-01-TS1.12b3eabe-32d3-4772-8337-e4ae024911bb,0.060052428394556046,0.37579867243766785,0.10725876688957214,0.3884180784225464,0.06847202777862549,3,3
TCGA-E2-A15A-06A-01-TS1.bc17c613-409e-4308-beae-d7dea1493c10,0.25880810618400574,0.26489949226379395,0.05481773987412453,0.3970957398414612,0.024378923699259758,3,3
TCGA-E2-A15C-01A-03-TSC.19c1b196-81cc-46f9-8e36-59e833b6e369,0.03747472167015076,0.09460373967885971,0.4619612395763397,0.20572338998317719,0.20023685693740845,2,2
TCGA-E2-A15D-01A-01-TS1.3079ed1e-0fe7-45b1-9ec1-c19c5d0b4df8,0.015971973538398743,0.13923276960849762,0.40691787004470825,0.1158309206366539,0.3220464587211609,2,2
TCGA-E2-A15E-01A-01-TSA.2b86c3d9-2b3d-4d2b-9f8f-dfef08275677,0.019806968048214912,0.04061843454837799,0.3003411293029785,0.06422421336174011,0.575009286403656,4,4
TCGA-E2-A15E-06A-01-TS1.e5b7bb2d-5cf3-4bd6-a36b-9b7c69ca56de,0.283279150724411,0.08519750088453293,0.03240463510155678,0.5884049534797668,0.010713729076087475,3,3
TCGA-E2-A15F-01A-01-TS1.ec2c2158-f027-40b9-945e-e081c7b80e46,0.06402241438627243,0.2210201621055603,0.32867079973220825,0.22408892214298248,0.16219770908355713,2,2
TCGA-E2-A15G-01A-01-TSA.ddb91e88-5cdd-4f96-868d-7c6e7c533be6,0.02642340026795864,0.15391036868095398,0.46656981110572815,0.18999595940113068,0.16310052573680878,2,2
TCGA-E2-A15H-01A-01-TSA.6ba57309-1e15-4a84-98ad-5e8f02688a96,0.039407987147569656,0.1847902089357376,0.21488197147846222,0.29748964309692383,0.2634301483631134,3,3
TCGA-E2-A15I-01A-02-TSB.961e62b4-3906-4076-a261-5b33f151c664,0.025016123428940773,0.10467112064361572,0.39822545647621155,0.18113404512405396,0.29095321893692017,2,2
TCGA-E2-A15J-01A-01-TS1.31bb6cae-5ebb-4a35-b6e8-9467f34bc4a8,0.10040323436260223,0.21678754687309265,0.1631491780281067,0.48219913244247437,0.03746095299720764,3,3
TCGA-E2-A15K-01A-01-TS1.097d2dde-b4e2-42fb-ac84-9556f0531d72,0.04752713814377785,0.3036094605922699,0.2029065489768982,0.361260324716568,0.08469655364751816,3,3
TCGA-E2-A15K-06A-01-TS1.c2f7ed54-0f5a-4f43-b130-77a7dcceb9db,0.1925024837255478,0.09505501389503479,0.035514213144779205,0.670873761177063,0.006054616998881102,3,3
TCGA-E2-A15L-01A-01-TSA.35ecb9b4-790d-4411-9cfa-fc2ee0f7c25c,0.12575793266296387,0.23208744823932648,0.16982372105121613,0.3999779522418976,0.07235296815633774,3,3
TCGA-E2-A15M-01A-01-TSA.41d14b10-8567-4f43-a5a8-b952d859c70f,0.1546793282032013,0.20657916367053986,0.21868076920509338,0.17811815440654755,0.2419426292181015,4,4
TCGA-E2-A15O-01A-01-TSA.d73d6e37-7450-4a96-9e21-014f78b2e02a,0.0552121177315712,0.2633664906024933,0.3097250759601593,0.27938413619995117,0.09231218695640564,2,2
TCGA-E2-A15P-01A-01-TSA.e7932941-750c-4fcc-8520-0d7773912874,0.02580803632736206,0.03691016882658005,0.4247705936431885,0.06984781473875046,0.44266340136528015,4,4
TCGA-E2-A15R-01A-01-TSA.710a5229-c19b-42ea-87fb-1e8293fbcfd9,0.37097030878067017,0.13210850954055786,0.08117188513278961,0.394690603017807,0.02105870470404625,3,3
TCGA-E2-A15S-01A-01-TSA.99332ce7-e3ab-4891-a612-fa51b84869f8,0.42534369230270386,0.19091448187828064,0.06967486441135406,0.26578256487846375,0.04828447476029396,0,0
TCGA-E2-A15T-01A-01-TS1.8fb07554-d184-4354-bfb5-c08ad658aac1,0.06476234644651413,0.061323706060647964,0.4235442876815796,0.19604627788066864,0.2543233036994934,2,2
TCGA-E2-A1AZ-01A-01-TS1.4941221b-33e9-4b2a-8165-cc2221732f78,0.3313068151473999,0.2984551191329956,0.09051284939050674,0.24208232760429382,0.03764290362596512,0,0
TCGA-E2-A1B0-01A-01-TSA.728f0954-4ed3-4d7a-932d-fc250ba11b61,0.05955437198281288,0.25027018785476685,0.2435571849346161,0.19686555862426758,0.2497527003288269,1,1
TCGA-E2-A1B1-01A-02-TSB.8d1372de-544d-4c67-9e8f-09bcd33db672,0.04711015895009041,0.12955673038959503,0.3921222388744354,0.23792843520641327,0.19328244030475616,2,2
TCGA-E2-A1B4-01A-01-TSA.4a536aa0-47af-4c66-a151-a5d5db65a566,0.02063589356839657,0.1212799921631813,0.5163024067878723,0.13915494084358215,0.2026267647743225,2,2
TCGA-E2-A1B5-01A-02-TSB.a87d1830-610f-4571-9604-cb92a60e33fb,0.02680831402540207,0.0547974593937397,0.22226199507713318,0.0427272692322731,0.6534050107002258,4,4
TCGA-E2-A1B6-01A-03-TSC.f0917d61-c963-42cf-86c7-48b1e70c662d,0.1471467763185501,0.28526559472084045,0.1827360838651657,0.16230425238609314,0.22254733741283417,1,1
TCGA-E2-A1BC-01A-01-TSA.b06fa884-bde3-4b4f-9832-f162e7a82cfa,0.030585436150431633,0.24958528578281403,0.37711307406425476,0.2110779881477356,0.13163818418979645,2,2
TCGA-E2-A1BD-01A-01-TSA.240c5cd9-3dad-40fe-82a9-f81214203302,0.03247863054275513,0.1700916439294815,0.39886119961738586,0.17914733290672302,0.21942123770713806,2,2
TCGA-E2-A1IE-01A-01-TSA.fe9a2e4e-1c11-45f6-89e8-ee618922dfe9,0.16631722450256348,0.3096637725830078,0.18143635988235474,0.285284161567688,0.05729850381612778,1,1
TCGA-E2-A1IF-01A-01-TSA.8138f5af-7c4f-4c44-9ffc-1616dcf21b64,0.1485794186592102,0.2645827829837799,0.228241965174675,0.2293684333562851,0.1292273998260498,1,1
TCGA-E2-A1IG-01A-01-TSA.acb89b9b-84e6-4d43-9bb4-9dadb9a4bded,0.0692281499505043,0.2870253920555115,0.23285609483718872,0.3315558433532715,0.0793345496058464,3,3
TCGA-E2-A1IH-01A-01-TSA.99bfdaa7-707e-408e-b285-d5bc61291557,0.020906448364257812,0.08767348527908325,0.29195478558540344,0.06616269797086716,0.5333025455474854,4,4
TCGA-E2-A1II-01A-01-TSA.b8bb5828-b6a3-45e3-bd16-27722e9fa705,0.47068530321121216,0.2741662859916687,0.029199589043855667,0.1958848536014557,0.03006395883858204,0,0
TCGA-E2-A1IJ-01A-01-TSA.6ffa624e-548f-4a25-af52-febc0cb8a31f,0.04435370862483978,0.1987917274236679,0.25183290243148804,0.17834065854549408,0.3266809284687042,4,4
TCGA-E2-A1IK-01A-01-TSA.60c8e8ac-399e-4682-b889-a5b4e4ab1c1a,0.10561585426330566,0.19175727665424347,0.309402197599411,0.15555903315544128,0.23766560852527618,2,2
TCGA-E2-A1IL-01A-01-TSA.c02803fb-e85a-468b-9f69-bde8122f7056,0.05244056507945061,0.057436391711235046,0.4481842815876007,0.21494577825069427,0.2269929200410843,2,2
TCGA-E2-A1IN-01A-01-TSA.d8b99a48-e9a4-4bc0-8ecd-0eecf195803e,0.07260683923959732,0.4397038221359253,0.14573784172534943,0.23106737434864044,0.11088407039642334,1,1
TCGA-E2-A1IO-01A-01-TSA.6a2315ed-3e00-4784-8b0f-aa93e6d770d0,0.09511556476354599,0.3012445867061615,0.25990381836891174,0.18942056596279144,0.15431548655033112,1,1
TCGA-E2-A1IU-01A-01-TSA.ba60c639-0f0b-4ccf-8990-d561c67794a8,0.061775680631399155,0.14354875683784485,0.39064106345176697,0.15522518754005432,0.248809352517128,2,2
TCGA-E2-A1L6-01A-01-TSA.6ca116b8-0363-4196-bbc8-232608f87384,0.05491398274898529,0.09684960544109344,0.37892067432403564,0.09047162532806396,0.37884414196014404,2,2
TCGA-E2-A1L7-01A-01-TSA.d812be09-0f0b-4172-a039-18e2d89f3e9d,0.23146842420101166,0.23318810760974884,0.15162982046604156,0.3204754590988159,0.06323826313018799,3,3
TCGA-E2-A1L8-01A-01-TSA.2b88c3e8-d202-4b83-8390-126f33606d7a,0.05290517583489418,0.1811947226524353,0.368581622838974,0.20667988061904907,0.19063855707645416,2,2
TCGA-E2-A1L9-01A-01-TS1.2d977c38-3f65-4898-b817-e30c041167bf,0.06380629539489746,0.4634983241558075,0.15075060725212097,0.2544390559196472,0.06750570982694626,1,1
TCGA-E2-A1LA-01A-01-TS1.f300df8b-2423-47e1-8a95-24048aaeac80,0.15668095648288727,0.30837756395339966,0.0751575157046318,0.42831650376319885,0.03146745264530182,3,3
TCGA-E2-A1LB-01A-01-TSA.421ba6bf-0e55-4fa7-81f3-3cf0fde480ed,0.07645494490861893,0.6433476805686951,0.06610596179962158,0.18434686958789825,0.029744582250714302,1,1
TCGA-E2-A1LE-01A-01-TSA.3D0F1C87-1DDC-4BF0-A586-401299A7286D,0.04475316032767296,0.3835826814174652,0.23851409554481506,0.17866533994674683,0.15448468923568726,1,1
TCGA-E2-A1LG-01A-02-TSB.23e175ad-93af-41f1-a8be-c37cc3ee5d47,0.24476875364780426,0.15648406744003296,0.07158252596855164,0.5008935332298279,0.026271136477589607,3,3
TCGA-E2-A1LH-01A-01-TS1.e49c714b-f97e-4643-805a-9fad366d64bf,0.15217635035514832,0.265676885843277,0.19505582749843597,0.24019360542297363,0.14689737558364868,1,1
TCGA-E2-A1LI-01A-01-TS1.fbca9d73-aac9-43ba-82cc-7eb527c4904e,0.10757529735565186,0.1943843960762024,0.2227867692708969,0.16775590181350708,0.30749762058258057,4,4
TCGA-E2-A1LK-01A-02-TSB.5f4a6e3e-8c5c-43b3-9053-44a4d0f9f954,0.18165451288223267,0.3622688055038452,0.10253920406103134,0.21959540247917175,0.13394199311733246,1,1
TCGA-E2-A1LL-01A-01-TSA.1d9c8e71-3608-4122-8a5d-ede57403c3b1,0.09990435838699341,0.34696492552757263,0.22809359431266785,0.20727311074733734,0.11776402592658997,1,1
TCGA-E2-A1LS-01A-01-TSA.ab745fbc-dd5a-47f7-b60e-9533e52465e6,0.10014253109693527,0.27916374802589417,0.2958022952079773,0.255635142326355,0.06925630569458008,2,2
TCGA-E2-A2P5-01A-01-TS1.881A6B1B-6825-4D7A-828C-D4A0FCC5BAE1,0.053105417639017105,0.16049614548683167,0.41114509105682373,0.15207557380199432,0.22317783534526825,2,2
TCGA-E2-A2P6-01A-01-TS1.C2E6256C-D82D-4370-A97E-DD16E57888E5,0.048127785325050354,0.07227752357721329,0.3060208857059479,0.12413166463375092,0.44944217801094055,4,4
TCGA-E2-A3DX-01A-02-TSB.4BD3DC88-03E9-426A-A7D4-033DD742279C,0.022254955023527145,0.03383934870362282,0.39727550745010376,0.04250047355890274,0.5041297078132629,4,4
TCGA-E2-A56Z-01A-01-TSA.279A5A74-8C88-4520-8117-70FDBB0951E5,0.0834212675690651,0.38628819584846497,0.12449654191732407,0.25134027004241943,0.15445372462272644,1,1
TCGA-E2-A570-01A-01-TSA.3BF71DC2-AF5C-400D-BF49-A6A7483481BB,0.06508275866508484,0.26493608951568604,0.2617534101009369,0.18844614923000336,0.21978160738945007,1,1
TCGA-E2-A572-01A-01-TSA.58C737CB-AF59-4664-9E55-2097E80A35FA,0.009129040874540806,0.0181321632117033,0.25526005029678345,0.022738805040717125,0.6947399377822876,4,4
TCGA-E2-A573-01A-01-TS1.E5F5ABA4-595A-41C0-B686-A96DA9901AED,0.45884770154953003,0.27044159173965454,0.034870658069849014,0.2088506519794464,0.02698931097984314,0,0
TCGA-E2-A574-01A-01-TSA.EE331433-5ED0-495C-8704-E7D8C73DA803,0.1453561931848526,0.4165971577167511,0.10208351165056229,0.293718159198761,0.042244959622621536,1,1
TCGA-E2-A576-01A-01-TSA.B5BE3814-145D-4236-8152-BA39A1B7D0D7,0.04817010462284088,0.1394064575433731,0.3141624927520752,0.18610438704490662,0.3121564984321594,2,2
TCGA-E2-A9RU-01A-01-TS1.F050312C-0677-416B-9100-AA70F267140A,0.07331574708223343,0.39218026399612427,0.13194404542446136,0.28856706619262695,0.11399289220571518,1,1
TCGA-E9-A1N3-01A-01-TSA.16d2d1ec-d6ab-4fec-98ca-42e0ee333be4,0.11155559867620468,0.2030651718378067,0.2040959745645523,0.4392978250980377,0.04198552295565605,3,3
TCGA-E9-A1N4-01A-01-TSA.c0e20e54-baab-4dd4-98c8-3e450a41ea86,0.03637427091598511,0.08728834241628647,0.27384448051452637,0.2933385670185089,0.30915430188179016,4,4
TCGA-E9-A1N5-01A-01-TSA.7b19a9b7-d896-4277-b8cc-bde9b8aefc9d,0.0569382943212986,0.18954885005950928,0.2764047682285309,0.21100693941116333,0.2661011517047882,2,2
TCGA-E9-A1N9-01A-01-TSA.dec56c61-13f3-4eda-898b-1f2e40b6f54a,0.06314048916101456,0.08870023488998413,0.2989709675312042,0.24399134516716003,0.30519700050354004,4,4
TCGA-E9-A1NA-01A-01-TSA.54bbd049-8dd8-432e-b015-9325819ba587,0.12813352048397064,0.4195093512535095,0.0458604134619236,0.3799716532230377,0.026525070890784264,1,1
TCGA-E9-A1NC-01A-01-TSA.9b7d0568-bc04-4e9f-9487-d020f177e077,0.08892212063074112,0.44890889525413513,0.12470294535160065,0.21203003823757172,0.1254359483718872,1,1
TCGA-E9-A1NC-01A-02-TSB.45067FA5-9305-45D9-A343-FCCECF9BABF4,0.054838962852954865,0.22257541120052338,0.273419588804245,0.2112615555524826,0.23790450394153595,2,2
TCGA-E9-A1ND-01A-01-TSA.602c0689-b15d-4d0c-a76c-13f97b713b4d,0.45383304357528687,0.33159834146499634,0.025642281398177147,0.16218507289886475,0.026741182431578636,0,0
TCGA-E9-A1NE-01A-02-TSB.f07c5332-4933-4459-a1cc-7fbdff4cf75d,0.09905631095170975,0.2298658788204193,0.1911061406135559,0.3417229950428009,0.13824869692325592,3,3
TCGA-E9-A1NF-01A-01-TSA.c5078c11-f3d8-47d5-b02a-466663322fd2,0.10739321261644363,0.40011319518089294,0.05101237818598747,0.41920652985572815,0.022274669259786606,3,3
TCGA-E9-A1NG-01A-02-TSB.b717018b-f4d3-4b8c-8057-4db7173faa83,0.037421539425849915,0.20010125637054443,0.12724533677101135,0.5227094292640686,0.11252246052026749,3,3
TCGA-E9-A1NH-01A-01-TSA.c377b9a0-f87e-419b-9b59-13809c8b5855,0.02747991681098938,0.31541216373443604,0.19627225399017334,0.4000641703605652,0.06077148765325546,3,3
TCGA-E9-A1NI-01A-01-TSA.367a994d-fa68-46ea-84e0-19288a39c79e,0.08239851146936417,0.35222819447517395,0.07895527780056,0.4557205140590668,0.030697451904416084,3,3
TCGA-E9-A1QZ-01A-02-TSB.e65e68ce-e93a-45c1-8bbb-7cc1cc975b25,0.03215881809592247,0.07091673463582993,0.365037739276886,0.08250166475772858,0.44938504695892334,4,4
TCGA-E9-A1R0-01A-02-TSB.76d55fb8-5518-496c-9a80-de81a3073232,0.05013915151357651,0.2767735421657562,0.24518264830112457,0.3382205367088318,0.08968416601419449,3,3
TCGA-E9-A1R2-01A-01-TSA.08bc6aef-5b96-48e7-81fe-b745374d3946,0.03288661688566208,0.17227748036384583,0.35469019412994385,0.2570858895778656,0.18305985629558563,2,2
TCGA-E9-A1R3-01A-03-TSC.d045fde9-4cb4-42ff-883c-ecf520e93a60,0.06655371934175491,0.3459460139274597,0.058079130947589874,0.5130285024642944,0.016392672434449196,3,3
TCGA-E9-A1R4-01A-02-TSB.ba1d4e07-3128-48a3-81c6-b3b3b4b961c3,0.1046232283115387,0.2066684365272522,0.24746406078338623,0.3305443823337555,0.11069995909929276,3,3
TCGA-E9-A1R5-01A-01-TSA.df4a519c-fbd8-443a-96ec-df4eab8a7f8d,0.05012740567326546,0.35743704438209534,0.13000522553920746,0.4244724214076996,0.037957917898893356,3,3
TCGA-E9-A1R6-01A-01-TSA.30cf6e30-ff99-4945-81aa-71aa59106098,0.047673679888248444,0.18627148866653442,0.19135044515132904,0.4479743540287018,0.12672999501228333,3,3
TCGA-E9-A1R7-01A-01-TSA.0298ed96-b287-42a0-93ba-89932a36da4c,0.06373615562915802,0.13584056496620178,0.3812768757343292,0.20567964017391205,0.2134667932987213,2,2
TCGA-E9-A1RA-01A-01-TSA.b2e935c7-c2cc-4ef8-9f40-4a80a625cc89,0.05646662414073944,0.1775457262992859,0.2866133153438568,0.24049824476242065,0.2388761043548584,2,2
TCGA-E9-A1RB-01A-01-TSA.a64d4330-5a0f-4cbe-bd5b-e761af3234dd,0.12217400223016739,0.20441187918186188,0.09806939959526062,0.5296137928962708,0.045730967074632645,3,3
TCGA-E9-A1RC-01A-01-TSA.be1da272-f6f7-4d62-b69d-e813c60bac7a,0.08708060532808304,0.26582473516464233,0.12629687786102295,0.36995741724967957,0.1508404165506363,3,3
TCGA-E9-A1RD-01A-01-TSA.ae983d1c-4737-46f7-8f0d-22934555867d,0.0734548419713974,0.2302199751138687,0.25423526763916016,0.3737562298774719,0.0683336853981018,3,3
TCGA-E9-A1RE-01A-01-TSA.a7672cd5-758c-4580-9390-26607eb98d7b,0.1294071525335312,0.17096588015556335,0.05562814697623253,0.6305967569351196,0.013402113690972328,3,3
TCGA-E9-A1RF-01A-01-TSA.a825bc36-5e7d-4166-9177-e79ee6382097,0.0528179407119751,0.325008749961853,0.11787858605384827,0.4538452625274658,0.05044949799776077,3,3
TCGA-E9-A1RG-01A-01-TSA.a9a21b11-8455-4582-a0f4-041d0637f1f1,0.08063941448926926,0.19208483397960663,0.17355497181415558,0.433702677488327,0.1200181320309639,3,3
TCGA-E9-A1RH-01A-02-TSB.03b969da-c200-48e2-bed2-ec2830daf487,0.10509232431650162,0.37207484245300293,0.10586390644311905,0.30004218220710754,0.11692672967910767,1,1
TCGA-E9-A1RI-01A-01-TSA.e3a82cb0-3009-4cc3-be34-d41aa917e742,0.07412364333868027,0.29849281907081604,0.1363803893327713,0.43234336376190186,0.05865973234176636,3,3
TCGA-E9-A226-01A-02-TSB.794150b5-08d4-4a83-82e4-6c8a812bd236,0.03620906174182892,0.17408336699008942,0.20950202643871307,0.445992648601532,0.13421288132667542,3,3
TCGA-E9-A227-01A-01-TSA.2785cdb8-95a8-4bf8-b479-13b5436983ed,0.0549209788441658,0.23907461762428284,0.3265252113342285,0.23056979477405548,0.14890938997268677,2,2
TCGA-E9-A228-01A-03-TSC.30af8551-b712-4cf0-aa26-f9913d60f879,0.30632930994033813,0.16572092473506927,0.08199197053909302,0.4010726511478424,0.04488518461585045,3,3
TCGA-E9-A229-01A-03-TSC.99c99fe1-cfaf-4ee1-8992-a71adb774d14,0.07207652181386948,0.3518851399421692,0.1642644852399826,0.32911479473114014,0.082659050822258,1,1
TCGA-E9-A22A-01A-01-TSA.cb4979a2-8b33-4983-9f84-53307fb392ad,0.058312319219112396,0.349679172039032,0.09790453314781189,0.4361295700073242,0.05797441676259041,3,3
TCGA-E9-A22B-01A-01-TSA.c56b2348-5c2c-4212-98f9-fbdcc444963b,0.04538619890809059,0.17068186402320862,0.3282061517238617,0.24939647316932678,0.20632930099964142,2,2
TCGA-E9-A22D-01A-01-TSA.1d806ebb-4c31-45ae-898e-139903e04c43,0.1364276111125946,0.1566576510667801,0.04163914546370506,0.6421518325805664,0.023123761638998985,3,3
TCGA-E9-A22E-01A-01-TSA.a51a3c5a-7bb6-48b6-a88c-57627566799e,0.038394469767808914,0.27386200428009033,0.2936248481273651,0.257974237203598,0.13614444434642792,2,2
TCGA-E9-A22G-01A-01-TSA.825b13d3-0415-42cc-820c-a2ea524d25a9,0.629767656326294,0.13004836440086365,0.02143927477300167,0.1909443438053131,0.02780030108988285,0,0
TCGA-E9-A22H-01A-01-TSA.7fc6358e-8ffd-4967-bb2b-b5fa45a9c66e,0.020235562697052956,0.06745783239603043,0.3039390444755554,0.12807361781597137,0.48029395937919617,4,4
TCGA-E9-A243-01A-02-TSB.b22d68b2-c6fd-42d9-96a7-416b2e09ddbe,0.3715512752532959,0.2376125156879425,0.06579741835594177,0.2870938181877136,0.037945039570331573,0,0
TCGA-E9-A244-01A-01-TSA.9b78641c-e9bb-4c08-8f05-690a88efd758,0.04872889071702957,0.22457215189933777,0.20001330971717834,0.3412480354309082,0.18543760478496552,3,3
TCGA-E9-A245-01A-02-TSB.3d29009f-2d36-44d8-8b9e-325b72946d66,0.02195446752011776,0.06569389998912811,0.42990511655807495,0.08361412584781647,0.39883244037628174,2,2
TCGA-E9-A247-01A-01-TSA.e3ce5a37-5825-4589-bfd5-85b0adcdcf54,0.08645332604646683,0.25006869435310364,0.17519617080688477,0.4407459795475006,0.047535791993141174,3,3
TCGA-E9-A248-01A-01-TSA.380e7173-408d-4d01-bcd0-cb74177448fc,0.2877257466316223,0.26708507537841797,0.04056674614548683,0.3878064751625061,0.016816014423966408,3,3
TCGA-E9-A249-01A-01-TSA.b0659a1b-2892-4680-9045-23445b67763f,0.10946865379810333,0.39758968353271484,0.10188054293394089,0.3637743890285492,0.027286693453788757,1,1
TCGA-E9-A24A-01A-01-TSA.5cb875e4-dfee-4764-a3f4-e79c343b7f29,0.03683781251311302,0.25182920694351196,0.1768389344215393,0.4499830901622772,0.08451104164123535,3,3
TCGA-E9-A295-01A-01-TSA.14a39b7e-5d34-43ea-971c-09a8db7694e8,0.02165210247039795,0.033336006104946136,0.3202226758003235,0.08955644071102142,0.5352327823638916,4,4
TCGA-E9-A2JS-01A-01-TSA.8C89FED2-C22D-4C19-990B-22FD44EC8AEB,0.07007382065057755,0.3057425618171692,0.17745347321033478,0.4045032262802124,0.04222692549228668,3,3
TCGA-E9-A2JT-01A-02-TSB.7607FF14-463C-439C-AB91-0691679D0045,0.013862774707376957,0.023256978020071983,0.2716355323791504,0.03792564570903778,0.6533191204071045,4,4
TCGA-E9-A3HO-01A-01-TSA.0158BAA4-4E64-4235-95B0-28EF4F494A06,0.27523770928382874,0.15622472763061523,0.07524444907903671,0.41346636414527893,0.07982674986124039,3,3
TCGA-E9-A3Q9-01A-01-TSA.664B1192-F5B9-456E-B51A-65081BB0138F,0.06749805063009262,0.05412725359201431,0.4839117228984833,0.19809220731258392,0.1963707059621811,2,2
TCGA-E9-A3QA-01A-06-TSF.F55E055A-2F25-4C59-88CF-BD574F7A6192,0.3594302833080292,0.2973242998123169,0.036912642419338226,0.28429415822029114,0.02203870564699173,0,0
TCGA-E9-A3X8-01A-03-TSC.D9965DD3-EB24-4914-9756-AF1230349DC6,0.020691657438874245,0.07709601521492004,0.3964734375476837,0.16089530289173126,0.3448435962200165,2,2
TCGA-E9-A54X-01A-01-TSA.6FDFF7F9-3D49-48CF-96FE-ED6E9D6A1014,0.11659356951713562,0.18787036836147308,0.1525641530752182,0.4306201636791229,0.11235173046588898,3,3
TCGA-E9-A54Y-01A-01-TSA.7EF6FC52-B788-4ACD-B92A-A59BE4F11BDD,0.0656595379114151,0.11483757942914963,0.27690356969833374,0.28598830103874207,0.2566109597682953,3,3
TCGA-E9-A5FK-01A-01-TSA.B94B10DB-28F9-434E-9BE2-F2B84C3ED73F,0.014903287403285503,0.022917326539754868,0.259467750787735,0.03176582604646683,0.6709457635879517,4,4
TCGA-E9-A5FL-01A-01-TSA.4543A1A7-CE9F-4038-88DA-F7869AF4B8FD,0.09764186292886734,0.44635099172592163,0.08941170573234558,0.2878599166870117,0.07873545587062836,1,1
TCGA-E9-A5UO-01A-01-TSA.8DD0A003-C13A-41FD-B59B-16DD205C5003,0.17310281097888947,0.2168292999267578,0.16834919154644012,0.3495899438858032,0.09212871640920639,3,3
TCGA-E9-A5UP-01A-01-TSA.65C0249E-06FC-4496-87A9-F5A37CF6CC25,0.5789897441864014,0.14094756543636322,0.040238115936517715,0.2212570160627365,0.018567614257335663,0,0
TCGA-E9-A6HE-01A-01-TSA.0EC4715E-A5F7-48BF-B95E-8532C3F101D6,0.11308121681213379,0.2917580306529999,0.15450753271579742,0.38743525743484497,0.05321798101067543,3,3
TCGA-EW-A1IW-01A-01-TSA.23f64e8b-95c5-42b3-919e-65d43275d804,0.028500588610768318,0.07704154402017593,0.42378708720207214,0.08763676881790161,0.3830340504646301,2,2
TCGA-EW-A1IX-01A-01-TSA.14c3dbaf-c377-426c-96a7-9c087b2f577a,0.017182407900691032,0.0671050101518631,0.4346906542778015,0.08681841939687729,0.3942035734653473,2,2
TCGA-EW-A1IY-01A-01-TSA.2f6f198d-844c-442d-9569-ddf88cd38642,0.09253909438848495,0.3129083216190338,0.24366633594036102,0.2128027379512787,0.13808345794677734,1,1
TCGA-EW-A1IZ-01A-01-TSA.a52af132-ed54-40a0-931b-913928cf057f,0.023155080154538155,0.07027312368154526,0.2248898446559906,0.06942883878946304,0.6122530698776245,4,4
TCGA-EW-A1J1-01A-01-TSA.153bc6b7-16b6-4c43-b9ac-46a7ed05d0db,0.37243977189064026,0.10914492607116699,0.046176668256521225,0.4604390859603882,0.011799529194831848,3,3
TCGA-EW-A1J2-01A-02-TSB.99b2d68c-e3e5-4e89-ba30-158409bf8430,0.041372787207365036,0.20489934086799622,0.35575050115585327,0.14576877653598785,0.2522085905075073,2,2
TCGA-EW-A1J3-01A-01-TSA.fdb88562-3185-43d4-ab9a-3d5a8f4a9edb,0.1495540738105774,0.2411750704050064,0.19520153105258942,0.33647337555885315,0.07759597152471542,3,3
TCGA-EW-A1J5-01A-01-TSA.e6a343d8-808e-49ba-8ccd-a9237523f59b,0.08287779986858368,0.15456737577915192,0.28159448504447937,0.3634016513824463,0.11755872517824173,3,3
TCGA-EW-A1J6-01A-01-TS1.cbeda021-a81c-4a79-a505-f8f0b4cb6620,0.3067131042480469,0.20075388252735138,0.06553030759096146,0.39771541953086853,0.029287299141287804,3,3
TCGA-EW-A1OV-01A-01-TSA.9ccd6a13-34e4-4d98-9a18-3e7136ec0a13,0.31494569778442383,0.23764269053936005,0.1199101060628891,0.24172241985797882,0.0857790932059288,0,0
TCGA-EW-A1OW-01A-02-TSB.fa679090-1580-4a00-88b9-b218030a0e09,0.5149738192558289,0.22518663108348846,0.02452041581273079,0.22104966640472412,0.014269503764808178,0,0
TCGA-EW-A1OX-01A-01-TSA.74283185-7c47-44ce-8904-1a121870104e,0.07989823818206787,0.0670899823307991,0.1495124101638794,0.6543004512786865,0.04919891431927681,3,3
TCGA-EW-A1OY-01A-01-TSA.fbfe2eb7-225f-451f-8554-a2001180f142,0.0709347054362297,0.19942203164100647,0.24754968285560608,0.37336912751197815,0.10872440040111542,3,3
TCGA-EW-A1OZ-01A-01-TSA.5b179149-f5d2-4b79-8988-5c2fc2268cdc,0.09079936891794205,0.25931423902511597,0.07223760336637497,0.5522894263267517,0.025359367951750755,3,3
TCGA-EW-A1P0-01A-01-TSA.01b86041-ac17-4bcf-884e-b7d48240bbe2,0.13009393215179443,0.2753661572933197,0.156053364276886,0.4032420814037323,0.03524450957775116,3,3
TCGA-EW-A1P1-01A-03-TSC.8fd02727-ac5a-449b-9cd7-628e3dda1c3c,0.04757224768400192,0.20861372351646423,0.2371283322572708,0.23584014177322388,0.27084553241729736,4,4
TCGA-EW-A1P3-01A-01-TSA.bc5f0d8f-aa52-42b7-abe1-f729c2bc5dff,0.07259558141231537,0.26785194873809814,0.2575713098049164,0.28405776619911194,0.11792343109846115,3,3
TCGA-EW-A1P4-01A-02-TSB.4e509c5d-75a2-4996-a202-32910c7b745a,0.37722110748291016,0.3574383556842804,0.018973449245095253,0.22490863502025604,0.021458489820361137,0,0
TCGA-EW-A1P5-01A-01-TSA.0fdc58ed-1cbd-4f60-839e-c12e1450e431,0.08492384850978851,0.3501174747943878,0.07222429662942886,0.4770645797252655,0.01566980965435505,3,3
TCGA-EW-A1P6-01A-01-TSA.1cb89d56-47a8-47e8-8726-4ad5190cae9f,0.027359100058674812,0.22062590718269348,0.29673224687576294,0.29036152362823486,0.16492123901844025,2,2
TCGA-EW-A1P7-01A-02-TSB.5628be59-b3f9-493a-9e68-053187bbb7d3,0.03831591084599495,0.10721271485090256,0.31725379824638367,0.09878895431756973,0.4384286105632782,4,4
TCGA-EW-A1P8-01A-01-TSA.56d3d7c4-7386-4e5b-9ee0-630a70032b5a,0.2685203552246094,0.2588619887828827,0.09208779782056808,0.34534284472465515,0.035186994820833206,3,3
TCGA-EW-A1PA-01A-01-TSA.b6516a72-91fb-4dd8-8da0-2a9989a48e14,0.0611988827586174,0.17460858821868896,0.3623904287815094,0.1949019879102707,0.20690004527568817,2,2
TCGA-EW-A1PB-01A-01-TSA.9f19b5e5-46d1-448b-b528-a431ba527adb,0.2067754566669464,0.4654165208339691,0.017250418663024902,0.3030994236469269,0.007458177395164967,1,1
TCGA-EW-A1PD-01A-01-TSA.fc5cdd95-913b-4466-bcbb-6f482bfb0764,0.040402356535196304,0.11528899520635605,0.34192395210266113,0.10935012251138687,0.39303454756736755,4,4
TCGA-EW-A1PE-01A-01-TSA.e016b643-b0f1-4281-bc1d-2cf850716603,0.04244482144713402,0.12860307097434998,0.25195562839508057,0.2051040679216385,0.37189239263534546,4,4
TCGA-EW-A1PF-01A-01-TSA.580b69ef-3776-4444-9361-e85f183b5b57,0.06094078719615936,0.410423219203949,0.22566138207912445,0.22260960936546326,0.08036504685878754,1,1
TCGA-EW-A1PG-01A-01-TSA.2e6d10d1-ae2a-4ca4-9f75-e9fe64e32b70,0.020794812589883804,0.04938153177499771,0.19301947951316833,0.0549163892865181,0.6818877458572388,4,4
TCGA-EW-A1PH-01A-01-TS1.2f389a6d-0faa-49c5-bb7d-ff0eaf2adb69,0.4142741858959198,0.2017183154821396,0.08392545580863953,0.20660912990570068,0.09347288310527802,0,0
TCGA-EW-A2FR-01A-01-TSA.516FAE11-477F-423F-82CB-9041FA0D8111,0.07480274885892868,0.48005375266075134,0.12466897070407867,0.2204028218984604,0.10007172077894211,1,1
TCGA-EW-A2FS-01A-01-TSA.028A6732-BBAA-403F-8897-9C74202A01DD,0.04724852740764618,0.06874292343854904,0.3391147553920746,0.07943593710660934,0.46545785665512085,4,4
TCGA-EW-A2FV-01A-01-TSA.B2C1CC4E-D5BD-4BCC-8D31-4D7B12145C24,0.04047170653939247,0.06882607936859131,0.21352866291999817,0.065792977809906,0.6113805770874023,4,4
TCGA-EW-A2FW-01A-01-TSA.93F3FA5A-4797-489A-B863-4C30CC923B90,0.4543353021144867,0.06648365408182144,0.03250614553689957,0.43898072838783264,0.007694178726524115,0,0
TCGA-EW-A3U0-01A-01-TSA.28E10343-61CE-416D-92FF-9763AE47C3F2,0.20569169521331787,0.1847573071718216,0.28195926547050476,0.14327368140220642,0.18431803584098816,2,2
TCGA-EW-A423-01A-01-TS1.268BA465-DA2E-48D1-B9D7-C0C706499D09,0.31214094161987305,0.2231520712375641,0.11296111345291138,0.32913342118263245,0.022612428292632103,3,3
TCGA-EW-A424-01A-01-TSA.0D664105-6E7A-4799-8E76-27D720666494,0.020251335576176643,0.07071515917778015,0.4755626916885376,0.08712062984704971,0.34635013341903687,2,2
TCGA-EW-A6S9-01A-02-TS2.C421885C-98C3-45B9-B01B-49779B87922C,0.05004118010401726,0.2704024016857147,0.28817376494407654,0.18713223934173584,0.20425046980381012,2,2
TCGA-EW-A6SA-01A-02-TS2.F8EDBB12-CB23-4661-A860-0AFEA6760BEF,0.21627816557884216,0.33842232823371887,0.04519554600119591,0.38407760858535767,0.016026314347982407,3,3
TCGA-EW-A6SB-01A-01-TS1.A3AF72E9-5C7A-467B-A0BB-B02CEBDC5B76,0.8281281590461731,0.03806827962398529,0.004437531344592571,0.12353037297725677,0.005835681688040495,0,0
TCGA-EW-A6SC-01A-01-TS1.CE729044-526A-43D5-BF00-8A0D393E1FAB,0.09868907928466797,0.33567509055137634,0.2253180295228958,0.2528378367424011,0.08747996389865875,1,1
TCGA-EW-A6SD-01A-01-TS1.7DCEC4B4-086D-4694-AB4F-9091A8A20205,0.2743213176727295,0.36708369851112366,0.06792271882295609,0.27046146988868713,0.02021077089011669,1,1
TCGA-GI-A2C8-01A-01-TSA.3b6ee8f0-86dc-47bc-b5ab-fa0b1c6e8a59,0.08726013451814651,0.30077996850013733,0.2493465393781662,0.24224260449409485,0.12037067860364914,1,1
TCGA-GI-A2C9-01A-01-TS1.01FAE5C6-F81E-4FD6-A5E1-560AC898857F,0.1757783144712448,0.26738524436950684,0.12551353871822357,0.37513720989227295,0.05618567019701004,3,3
TCGA-GM-A2D9-01A-01-TS1.640CA05F-D91E-406B-BFD4-B04441C9C811,0.029032045975327492,0.06810352206230164,0.4626130163669586,0.10105754435062408,0.33919385075569153,2,2
TCGA-GM-A2DA-01A-01-TS1.ACA772B5-EF8F-4E5E-8AFE-EDD6CD676884,0.012881358154118061,0.04189685732126236,0.25114336609840393,0.08186011016368866,0.6122183203697205,4,4
TCGA-GM-A2DB-01A-03-TSC.C17D5A0E-AF3D-49D8-8604-C0E1DA70926D,0.3815594017505646,0.31584393978118896,0.07413837313652039,0.15163053572177887,0.07682768255472183,0,0
TCGA-GM-A2DC-01A-01-TSA.BAB3B2AC-4C10-4D6E-8556-5F6B81DD7A31,0.07645291835069656,0.20494946837425232,0.2959115505218506,0.3491790294647217,0.07350701838731766,3,3
TCGA-GM-A2DD-01A-01-TSA.A6FD944E-FDD8-4D2F-8304-FFD1617F4C8D,0.09850306063890457,0.3943465054035187,0.13601405918598175,0.24634209275245667,0.12479431927204132,1,1
TCGA-GM-A2DF-01A-01-TSA.92173C4D-78C6-4213-BE01-673760EF899C,0.31956252455711365,0.30660349130630493,0.0781213641166687,0.24549496173858643,0.050217609852552414,0,0
TCGA-GM-A2DH-01A-01-TSA.E3F030AF-39E8-4725-A338-9E93F9E6F79C,0.08634307980537415,0.20028667151927948,0.33858808875083923,0.1448819488286972,0.22990021109580994,2,2
TCGA-GM-A2DI-01A-03-TSC.DB9E24D8-2B07-483E-A490-2B64240EFCEE,0.12356992810964584,0.2962881326675415,0.24080653488636017,0.20746062695980072,0.13187478482723236,1,1
TCGA-GM-A2DK-01A-02-TSB.67FCA9F8-03FF-4737-8833-EAC61B44B8E5,0.05709797143936157,0.11707215011119843,0.3632160425186157,0.09430115669965744,0.3683127462863922,4,4
TCGA-GM-A2DL-01A-01-TSA.B952C740-284C-458B-A72A-34DDC22B623E,0.055909283459186554,0.23543241620063782,0.18487827479839325,0.20994840562343597,0.313831627368927,4,4
TCGA-GM-A2DM-01A-01-TSA.CE8A6B68-BA97-48F1-A44D-023730B752E7,0.3088056147098541,0.2655479907989502,0.06768523901700974,0.3306150734424591,0.027346104383468628,3,3
TCGA-GM-A2DN-01A-01-TSA.76E09F3B-7A96-4261-9E3D-37099778B391,0.039649203419685364,0.23109906911849976,0.30674585700035095,0.15300193428993225,0.2695039212703705,2,2
TCGA-GM-A2DO-01A-01-TSA.7DC927D1-16BB-4AE0-91A6-B73CD8F64C53,0.1378864347934723,0.2646067440509796,0.11221064627170563,0.4599788188934326,0.025317329913377762,3,3
TCGA-GM-A3NW-01A-02-MSB.18C875E2-C15C-4B47-8AC5-6125F93B9334,0.026487985625863075,0.025035535916686058,0.2635619640350342,0.07924402505159378,0.6056703925132751,4,4
TCGA-GM-A3NY-01A-01-TSA.9FF1CA73-C6D7-4B3A-8E99-91A69E0CE164,0.06989005953073502,0.17222216725349426,0.3217935860157013,0.09751584380865097,0.33857834339141846,4,4
TCGA-GM-A3XG-01A-03-TSC.ADDD6BD4-A2A0-450B-9728-E5E00F17191B,0.012676272541284561,0.034212589263916016,0.2226043939590454,0.04861965402960777,0.6818870902061462,4,4
TCGA-GM-A3XL-01A-01-TSA.F83E6727-0539-4E34-99EE-ED3322F4A72C,0.4514278173446655,0.21068692207336426,0.06579967588186264,0.21559175848960876,0.05649387836456299,0,0
TCGA-GM-A3XN-01A-01-TS1.C388AECE-6C86-45CF-B9D3-12FC451B8A4D,0.016193024814128876,0.09315352141857147,0.41969236731529236,0.11309416592121124,0.35786697268486023,2,2
TCGA-GM-A4E0-01A-01-TS1.43B57619-CB29-46C6-BAEA-5064872B4EE7,0.035019401460886,0.1094692274928093,0.31936192512512207,0.06258204579353333,0.4735674560070038,4,4
TCGA-GM-A5PV-01A-01-TS1.108695F7-6C19-41C9-9A63-ABD78088F235,0.02817329578101635,0.033521395176649094,0.27109265327453613,0.07866515219211578,0.5885474681854248,4,4
TCGA-GM-A5PX-01A-01-TS1.B6353D86-B0CD-464C-B976-752100D5CAE8,0.027611883357167244,0.10816680639982224,0.4787485897541046,0.12034666538238525,0.26512610912323,2,2
TCGA-HN-A2NL-01A-01-TSA.0959AC56-81B8-4CB8-AA50-C2D480F8E584,0.6305292844772339,0.06356596946716309,0.09682828187942505,0.17706695199012756,0.0320095457136631,0,0
TCGA-HN-A2OB-01A-02-TSB.4938ED50-8E55-4CCB-ABF7-A86E1BCFBA1A,0.018147366121411324,0.05837605148553848,0.4570818245410919,0.11732770502567291,0.3490670621395111,2,2
TCGA-JL-A3YW-01A-01-TS1.6306EE8C-C37B-4673-B4A1-D0531686C217,0.10278671234846115,0.6385062336921692,0.053432635962963104,0.16520914435386658,0.04006529226899147,1,1
TCGA-JL-A3YX-01A-01-TS1.B78AA02B-6BBE-4E77-A30C-9D98F2AA11B9,0.06789388507604599,0.2280266433954239,0.25865283608436584,0.38883161544799805,0.056595075875520706,3,3
TCGA-LD-A66U-01A-01-TS1.A7BDD6E8-BEE1-4F56-B1BF-4100706FC690,0.015048978850245476,0.040778275579214096,0.37477007508277893,0.0497707799077034,0.5196319222450256,4,4
TCGA-LD-A74U-01A-01-TSA.39E23EF1-2100-4985-AD3B-A261A1FE47C3,0.012413463555276394,0.018953217193484306,0.42011603713035583,0.04988247901201248,0.49863478541374207,4,4
TCGA-LD-A7W5-01A-02-TSB.9D98EC5D-6842-440B-95E9-4F91DDB9DCA0,0.04129429906606674,0.14766322076320648,0.37588921189308167,0.25635865330696106,0.17879465222358704,2,2
TCGA-LD-A7W6-01A-08-TSH.8F554835-5E24-482E-9F5E-0572C197F938,0.03871295601129532,0.05051880702376366,0.3716077506542206,0.10012856125831604,0.43903204798698425,4,4
TCGA-LD-A9QF-01A-03-TSC.0AFA2BBA-FB74-4AE8-84AD-AE65522E5EC9,0.03159771487116814,0.14362835884094238,0.19550423324108124,0.09980416297912598,0.5294654965400696,4,4
TCGA-LL-A440-01A-01-TSA.7F50766F-CBFA-40A8-8B9D-3F8CFE42210C,0.026832446455955505,0.05570007115602493,0.3005085587501526,0.07391407340765,0.5430448651313782,4,4
TCGA-LL-A441-01A-01-TS1.52D3F3E0-9C68-4C47-891F-D1CB5C461077,0.16757124662399292,0.2443620264530182,0.2192167192697525,0.16612881422042847,0.20272114872932434,1,1
TCGA-LL-A442-01A-01-TSA.EB28ADD6-530F-423A-B6C4-998490972A34,0.6459496021270752,0.0920865386724472,0.02336321771144867,0.2316904515028,0.006910169031471014,0,0
TCGA-LL-A50Y-01A-01-TSA.8145CD98-EA4C-477D-81F9-02E019291CF6,0.0824703797698021,0.10443735122680664,0.42443251609802246,0.256265789270401,0.13239401578903198,2,2
TCGA-LL-A5YL-01A-01-TS1.FC54A71A-76C6-4C15-BBD2-5BDC859BA356,0.015671782195568085,0.027402419596910477,0.5449492335319519,0.07324603945016861,0.3387305438518524,2,2
TCGA-LL-A5YM-01A-01-TS1.F40B66C9-4C42-4139-98EC-C5799B2D86F5,0.0997948870062828,0.1771329641342163,0.16991418600082397,0.5296300649642944,0.023527951911091805,3,3
TCGA-LL-A5YN-01A-01-TS1.232C3E59-9085-4003-BA8E-10D7A5BB4E6A,0.04143017530441284,0.08934050798416138,0.4342228174209595,0.17543742060661316,0.2595690190792084,2,2
TCGA-LL-A5YO-01A-02-TS2.5819C502-EEA4-4D98-B4EC-E184B374ECFB,0.13796092569828033,0.5994371771812439,0.03658965975046158,0.2153819501399994,0.010630324482917786,1,1
TCGA-LL-A5YP-01A-02-TS2.C03716AC-F6CE-4982-9C7B-75688D7C463D,0.2583800256252289,0.3354111313819885,0.04469223693013191,0.3343656361103058,0.02715102583169937,1,1
TCGA-LL-A6FP-01A-01-TS1.E618EA84-C425-4B27-BCCA-E1BE93873F0D,0.07299379259347916,0.11521998047828674,0.4771450459957123,0.30300313234329224,0.03163798525929451,2,2
TCGA-LL-A6FQ-01A-01-TS1.D2E1CF23-7EC9-4BDF-9C1A-4C3342EA23C4,0.09789448976516724,0.24510249495506287,0.15089617669582367,0.438029944896698,0.06807688623666763,3,3
TCGA-LL-A6FR-01A-01-TS1.D3973C8B-51A5-4729-8257-4A4BEAAF8B85,0.0638825073838234,0.42090436816215515,0.10347945243120193,0.36909759044647217,0.04263611510396004,1,1
TCGA-LL-A73Y-01A-01-TS1.367F9DD6-DA45-488A-B2CF-9252BCF50251,0.12838245928287506,0.33651623129844666,0.20723344385623932,0.22669531404972076,0.10117252171039581,1,1
TCGA-LL-A73Z-01A-01-TSA.5F018F2D-A50F-4670-B99A-9C691EF49FA1,0.055120378732681274,0.15219272673130035,0.23706285655498505,0.09028066694736481,0.4653434157371521,4,4
TCGA-LL-A740-01A-02-TSB.AA89991A-E10F-48FB-BC4F-F65F0F2B51FD,0.09212254732847214,0.22930213809013367,0.36248329281806946,0.17670460045337677,0.13938742876052856,2,2
TCGA-LL-A7SZ-01A-03-TS3.78056052-E9C1-4D16-9080-44FE17A91DFE,0.03713805601000786,0.07896249741315842,0.2702675759792328,0.11857497692108154,0.4950568675994873,4,4
TCGA-LL-A7T0-01A-03-TS3.07761D74-57D6-4859-AD0B-BD2F8C68D905,0.11182039231061935,0.2704995572566986,0.18717707693576813,0.3963209390640259,0.03418200835585594,3,3
TCGA-LL-A8F5-01A-01-TS1.B5357CA4-8C24-4F27-9054-06B801C3D8DF,0.5625940561294556,0.1994233876466751,0.017825055867433548,0.20428676903247833,0.01587076671421528,0,0
TCGA-LL-A9Q3-01A-01-TS1.14764858-8E95-4E6C-8D97-0DA3C8C5D925,0.1538994014263153,0.4061320126056671,0.1184111088514328,0.2459980696439743,0.07555936276912689,1,1
TCGA-LQ-A4E4-01A-01-TSA.5A2B4B62-4AD7-48F1-AF47-3CC66305AE3B,0.06499400734901428,0.1303580105304718,0.33346039056777954,0.16662684082984924,0.3045608103275299,2,2
TCGA-MS-A51U-01A-03-TSC.F21253C2-5C95-4070-8A96-7A0DEA9EF563,0.01638544723391533,0.04078708216547966,0.21459637582302094,0.06153544411063194,0.6666956543922424,4,4
TCGA-OK-A5Q2-01A-01-TS1.CD793FD1-91E9-4BEC-889E-5DCD966DC18B,0.05545397475361824,0.021754585206508636,0.40711331367492676,0.13244450092315674,0.3832336366176605,2,2
TCGA-OL-A5D6-01A-02-TSB.9E12E9C6-91FD-4CED-B469-37D7A88026D1,0.07089658826589584,0.5207498073577881,0.131559357047081,0.2064725160598755,0.07032167911529541,1,1
TCGA-OL-A5D7-01A-01-TS1.7E18BE03-E64D-4030-8352-5F90731999C6,0.39332520961761475,0.2213338166475296,0.03145978972315788,0.3402279317378998,0.013653225265443325,0,0
TCGA-OL-A5D8-01A-01-TSA.1E7DCF18-0783-4A4E-B82E-3712F9E78A3F,0.1310090720653534,0.46904662251472473,0.06739690154790878,0.3108542859554291,0.021693158894777298,1,1
TCGA-OL-A5DA-01A-01-TSA.CA041E3A-7E06-4872-B706-C7471CFFDA55,0.025624364614486694,0.018987605348229408,0.23842133581638336,0.039514295756816864,0.6774523854255676,4,4
TCGA-OL-A5RU-01A-01-TSA.EADD3E6A-8614-4BE9-B061-66E57EDD1781,0.10066979378461838,0.1123008206486702,0.34791064262390137,0.21951201558113098,0.21960672736167908,2,2
TCGA-OL-A5RV-01A-01-TSA.001D9539-9344-444C-BD29-85B5B0224201,0.055640362203121185,0.07592032849788666,0.4330274760723114,0.24033081531524658,0.19508102536201477,2,2
TCGA-OL-A5RW-01A-01-TS1.4A172D57-5F02-4680-8106-81459FC20B26,0.09997915476560593,0.1977386325597763,0.09274820238351822,0.5728747844696045,0.03665919601917267,3,3
TCGA-OL-A5RX-01A-01-TSA.A2D25C2C-D7C5-4D31-8663-3345DB03780A,0.039061058312654495,0.12885744869709015,0.3131221532821655,0.41421476006507874,0.10474453866481781,3,3
TCGA-OL-A5RY-01A-02-TSB.ECCBB7B0-DFC6-4068-9D45-07B1E0C9EF16,0.08140938729047775,0.3659144639968872,0.15091566741466522,0.29655444622039795,0.10520603507757187,1,1
TCGA-OL-A5RZ-01A-01-TSA.58A5566D-6342-4BCB-B22E-426DA68338A7,0.20243008434772491,0.3551071584224701,0.0506555512547493,0.3748471736907959,0.01696002297103405,3,3
TCGA-OL-A5S0-01A-01-TSA.3BA4D96B-18A7-4262-8D13-88C8D98B14A6,0.10273749381303787,0.21809951961040497,0.1801593154668808,0.2823718190193176,0.21663184463977814,3,3
TCGA-OL-A66H-01A-01-TS1.192101A6-CFBF-432F-935B-049CE2816476,0.13361142575740814,0.21055056154727936,0.27654901146888733,0.3255675733089447,0.05372141674160957,3,3
TCGA-OL-A66I-01A-02-TS2.E1A6C9D3-79DB-4585-9879-1AB340415E37,0.19877701997756958,0.31070899963378906,0.10241765528917313,0.34661516547203064,0.04148115590214729,3,3
TCGA-OL-A66J-01A-01-TSA.E4BF378D-1355-4CA2-B0A5-B6C2290EBFCE,0.0343172512948513,0.22200670838356018,0.37917402386665344,0.21718262135982513,0.14731939136981964,2,2
TCGA-OL-A66K-01A-01-TS1.B088994F-5660-4401-B5AD-A6C8493172BC,0.01778508350253105,0.05825605243444443,0.5010800957679749,0.06481966376304626,0.3580591082572937,2,2
TCGA-OL-A66L-01A-01-TSA.1A607901-B225-4E1B-B6F1-449FA90EE9B8,0.015905404463410378,0.03200163692235947,0.3521564304828644,0.04309423640370369,0.5568422675132751,4,4
TCGA-OL-A66N-01A-01-TS1.8F8FAEAF-59E9-499D-90AC-B8EA03D3252F,0.00940835289657116,0.0289504062384367,0.37001827359199524,0.03870442509651184,0.552918553352356,4,4
TCGA-OL-A66O-01A-01-TS1.33A92C45-789F-493B-8D67-26EFB0169A95,0.03160639852285385,0.1142001673579216,0.5014094114303589,0.27074289321899414,0.0820411667227745,2,2
TCGA-OL-A66P-01A-01-TS1.239F863A-670C-45FC-ACD9-B38395FC2383,0.09782405197620392,0.2398865967988968,0.20835904777050018,0.18533240258693695,0.26859793066978455,4,4
TCGA-OL-A6VO-01A-01-TSA.1654A5EF-A6C0-47C6-BD01-56A52F368F2A,0.5070202946662903,0.15580840408802032,0.029213042929768562,0.29487207531929016,0.01308627612888813,0,0
TCGA-OL-A6VQ-01A-01-TSA.0CD11145-841A-4FE3-BACB-C014D4782C9E,0.039446521550416946,0.13786254823207855,0.36508914828300476,0.2175838053226471,0.24001801013946533,2,2
TCGA-OL-A6VR-01A-03-TSC.4CD184CF-7F28-4878-AC5B-6F3E03ED660A,0.02236097678542137,0.035367436707019806,0.2899267375469208,0.11923272907733917,0.5331120491027832,4,4
TCGA-OL-A97C-01A-03-TSC.4E4F341F-99D6-4033-BA91-48954441006C,0.1878950297832489,0.29421451687812805,0.1264350563287735,0.2175879031419754,0.17386749386787415,1,1
TCGA-PE-A5DC-01A-01-TS1.025C5684-F580-4622-877A-B7E9EC383E0F,0.026517676189541817,0.04513939097523689,0.253368616104126,0.174306258559227,0.5006680488586426,4,4
TCGA-PE-A5DD-01A-01-TSA.B71D5B6B-7526-4C1F-B656-2F5A8B8F3086,0.026271024718880653,0.05755414441227913,0.2905369699001312,0.09843271225690842,0.5272051095962524,4,4
TCGA-PE-A5DE-01A-01-TS1.D7DDDA9C-3BC4-4311-AB13-C6E7F51EC8E9,0.03430263325572014,0.05114438012242317,0.22634369134902954,0.056312255561351776,0.6318970322608948,4,4
TCGA-PL-A8LV-01A-01-DX1.88F3D934-96C2-4652-9450-90F2E302FF6D,0.010690250433981419,0.023848114535212517,0.1941956728696823,0.025074385106563568,0.7461915612220764,4,4
TCGA-PL-A8LV-01A-02-DX2.346FF42B-2363-4B37-8884-12D5F841842C,0.1487812101840973,0.26618650555610657,0.17099228501319885,0.20068097114562988,0.21335898339748383,1,1
TCGA-PL-A8LX-01A-01-DX1.9646D69F-A764-4246-9243-67A63006DE96,0.2380925863981247,0.27835968136787415,0.0811891034245491,0.36177119612693787,0.040587473660707474,3,3
TCGA-PL-A8LX-01A-02-DX2.84DA8B75-1196-4704-B6B2-C5E7BF645E95,0.15599828958511353,0.24235156178474426,0.12462107092142105,0.3803020417690277,0.09672702848911285,3,3
TCGA-PL-A8LY-01A-01-DX1.32047D5E-8A42-480A-B2B8-A56B47B949FD,0.016378894448280334,0.04002590849995613,0.25991135835647583,0.05077328905463219,0.6329105496406555,4,4
TCGA-PL-A8LY-01A-02-DX2.6F9520F1-3210-4A96-81C2-A14424F650D1,0.05426708608865738,0.08716901391744614,0.2612859606742859,0.09522630274295807,0.5020516514778137,4,4
TCGA-PL-A8LZ-01A-01-DX1.B9F233EE-06DD-4C14-A392-D2937C7C0868,0.3128938376903534,0.1357981413602829,0.07188963890075684,0.23179541528224945,0.247623011469841,0,0
TCGA-PL-A8LZ-01A-02-DX2.E2697718-12E1-4D7C-9ED8-0A71C6D855B8,0.26705116033554077,0.1258699595928192,0.05812545120716095,0.3882012665271759,0.16075216233730316,3,3
TCGA-PL-A8LZ-01A-03-DX3.E5D16DBF-CABD-4C96-A794-5F27BC305055,0.19725528359413147,0.3566732704639435,0.0891353115439415,0.2776796817779541,0.07925641536712646,1,1
TCGA-S3-A6ZF-01A-03-TS3.2DE8CF7F-0109-42C3-8C05-4D708BBE19F6,0.06596684455871582,0.15239083766937256,0.3075062036514282,0.3499361276626587,0.12420003861188889,3,3
TCGA-S3-A6ZG-01A-02-TS2.D4625D56-1C91-4CE7-9710-F6FE67C2DF37,0.030265197157859802,0.12172392010688782,0.4359721541404724,0.19149324297904968,0.22054556012153625,2,2
TCGA-S3-A6ZH-01A-02-TS2.DCF28540-6410-41AD-8345-1061DF1956FF,0.06911253184080124,0.18012459576129913,0.3151426911354065,0.3604455888271332,0.07517461478710175,3,3
TCGA-S3-AA0Z-01A-01-TS1.4DDD6F71-DF24-4B70-A863-9A1163321BBC,0.35188448429107666,0.16948306560516357,0.0503954142332077,0.41636449098587036,0.011872579343616962,3,3
TCGA-S3-AA10-01A-02-TS2.84A28F62-0621-44F8-88A1-E224FC17D6BB,0.23033185303211212,0.1461091786623001,0.02297109179198742,0.5891616344451904,0.011426277458667755,3,3
TCGA-S3-AA11-01A-03-TS3.8C92F642-024A-482C-A5D0-A49910FE31C6,0.050654202699661255,0.11886215955018997,0.47536879777908325,0.17677736282348633,0.17833752930164337,2,2
TCGA-S3-AA12-01A-01-TS1.6A103732-2660-4950-AF2A-D56E107B02D3,0.2151740938425064,0.08470430225133896,0.026972241699695587,0.6653540730476379,0.0077952854335308075,3,3
TCGA-S3-AA14-01A-01-TS1.8A693383-EEAF-4F83-9FA1-8F59AB8B619B,0.06249309703707695,0.26524797081947327,0.24542026221752167,0.3709021508693695,0.05593649670481682,3,3
TCGA-S3-AA15-01A-01-TS1.395D6B62-E484-472A-9283-DA4CD6CB4E79,0.05591320991516113,0.1671960949897766,0.2894035279750824,0.22342577576637268,0.26406142115592957,2,2
TCGA-S3-AA17-01A-01-TS1.E8CCA5B9-9FB4-4A1B-AE41-8745D4FAFD8B,0.16519229114055634,0.18806269764900208,0.21834969520568848,0.3756833076477051,0.05271199345588684,3,3
TCGA-UL-AAZ6-01A-01-TSA.9B3C23C9-6286-48A3-B084-78E7A7CCE9E1,0.08349466323852539,0.29421356320381165,0.15637941658496857,0.4332733154296875,0.032638996839523315,3,3
TCGA-UU-A93S-01A-02-TSB.B831443D-9BE6-43E0-941D-3881CBC80A78,0.09793204814195633,0.3302464187145233,0.18674461543560028,0.30361148715019226,0.08146543055772781,1,1
TCGA-V7-A7HQ-01A-01-TS1.C4700F73-F50C-4E8C-8C2E-909A914A9413,0.07017247378826141,0.2748812437057495,0.23972119390964508,0.2773137092590332,0.1379113644361496,3,3
TCGA-W8-A86G-01A-02-TS2.9B16125F-3F55-4059-98AB-AC9F91DD1FC7,0.03760387375950813,0.13940830528736115,0.283804327249527,0.09843624383211136,0.4407472312450409,4,4
TCGA-WT-AB41-01A-01-TSA.5F428890-8827-4EC6-A2F4-666075E1C6B7,0.07463531941175461,0.31881844997406006,0.21661093831062317,0.28632479906082153,0.10361050069332123,1,1
TCGA-WT-AB44-01A-01-TS1.B6C0EEDB-E5B9-4B0D-8599-23879A0419EB,0.05108795687556267,0.09310224652290344,0.46017786860466003,0.25676265358924866,0.1388692557811737,2,2
TCGA-XX-A899-01A-01-TS1.2DDFDCB0-BA90-4AFD-BF9A-A7B956B581FE,0.014837053604424,0.041393548250198364,0.3927343189716339,0.057156771421432495,0.4938783049583435,4,4
TCGA-XX-A89A-01A-01-TS1.AC9C9633-E894-4F0B-B4D5-A9C701A20414,0.0246045533567667,0.06692599505186081,0.3475937247276306,0.07357728481292725,0.48729845881462097,4,4
TCGA-Z7-A8R5-01A-04-TSD.501DD6C7-E797-4D69-B315-FBFFEC297120,0.03697658330202103,0.11237800121307373,0.43970245122909546,0.10440335422754288,0.30653953552246094,2,2
TCGA-Z7-A8R6-01A-01-TSA.EED1E5D4-7C9A-45C8-9F11-13F71190A1B1,0.0652550533413887,0.20811189711093903,0.2826859652996063,0.3080331087112427,0.13591399788856506,3,3
